problem_id,rating,tags
2172_N,2800.0,"['constructive algorithms', 'graphs', 'implementation']"
2172_M,1300.0,"['graphs', 'shortest paths']"
2172_L,2300.0,"['dp', 'implementation']"
2172_K,2100.0,"['implementation', 'strings']"
2172_J,2300.0,"['data structures', 'divide and conquer', 'dsu']"
2172_I,2000.0,['geometry']
2172_H,2500.0,"['hashing', 'string suffix structures', 'strings']"
2172_G,3300.0,[]
2172_F,1600.0,"['graphs', 'greedy', 'math']"
2172_E,1200.0,['implementation']
2172_D,3100.0,"['combinatorics', 'dp']"
2172_C,3100.0,"['binary search', 'greedy']"
2172_B,1800.0,"['greedy', 'sortings']"
2172_A,800.0,['implementation']
2171_H,2400.0,"['binary search', 'data structures', 'dp', 'sortings']"
2171_G,2000.0,"['bitmasks', 'combinatorics', 'greedy', 'math']"
2171_F,1600.0,"['binary search', 'constructive algorithms', 'data structures', 'dp', 'dsu', 'greedy', 'implementation', 'trees']"
2171_E,2000.0,"['constructive algorithms', 'greedy', 'number theory']"
2171_D,1400.0,"['binary search', 'data structures', 'dp', 'dsu', 'greedy', 'implementation', 'trees']"
2171_C2,1400.0,"['bitmasks', 'games', 'greedy']"
2171_C1,1100.0,"['bitmasks', 'games', 'greedy']"
2171_B,900.0,['math']
2171_A,800.0,"['brute force', 'math']"
2169_F,2700.0,"['combinatorics', 'dp', 'fft', 'math']"
2169_E,2400.0,"['dp', 'greedy']"
2169_D2,2100.0,"['binary search', 'divide and conquer', 'greedy', 'implementation', 'math', 'number theory']"
2169_D1,1500.0,"['binary search', 'implementation', 'math', 'number theory']"
2169_C,1300.0,"['dp', 'greedy', 'math', 'two pointers']"
2169_B,1100.0,"['greedy', 'implementation']"
2169_A,900.0,"['greedy', 'implementation']"
2167_G,1600.0,"['data structures', 'dp']"
2167_F,1600.0,"['dfs and similar', 'dp', 'math', 'trees']"
2167_E,1600.0,"['binary search', 'data structures', 'geometry', 'greedy', 'implementation']"
2167_D,1000.0,"['brute force', 'implementation', 'math', 'number theory']"
2167_C,800.0,"['constructive algorithms', 'greedy', 'implementation', 'sortings']"
2167_B,800.0,"['sortings', 'strings']"
2167_A,800.0,"['math', 'sortings']"
2166_B,900.0,['math']
2166_A,800.0,"['brute force', 'greedy', 'strings']"
2165_F,3500.0,"['data structures', 'greedy']"
2165_E,3200.0,"['constructive algorithms', 'dp', 'greedy', 'trees']"
2165_D,2500.0,"['graph matchings', 'greedy']"
2165_C,2000.0,"['bitmasks', 'greedy', 'math']"
2165_B,1900.0,"['dp', 'math', 'sortings']"
2165_A,1300.0,"['constructive algorithms', 'greedy']"
2164_H,3400.0,"['data structures', 'strings']"
2164_G,3300.0,"['constructive algorithms', 'graphs', 'interactive', 'trees']"
2164_F2,2900.0,"['binary search', 'combinatorics', 'data structures', 'dfs and similar', 'dp', 'graphs', 'math', 'trees']"
2164_F1,2600.0,"['combinatorics', 'dfs and similar', 'dp', 'math', 'trees']"
2164_E,2300.0,"['data structures', 'dfs and similar', 'dsu', 'graphs', 'greedy']"
2164_D,1800.0,"['greedy', 'implementation', 'strings', 'two pointers']"
2164_C,1400.0,"['binary search', 'brute force', 'data structures', 'greedy', 'sortings']"
2164_B,1000.0,"['brute force', 'math', 'number theory']"
2164_A,800.0,"['brute force', 'sortings']"
2163_E,2700.0,"['bitmasks', 'combinatorics', 'interactive']"
2163_D2,2500.0,"['binary search', 'interactive', 'math', 'sortings']"
2163_D1,2100.0,"['binary search', 'brute force', 'divide and conquer', 'implementation', 'interactive']"
2163_C,1500.0,"['brute force', 'combinatorics', 'dp', 'math', 'two pointers']"
2163_B,1700.0,"['constructive algorithms', 'greedy', 'implementation', 'math']"
2163_A,800.0,"['brute force', 'greedy', 'math', 'sortings']"
2162_H,2900.0,['dp']
2162_G,2200.0,"['constructive algorithms', 'math', 'probabilities', 'trees']"
2162_F,2100.0,"['constructive algorithms', 'greedy']"
2162_E,1600.0,"['constructive algorithms', 'greedy', 'schedules']"
2162_D,1400.0,"['binary search', 'interactive']"
2162_C,1100.0,"['bitmasks', 'constructive algorithms', 'greedy']"
2162_B,1000.0,"['brute force', 'constructive algorithms']"
2162_A,800.0,"['brute force', 'greedy']"
2161_H,3500.0,['data structures']
2161_G,3500.0,"['bitmasks', 'greedy']"
2161_F,3000.0,"['combinatorics', 'graphs', 'trees']"
2161_E,2400.0,"['combinatorics', 'implementation', 'math']"
2161_D,2100.0,"['binary search', 'data structures', 'dp', 'greedy']"
2161_C,1200.0,"['constructive algorithms', 'greedy', 'sortings', 'two pointers']"
2161_B,1700.0,"['brute force', 'implementation']"
2161_A,800.0,"['games', 'greedy', 'implementation', 'math']"
2160_C,1300.0,['bitmasks']
2160_B,1100.0,"['greedy', 'math']"
2160_A,800.0,['math']
2159_F,3500.0,"['binary search', 'interactive', 'ternary search']"
2159_E,3500.0,"['math', 'meet-in-the-middle']"
2159_D2,3200.0,"['dp', 'greedy', 'math']"
2159_D1,2500.0,"['binary search', 'brute force', 'dp', 'geometry', 'greedy', 'math', 'two pointers']"
2159_C,2300.0,"['combinatorics', 'graph matchings', 'math']"
2159_B,2100.0,"['brute force', 'data structures', 'dp', 'dsu', 'greedy', 'implementation', 'two pointers']"
2159_A,1700.0,"['constructive algorithms', 'implementation', 'interactive']"
2157_I,3500.0,"['dp', 'dp', 'games']"
2157_H,3200.0,"['brute force', 'combinatorics', 'constructive algorithms', 'dfs and similar', 'math']"
2157_G,2800.0,"['bitmasks', 'brute force', 'constructive algorithms', 'dfs and similar', 'divide and conquer', 'dp', 'greedy', 'interactive', 'math', 'probabilities']"
2157_F,2400.0,"['brute force', 'constructive algorithms', 'divide and conquer', 'math', 'ternary search']"
2157_E,1900.0,"['binary search', 'brute force', 'data structures', 'dp', 'dsu', 'greedy', 'implementation', 'sortings']"
2157_D,1600.0,"['binary search', 'greedy', 'math', 'sortings', 'ternary search', 'two pointers']"
2157_C,1400.0,"['constructive algorithms', 'greedy', 'implementation', 'math']"
2157_B,900.0,"['implementation', 'math']"
2157_A,800.0,"['greedy', 'implementation', 'sortings']"
2156_F2,3000.0,"['data structures', 'greedy', 'trees']"
2156_F1,2200.0,"['brute force', 'data structures', 'greedy', 'implementation', 'sortings']"
2156_E,2500.0,"['binary search', 'brute force', 'data structures', 'dp', 'games', 'graphs', 'greedy']"
2156_D,1900.0,"['binary search', 'bitmasks', 'constructive algorithms', 'interactive']"
2156_C,1400.0,"['greedy', 'math', 'number theory']"
2156_B,1000.0,"['binary search', 'brute force', 'greedy', 'implementation']"
2156_A,800.0,"['brute force', 'constructive algorithms', 'greedy']"
2155_F,2800.0,"['data structures', 'dfs and similar', 'dfs and similar', 'dsu', 'graphs', 'graphs', 'meet-in-the-middle', 'trees']"
2155_E,2200.0,"['games', 'greedy', 'math']"
2155_D,1800.0,"['brute force', 'constructive algorithms', 'graph matchings', 'graphs', 'interactive', 'math']"
2155_C,1500.0,"['brute force', 'greedy', 'implementation']"
2155_B,1100.0,"['constructive algorithms', 'graphs']"
2155_A,800.0,"['implementation', 'math']"
2154_F2,3300.0,"['combinatorics', 'dp']"
2154_F1,2700.0,"['brute force', 'combinatorics', 'constructive algorithms', 'implementation', 'math']"
2154_E,2500.0,"['binary search', 'divide and conquer', 'greedy', 'sortings', 'ternary search', 'two pointers']"
2154_D,1900.0,"['constructive algorithms', 'dfs and similar', 'graphs', 'trees', 'two pointers']"
2154_C2,2000.0,"['greedy', 'math', 'number theory']"
2154_C1,1400.0,"['greedy', 'implementation', 'math', 'number theory']"
2154_B,1000.0,"['constructive algorithms', 'greedy']"
2154_A,800.0,"['greedy', 'two pointers']"
2153_F,2900.0,"['bitmasks', 'brute force', 'data structures', 'implementation', 'trees']"
2153_E,2400.0,"['brute force', 'math', 'number theory']"
2153_D,1800.0,"['dp', 'greedy']"
2153_C,1500.0,"['constructive algorithms', 'geometry', 'greedy', 'implementation', 'sortings']"
2153_B,800.0,"['bitmasks', 'greedy']"
2153_A,800.0,"['greedy', 'sortings']"
2152_H2,3500.0,"['data structures', 'greedy', 'schedules']"
2152_H1,2900.0,"['dfs and similar', 'dp', 'greedy']"
2152_G,2900.0,"['data structures', 'implementation', 'math', 'matrices', 'trees']"
2152_F,2500.0,"['data structures', 'greedy']"
2152_E,2100.0,"['constructive algorithms', 'graphs', 'greedy', 'interactive', 'math']"
2152_D,1700.0,"['games', 'greedy', 'math']"
2152_C,1400.0,"['data structures', 'greedy', 'math']"
2152_B,1300.0,['games']
2152_A,800.0,"['greedy', 'implementation']"
2151_C,1400.0,"['greedy', 'implementation', 'math']"
2151_A,800.0,"['math', 'strings']"
2150_G,3500.0,"['combinatorics', 'implementation']"
2150_F,3000.0,"['constructive algorithms', 'graphs', 'implementation', 'shortest paths', 'trees']"
2150_E2,2800.0,"['binary search', 'divide and conquer', 'interactive', 'math', 'probabilities']"
2150_E1,2600.0,"['divide and conquer', 'interactive', 'math', 'probabilities', 'sortings']"
2150_D,2700.0,"['combinatorics', 'dp', 'math']"
2150_C,2100.0,"['data structures', 'dp']"
2150_B,1700.0,"['combinatorics', 'implementation', 'math']"
2150_A,1300.0,"['data structures', 'hashing', 'implementation']"
2149_G,2100.0,"['binary search', 'brute force', 'data structures', 'divide and conquer', 'probabilities']"
2149_F,1900.0,"['binary search', 'math', 'ternary search']"
2149_E,1500.0,"['data structures', 'two pointers']"
2149_D,1200.0,['strings']
2149_C,900.0,['greedy']
2149_B,800.0,"['greedy', 'sortings']"
2149_A,800.0,['math']
2148_G,1900.0,"['binary search', 'data structures', 'math', 'number theory']"
2148_F,1800.0,"['greedy', 'implementation', 'sortings']"
2148_E,1200.0,"['binary search', 'data structures', 'two pointers']"
2148_D,1000.0,"['constructive algorithms', 'greedy', 'sortings']"
2148_C,900.0,"['greedy', 'math']"
2148_B,800.0,['geometry']
2148_A,800.0,"['brute force', 'hashing', 'math']"
2147_I2,3500.0,"['constructive algorithms', 'math']"
2147_I1,3300.0,"['constructive algorithms', 'math']"
2147_H,3500.0,"['constructive algorithms', 'flows', 'graphs']"
2147_G,3100.0,"['combinatorics', 'math', 'number theory']"
2147_F,2800.0,"['combinatorics', 'data structures', 'greedy']"
2147_E,2300.0,"['binary search', 'bitmasks', 'brute force', 'data structures', 'greedy']"
2147_D,1700.0,"['games', 'greedy']"
2147_C,1500.0,"['constructive algorithms', 'dp', 'greedy', 'implementation']"
2147_B,1000.0,['constructive algorithms']
2147_A,800.0,"['constructive algorithms', 'greedy']"
2146_F,2900.0,"['brute force', 'combinatorics', 'dp']"
2146_E,2300.0,"['brute force', 'constructive algorithms', 'data structures', 'divide and conquer', 'greedy', 'hashing']"
2146_D2,2000.0,"['bitmasks', 'constructive algorithms', 'divide and conquer', 'greedy']"
2146_D1,1500.0,"['bitmasks', 'constructive algorithms', 'divide and conquer', 'greedy', 'trees']"
2146_C,1300.0,"['binary search', 'constructive algorithms']"
2146_B,1100.0,"['greedy', 'implementation']"
2146_A,800.0,"['brute force', 'greedy', 'implementation']"
2145_G,2900.0,"['combinatorics', 'divide and conquer', 'dp', 'fft', 'math']"
2145_F,2500.0,"['dfs and similar', 'divide and conquer', 'dp', 'graphs', 'greedy', 'math', 'matrices', 'number theory']"
2145_E,2100.0,"['binary search', 'data structures', 'greedy', 'sortings']"
2145_D,1800.0,"['constructive algorithms', 'dfs and similar', 'dp']"
2145_C,1300.0,"['binary search', 'greedy', 'strings']"
2145_B,1000.0,"['greedy', 'implementation']"
2145_A,800.0,['math']
2144_F,2700.0,"['brute force', 'constructive algorithms', 'dp', 'string suffix structures', 'strings']"
2144_E2,2500.0,"['combinatorics', 'data structures', 'dp']"
2144_E1,2200.0,"['combinatorics', 'dp']"
2144_D,1800.0,"['brute force', 'dp', 'math']"
2144_C,1300.0,"['combinatorics', 'dp', 'math']"
2144_B,1000.0,"['constructive algorithms', 'greedy']"
2144_A,800.0,"['brute force', 'constructive algorithms', 'math', 'number theory']"
2143_F,2700.0,"['bitmasks', 'data structures', 'math']"
2143_E,2400.0,"['constructive algorithms', 'greedy', 'math', 'strings']"
2143_D2,2200.0,"['binary search', 'combinatorics', 'data structures', 'dp', 'two pointers']"
2143_D1,1800.0,"['combinatorics', 'data structures', 'dp', 'greedy', 'two pointers']"
2143_C,1300.0,"['constructive algorithms', 'dfs and similar', 'graphs', 'greedy']"
2143_B,1000.0,"['greedy', 'sortings', 'two pointers']"
2143_A,800.0,"['brute force', 'two pointers']"
2141_I,3500.0,['*special']
2141_H,2700.0,"['*special', 'dfs and similar', 'dsu', 'graphs']"
2141_G,2800.0,"['*special', 'data structures', 'geometry', 'sortings']"
2141_F,2200.0,"['*special', 'greedy']"
2141_E,2100.0,"['*special', 'dp', 'greedy']"
2141_D,1800.0,"['*special', 'greedy', 'math']"
2141_C,1800.0,"['*special', 'brute force']"
2141_B,1200.0,"['*special', 'greedy']"
2141_A,800.0,"['*special', 'implementation']"
2140_F,2900.0,['number theory']
2140_E2,2500.0,"['bitmasks', 'combinatorics', 'dp', 'probabilities']"
2140_E1,2200.0,"['bitmasks', 'combinatorics', 'dp']"
2140_D,2000.0,"['data structures', 'greedy', 'sortings']"
2140_C,1500.0,"['data structures', 'games', 'greedy']"
2140_B,900.0,"['constructive algorithms', 'math', 'number theory']"
2140_A,800.0,"['greedy', 'sortings']"
2139_B,800.0,['greedy']
2139_A,800.0,"['greedy', 'math']"
2138_F,3500.0,"['constructive algorithms', 'geometry']"
2138_E2,3100.0,"['brute force', 'constructive algorithms', 'math', 'matrices', 'number theory']"
2138_E1,3100.0,"['brute force', 'constructive algorithms', 'math', 'matrices', 'number theory']"
2138_D,2600.0,"['brute force', 'combinatorics', 'implementation', 'math', 'sortings']"
2138_C2,2000.0,"['bitmasks', 'brute force', 'dfs and similar', 'dp', 'fft', 'trees']"
2138_C1,1800.0,"['brute force', 'dfs and similar', 'dp', 'graphs', 'trees']"
2138_B,1900.0,"['data structures', 'greedy', 'two pointers']"
2138_A,1100.0,"['bitmasks', 'constructive algorithms', 'greedy']"
2137_G,2200.0,"['dfs and similar', 'dp', 'games', 'graphs']"
2137_F,1900.0,"['binary search', 'combinatorics', 'data structures', 'sortings']"
2137_E,1500.0,"['brute force', 'implementation', 'math']"
2137_D,1200.0,['constructive algorithms']
2137_C,1100.0,"['brute force', 'greedy', 'implementation', 'math']"
2137_B,900.0,"['constructive algorithms', 'math', 'number theory']"
2137_A,800.0,"['constructive algorithms', 'math']"
2136_B,900.0,"['constructive algorithms', 'greedy', 'two pointers']"
2136_A,800.0,"['greedy', 'math']"
2135_F,3500.0,"['data structures', 'hashing', 'math', 'trees']"
2135_E2,3500.0,"['combinatorics', 'dp', 'math', 'number theory']"
2135_E1,3300.0,"['combinatorics', 'dp', 'math']"
2135_D2,2500.0,"['brute force', 'constructive algorithms', 'interactive', 'math']"
2135_D1,2100.0,"['constructive algorithms', 'interactive', 'math']"
2135_C,2000.0,"['binary search', 'bitmasks', 'combinatorics', 'dfs and similar', 'dsu', 'graphs', 'math']"
2135_B,1700.0,"['constructive algorithms', 'interactive', 'math']"
2135_A,1200.0,"['data structures', 'dp']"
2134_F,2900.0,"['combinatorics', 'dp', 'math']"
2134_E,2300.0,"['constructive algorithms', 'dp', 'implementation', 'interactive']"
2134_D,2300.0,"['constructive algorithms', 'dfs and similar', 'greedy', 'implementation', 'trees']"
2134_C,1200.0,"['brute force', 'greedy', 'implementation']"
2134_B,1200.0,"['constructive algorithms', 'math', 'number theory']"
2134_A,800.0,"['constructive algorithms', 'implementation', 'math']"
2133_F,3000.0,"['data structures', 'dp', 'graphs']"
2133_E,2500.0,"['constructive algorithms', 'dfs and similar', 'dp', 'greedy', 'trees']"
2133_D,1900.0,"['dp', 'greedy']"
2133_C,1400.0,"['graphs', 'interactive']"
2133_B,800.0,['greedy']
2133_A,800.0,"['brute force', 'data structures', 'implementation', 'math']"
2132_G,2600.0,"['hashing', 'implementation', 'strings']"
2132_F,2100.0,"['dfs and similar', 'graphs', 'shortest paths']"
2132_E,1700.0,"['binary search', 'data structures', 'greedy', 'sortings', 'ternary search']"
2132_D,1600.0,"['binary search', 'dp', 'implementation', 'math']"
2132_C2,1400.0,"['binary search', 'greedy', 'math']"
2132_C1,1000.0,"['greedy', 'math']"
2132_B,900.0,['math']
2132_A,800.0,"['brute force', 'implementation', 'strings']"
2131_H,2600.0,"['brute force', 'constructive algorithms', 'graphs', 'greedy', 'math', 'number theory']"
2131_G,2000.0,"['bitmasks', 'brute force', 'data structures', 'dfs and similar', 'dp', 'math']"
2131_F,1900.0,"['binary search', 'data structures', 'greedy', 'greedy', 'math', 'sortings', 'two pointers']"
2131_E,1400.0,"['brute force', 'greedy']"
2131_D,1400.0,"['data structures', 'graphs', 'greedy', 'trees']"
2131_C,1100.0,"['math', 'number theory']"
2131_B,800.0,"['constructive algorithms', 'greedy', 'math']"
2131_A,800.0,['math']
2130_B,1100.0,['constructive algorithms']
2130_A,800.0,"['greedy', 'math']"
2129_F2,3500.0,"['interactive', 'interactive']"
2129_F1,3500.0,['interactive']
2129_E,3000.0,"['data structures', 'graphs', 'sortings']"
2129_D,2600.0,"['brute force', 'combinatorics', 'dp', 'implementation', 'math']"
2129_C3,2300.0,"['binary search', 'bitmasks', 'constructive algorithms', 'dp', 'interactive']"
2129_C2,2000.0,"['binary search', 'bitmasks', 'constructive algorithms', 'interactive']"
2129_C1,1900.0,"['binary search', 'bitmasks', 'constructive algorithms', 'interactive']"
2129_B,1600.0,"['brute force', 'data structures', 'dp', 'greedy', 'sortings']"
2129_A,1300.0,"['constructive algorithms', 'dp', 'dsu', 'graphs', 'greedy', 'sortings']"
2128_F,3200.0,"['graphs', 'greedy', 'shortest paths']"
2128_E2,2600.0,"['binary search', 'constructive algorithms', 'data structures', 'math', 'two pointers']"
2128_E1,1900.0,"['binary search', 'data structures', 'dp', 'greedy', 'math']"
2128_D,1600.0,"['brute force', 'combinatorics', 'dp', 'greedy', 'math']"
2128_C,1200.0,"['greedy', 'math']"
2128_B,1100.0,"['constructive algorithms', 'greedy', 'sortings', 'two pointers']"
2128_A,800.0,"['greedy', 'sortings']"
2127_H,3100.0,"['brute force', 'dfs and similar', 'dp', 'flows', 'graph matchings', 'graphs', 'greedy', 'implementation', 'probabilities', 'trees']"
2127_G2,3500.0,"['binary search', 'bitmasks', 'constructive algorithms', 'graphs', 'implementation', 'interactive', 'math', 'probabilities']"
2127_G1,3400.0,"['binary search', 'constructive algorithms', 'interactive', 'probabilities']"
2127_F,2800.0,"['brute force', 'combinatorics', 'dp', 'math', 'probabilities']"
2127_E,2100.0,"['constructive algorithms', 'data structures', 'dfs and similar', 'dsu', 'greedy', 'trees']"
2127_D,1800.0,"['combinatorics', 'dfs and similar', 'graphs', 'trees']"
2127_C,1400.0,"['games', 'greedy', 'sortings']"
2127_B,1300.0,"['games', 'greedy']"
2127_A,800.0,"['constructive algorithms', 'greedy', 'math']"
2126_G2,2400.0,"['binary search', 'data structures', 'divide and conquer', 'dsu', 'trees', 'two pointers']"
2126_G1,2200.0,"['binary search', 'data structures', 'dp', 'dsu', 'two pointers']"
2126_F,2000.0,"['brute force', 'data structures', 'dfs and similar', 'graphs', 'implementation', 'trees']"
2126_E,1400.0,"['math', 'number theory']"
2126_D,1200.0,"['data structures', 'greedy', 'sortings']"
2126_C,1100.0,"['greedy', 'sortings']"
2126_B,800.0,"['dp', 'greedy']"
2126_A,800.0,"['brute force', 'implementation', 'math']"
2125_F,3000.0,"['binary search', 'divide and conquer', 'dp']"
2125_E,2500.0,"['brute force', 'combinatorics', 'dp', 'math', 'two pointers']"
2125_D,1600.0,"['dp', 'math', 'probabilities']"
2125_C,1100.0,"['bitmasks', 'combinatorics', 'math', 'number theory']"
2125_B,900.0,"['math', 'number theory']"
2125_A,800.0,"['constructive algorithms', 'implementation', 'sortings', 'strings']"
2124_I,3500.0,"['constructive algorithms', 'math', 'trees']"
2124_H,3400.0,"['dp', 'math', 'trees']"
2124_G,3200.0,"['binary search', 'data structures']"
2124_F2,2800.0,"['combinatorics', 'dp']"
2124_F1,2300.0,"['combinatorics', 'dp']"
2124_E,2100.0,"['constructive algorithms', 'greedy', 'math']"
2124_D,1700.0,"['greedy', 'sortings', 'two pointers']"
2124_C,1300.0,"['constructive algorithms', 'greedy', 'math', 'number theory']"
2124_B,1000.0,['greedy']
2124_A,800.0,"['greedy', 'sortings']"
2123_G,2100.0,"['brute force', 'data structures', 'greedy', 'math', 'number theory', 'sortings']"
2123_F,1700.0,"['constructive algorithms', 'number theory']"
2123_E,1400.0,"['binary search', 'data structures', 'greedy', 'sortings', 'two pointers']"
2123_D,1200.0,"['constructive algorithms', 'games', 'greedy']"
2123_C,1000.0,"['brute force', 'data structures']"
2123_B,800.0,['greedy']
2123_A,800.0,['math']
2122_G,3300.0,"['combinatorics', 'fft', 'math', 'trees']"
2122_F,3400.0,"['constructive algorithms', 'divide and conquer', 'geometry']"
2122_E,2600.0,"['combinatorics', 'dp', 'greedy', 'math']"
2122_D,2400.0,"['brute force', 'data structures', 'divide and conquer', 'dp', 'graphs', 'greedy', 'shortest paths']"
2122_C,1700.0,"['constructive algorithms', 'geometry', 'greedy', 'math', 'sortings']"
2122_B,1100.0,"['greedy', 'math']"
2122_A,800.0,"['constructive algorithms', 'greedy']"
2121_H,2300.0,"['binary search', 'brute force', 'data structures', 'dp', 'implementation', 'sortings']"
2121_G,1900.0,"['data structures', 'divide and conquer', 'math', 'sortings']"
2121_F,1800.0,"['binary search', 'brute force', 'data structures', 'greedy', 'two pointers']"
2121_E,1500.0,"['dp', 'greedy', 'implementation', 'strings']"
2121_D,1300.0,"['implementation', 'sortings']"
2121_C,1200.0,"['greedy', 'greedy', 'implementation']"
2121_B,800.0,"['constructive algorithms', 'greedy', 'strings']"
2121_A,800.0,"['brute force', 'math']"
2120_G,3000.0,"['graphs', 'greedy', 'math']"
2120_F,2600.0,"['2-sat', 'graphs']"
2120_E,2300.0,"['binary search', 'dp', 'ternary search']"
2120_D,1800.0,"['combinatorics', 'math']"
2120_C,1400.0,"['constructive algorithms', 'greedy', 'math', 'sortings', 'trees']"
2120_B,1000.0,['geometry']
2120_A,800.0,"['geometry', 'math']"
2119_F,3300.0,"['dfs and similar', 'dp', 'greedy', 'shortest paths', 'trees']"
2119_E,2600.0,"['bitmasks', 'dp', 'greedy']"
2119_D,2100.0,"['combinatorics', 'dp', 'math']"
2119_C,1300.0,"['bitmasks', 'constructive algorithms', 'math']"
2119_B,1200.0,"['geometry', 'greedy', 'math']"
2119_A,800.0,"['bitmasks', 'greedy', 'math']"
2118_F,3100.0,"['data structures', 'graphs', 'hashing', 'trees']"
2118_E,2400.0,"['constructive algorithms', 'geometry', 'greedy', 'math']"
2118_D2,2200.0,"['binary search', 'brute force', 'data structures', 'dfs and similar', 'dp', 'graphs', 'implementation', 'math', 'number theory']"
2118_D1,1700.0,"['brute force', 'dfs and similar', 'dp', 'graphs', 'implementation', 'number theory']"
2118_C,1300.0,"['bitmasks', 'data structures', 'greedy', 'math']"
2118_B,1200.0,['constructive algorithms']
2118_A,800.0,"['constructive algorithms', 'greedy']"
2117_H,2500.0,"['data structures', 'divide and conquer', 'sortings']"
2117_G,1900.0,"['brute force', 'dsu', 'graphs', 'greedy', 'shortest paths', 'sortings']"
2117_F,1800.0,"['combinatorics', 'dfs and similar', 'trees']"
2117_E,1600.0,"['brute force', 'greedy']"
2117_D,1200.0,"['binary search', 'math', 'number theory']"
2117_C,1200.0,"['data structures', 'greedy']"
2117_B,800.0,['constructive algorithms']
2117_A,800.0,"['greedy', 'implementation']"
2116_B,1300.0,"['greedy', 'math', 'sortings']"
2116_A,800.0,"['games', 'greedy']"
2115_F2,3500.0,['data structures']
2115_F1,3500.0,['data structures']
2115_E,3500.0,"['dp', 'graphs']"
2115_D,2900.0,"['bitmasks', 'dp', 'games', 'greedy', 'math']"
2115_C,2700.0,"['combinatorics', 'dp', 'greedy', 'math', 'probabilities']"
2115_B,2100.0,"['brute force', 'constructive algorithms', 'dfs and similar', 'dp', 'graphs', 'greedy', 'trees']"
2115_A,1500.0,"['constructive algorithms', 'dp', 'math', 'number theory']"
2114_G,2200.0,"['brute force', 'constructive algorithms', 'dp', 'greedy', 'math', 'number theory']"
2114_F,2000.0,"['binary search', 'brute force', 'dfs and similar', 'dp', 'math', 'number theory', 'sortings']"
2114_E,1400.0,"['dfs and similar', 'dp', 'greedy', 'trees']"
2114_D,1400.0,"['brute force', 'greedy', 'implementation', 'math']"
2114_C,1000.0,"['dp', 'greedy']"
2114_B,900.0,"['greedy', 'math']"
2114_A,800.0,"['binary search', 'brute force', 'math']"
2113_F,2500.0,"['constructive algorithms', 'dfs and similar', 'graphs', 'math']"
2113_E,2800.0,"['dfs and similar', 'graphs', 'implementation', 'trees']"
2113_D,2200.0,"['binary search', 'constructive algorithms', 'greedy', 'implementation']"
2113_C,1700.0,"['brute force', 'constructive algorithms', 'greedy']"
2113_B,1200.0,"['constructive algorithms', 'math']"
2113_A,800.0,"['greedy', 'math']"
2112_F,2800.0,"['graphs', 'greedy', 'shortest paths']"
2112_E,2200.0,"['combinatorics', 'dfs and similar', 'dp', 'graphs', 'math', 'number theory', 'trees']"
2112_D,1700.0,"['constructive algorithms', 'dfs and similar', 'graphs', 'trees']"
2112_C,1300.0,"['binary search', 'brute force', 'greedy', 'two pointers']"
2112_B,1100.0,"['brute force', 'greedy']"
2112_A,800.0,"['implementation', 'math']"
2111_G,2900.0,"['binary search', 'bitmasks', 'brute force', 'data structures', 'interactive']"
2111_F,2400.0,"['brute force', 'constructive algorithms', 'greedy', 'math']"
2111_E,1900.0,"['binary search', 'data structures', 'greedy', 'implementation', 'sortings', 'strings']"
2111_D,1400.0,"['constructive algorithms', 'data structures', 'greedy', 'implementation', 'sortings']"
2111_C,1100.0,"['brute force', 'greedy', 'two pointers']"
2111_B,1100.0,"['brute force', 'dp', 'implementation', 'math']"
2111_A,800.0,"['greedy', 'implementation', 'math']"
2110_F,2400.0,"['brute force', 'greedy', 'math', 'number theory']"
2110_E,2300.0,"['dfs and similar', 'graphs', 'implementation']"
2110_D,1700.0,"['binary search', 'dfs and similar', 'dp', 'graphs', 'greedy', 'hashing']"
2110_C,1400.0,"['constructive algorithms', 'greedy']"
2110_B,900.0,['strings']
2110_A,800.0,"['implementation', 'sortings']"
2109_F,3000.0,"['binary search', 'dfs and similar', 'flows', 'graphs', 'shortest paths']"
2109_E,2400.0,"['combinatorics', 'dp', 'strings']"
2109_D,1900.0,"['dfs and similar', 'graphs', 'greedy', 'shortest paths']"
2109_C3,2600.0,"['constructive algorithms', 'interactive', 'math', 'number theory']"
2109_C2,1700.0,"['constructive algorithms', 'interactive', 'math', 'number theory']"
2109_C1,1500.0,"['bitmasks', 'constructive algorithms', 'interactive', 'math', 'number theory']"
2109_B,1200.0,"['bitmasks', 'greedy', 'math']"
2109_A,800.0,['implementation']
2108_F,2900.0,"['binary search', 'greedy']"
2108_E,2600.0,"['constructive algorithms', 'dfs and similar', 'graphs', 'greedy', 'implementation', 'shortest paths', 'trees']"
2108_D,2200.0,"['binary search', 'brute force', 'implementation', 'interactive']"
2108_C,1500.0,"['binary search', 'brute force', 'data structures', 'dp', 'dsu', 'graphs', 'greedy', 'implementation']"
2108_B,1300.0,"['bitmasks', 'constructive algorithms', 'greedy', 'implementation', 'math']"
2108_A,800.0,"['combinatorics', 'greedy', 'math']"
2107_F2,2800.0,"['binary search', 'brute force', 'data structures', 'dp', 'greedy']"
2107_F1,2300.0,"['binary search', 'brute force', 'dp', 'greedy']"
2107_E,2600.0,"['binary search', 'constructive algorithms', 'greedy', 'math', 'trees']"
2107_D,2100.0,"['brute force', 'dfs and similar', 'greedy', 'implementation', 'trees']"
2107_C,1500.0,"['binary search', 'constructive algorithms', 'dp', 'implementation', 'math']"
2107_B,1100.0,"['games', 'greedy', 'math']"
2107_A,800.0,"['greedy', 'number theory']"
2106_G2,2500.0,"['binary search', 'dfs and similar', 'divide and conquer', 'implementation', 'interactive', 'trees']"
2106_G1,2200.0,"['binary search', 'constructive algorithms', 'divide and conquer', 'greedy', 'interactive', 'trees']"
2106_F,1900.0,"['dfs and similar', 'dp', 'dsu', 'greedy', 'math']"
2106_E,1800.0,"['binary search', 'greedy', 'math']"
2106_D,1500.0,"['binary search', 'dp', 'greedy', 'two pointers']"
2106_C,1000.0,"['greedy', 'math', 'sortings']"
2106_B,900.0,"['constructive algorithms', 'greedy', 'math']"
2106_A,800.0,"['brute force', 'math']"
2104_G,2700.0,"['data structures', 'divide and conquer', 'dsu', 'graphs', 'trees']"
2104_F,2600.0,"['binary search', 'brute force', 'dfs and similar', 'dp', 'implementation', 'math']"
2104_E,1700.0,"['binary search', 'dp', 'greedy', 'strings']"
2104_D,1400.0,"['binary search', 'greedy', 'math', 'number theory']"
2104_C,1100.0,"['brute force', 'constructive algorithms', 'games', 'greedy', 'math']"
2104_B,1000.0,"['brute force', 'data structures', 'dp', 'greedy', 'implementation']"
2104_A,800.0,['math']
2103_F,2600.0,"['bitmasks', 'data structures', 'dp', 'implementation', 'sortings']"
2103_E,2600.0,"['constructive algorithms', 'implementation', 'two pointers']"
2103_D,2000.0,"['constructive algorithms', 'dfs and similar', 'implementation', 'two pointers']"
2103_C,1600.0,"['binary search', 'greedy', 'implementation', 'sortings']"
2103_B,1100.0,"['greedy', 'math']"
2103_A,800.0,"['brute force', 'greedy', 'implementation', 'math']"
2102_B,900.0,"['implementation', 'sortings']"
2102_A,900.0,"['constructive algorithms', 'math']"
2101_F,3300.0,"['combinatorics', 'dp', 'trees']"
2101_E,3100.0,"['data structures', 'dp', 'greedy', 'trees']"
2101_D,2500.0,"['data structures', 'implementation', 'sortings', 'two pointers']"
2101_C,2200.0,"['binary search', 'brute force', 'data structures', 'greedy', 'ternary search', 'two pointers']"
2101_B,1800.0,"['brute force', 'data structures', 'divide and conquer', 'greedy', 'sortings']"
2101_A,1300.0,"['constructive algorithms', 'implementation']"
2098_B,1400.0,"['math', 'sortings']"
2098_A,800.0,"['brute force', 'greedy']"
2097_F,3500.0,"['dp', 'flows']"
2097_E,3100.0,"['data structures', 'dfs and similar', 'dp', 'greedy']"
2097_D,2800.0,"['bitmasks', 'math', 'matrices']"
2097_C,2400.0,"['chinese remainder theorem', 'geometry', 'implementation', 'math', 'number theory']"
2097_B,2300.0,"['combinatorics', 'dfs and similar', 'dp', 'dsu', 'graphs', 'implementation', 'math', 'trees']"
2097_A,1400.0,"['2-sat', 'brute force', 'math', 'sortings']"
2096_H,3200.0,"['bitmasks', 'combinatorics', 'dp', 'fft', 'math']"
2096_G,3200.0,"['bitmasks', 'constructive algorithms', 'interactive']"
2096_F,3100.0,"['data structures', 'implementation', 'two pointers']"
2096_E,2400.0,"['greedy', 'implementation', 'sortings']"
2096_D,2000.0,"['combinatorics', 'constructive algorithms', 'math']"
2096_C,1700.0,"['dp', 'implementation']"
2096_B,1100.0,"['greedy', 'math', 'sortings']"
2096_A,800.0,"['constructive algorithms', 'greedy']"
2094_H,1900.0,"['binary search', 'brute force', 'math', 'number theory']"
2094_G,1700.0,"['data structures', 'implementation', 'math']"
2094_F,1600.0,['constructive algorithms']
2094_E,1200.0,['bitmasks']
2094_D,1100.0,"['greedy', 'strings', 'two pointers']"
2094_C,900.0,['math']
2094_B,800.0,"['brute force', 'constructive algorithms']"
2094_A,800.0,['strings']
2093_G,1900.0,"['binary search', 'bitmasks', 'data structures', 'dfs and similar', 'greedy', 'strings', 'trees', 'two pointers']"
2093_F,1800.0,"['bitmasks', 'brute force', 'greedy']"
2093_E,1500.0,"['binary search', 'brute force', 'greedy']"
2093_D,1400.0,"['bitmasks', 'implementation']"
2093_C,1000.0,"['math', 'number theory']"
2093_B,900.0,"['greedy', 'math']"
2093_A,800.0,['math']
2092_F,2900.0,"['brute force', 'constructive algorithms', 'greedy', 'math', 'number theory', 'strings']"
2092_E,2100.0,"['combinatorics', 'constructive algorithms', 'graphs', 'math']"
2092_D,1800.0,"['brute force', 'constructive algorithms', 'greedy', 'implementation', 'strings']"
2092_C,1200.0,"['constructive algorithms', 'greedy', 'math']"
2092_B,1000.0,"['brute force', 'constructive algorithms', 'implementation', 'math']"
2092_A,800.0,"['greedy', 'math', 'number theory', 'sortings']"
2091_G,2300.0,"['brute force', 'constructive algorithms', 'data structures', 'dp', 'graphs', 'greedy', 'math', 'number theory', 'shortest paths']"
2091_F,1800.0,"['binary search', 'brute force', 'dp']"
2091_E,1300.0,"['brute force', 'math', 'number theory', 'two pointers']"
2091_D,1200.0,"['binary search', 'greedy', 'math']"
2091_C,1000.0,"['constructive algorithms', 'greedy']"
2091_B,800.0,"['dp', 'greedy', 'sortings']"
2091_A,800.0,"['greedy', 'strings']"
2090_C,1700.0,"['data structures', 'greedy', 'implementation', 'sortings']"
2090_B,1000.0,"['brute force', 'dp', 'implementation']"
2090_A,800.0,"['implementation', 'math']"
2089_E,3500.0,[]
2089_D,3200.0,['constructive algorithms']
2089_C2,3100.0,"['dp', 'math', 'probabilities']"
2089_C1,2200.0,"['dp', 'games', 'math', 'probabilities']"
2089_B2,2300.0,"['binary search', 'data structures', 'dp', 'flows', 'greedy', 'two pointers']"
2089_B1,1900.0,"['binary search', 'data structures', 'flows', 'greedy', 'two pointers']"
2089_A,1700.0,"['constructive algorithms', 'number theory']"
2086_F,3000.0,"['brute force', 'constructive algorithms', 'interactive']"
2086_E,2400.0,"['bitmasks', 'brute force', 'constructive algorithms', 'dfs and similar', 'dp', 'greedy', 'math']"
2086_D,1700.0,"['brute force', 'combinatorics', 'dp', 'math', 'strings']"
2086_C,1300.0,"['dfs and similar', 'dp', 'dsu', 'graphs', 'greedy', 'implementation']"
2086_B,1100.0,"['binary search', 'brute force', 'greedy']"
2086_A,800.0,['math']
2085_F2,2900.0,"['data structures', 'greedy']"
2085_F1,2600.0,"['data structures', 'greedy']"
2085_E,2200.0,"['constructive algorithms', 'math', 'number theory']"
2085_D,2000.0,"['data structures', 'graph matchings', 'greedy']"
2085_C,1600.0,"['bitmasks', 'constructive algorithms', 'dp', 'greedy']"
2085_B,1200.0,"['constructive algorithms', 'implementation']"
2085_A,900.0,"['constructive algorithms', 'implementation']"
2084_H,3500.0,"['dp', 'greedy']"
2084_G2,3500.0,"['data structures', 'dp']"
2084_G1,2600.0,"['dp', 'games']"
2084_F,2900.0,"['constructive algorithms', 'data structures', 'greedy']"
2084_E,2400.0,"['binary search', 'combinatorics', 'dp', 'implementation', 'math', 'two pointers']"
2084_D,1600.0,"['binary search', 'brute force', 'constructive algorithms', 'greedy', 'math']"
2084_C,1400.0,"['constructive algorithms', 'data structures', 'greedy', 'implementation']"
2084_B,1100.0,"['greedy', 'math', 'number theory']"
2084_A,800.0,"['constructive algorithms', 'math']"
2082_B,1600.0,"['brute force', 'greedy']"
2082_A,800.0,"['constructive algorithms', 'greedy']"
2081_G2,3400.0,['math']
2081_G1,3100.0,"['math', 'number theory']"
2081_F,3300.0,"['constructive algorithms', 'math']"
2081_E,3300.0,"['combinatorics', 'dp', 'implementation']"
2081_D,2600.0,"['constructive algorithms', 'dsu', 'graphs', 'greedy', 'math', 'number theory', 'sortings', 'trees']"
2081_C,2700.0,"['bitmasks', 'constructive algorithms', 'greedy', 'implementation', 'matrices']"
2081_B,2500.0,['greedy']
2081_A,1800.0,"['bitmasks', 'dp', 'math', 'probabilities']"
2080_D,3400.0,"['*special', 'binary search']"
2080_C,2300.0,['*special']
2080_B,1700.0,['*special']
2080_A,3200.0,"['*special', 'constructive algorithms', 'graphs']"
2079_D,1800.0,"['*special', 'sortings']"
2079_C,2300.0,['*special']
2079_B,2600.0,"['*special', 'data structures', 'dp', 'greedy']"
2079_A,3300.0,"['*special', 'data structures', 'dp', 'games']"
2078_D,1800.0,"['dp', 'greedy', 'implementation']"
2078_B,1100.0,"['constructive algorithms', 'graphs', 'greedy', 'implementation', 'math']"
2078_A,800.0,['math']
2077_G,3500.0,"['bitmasks', 'chinese remainder theorem', 'dfs and similar', 'graphs', 'number theory']"
2077_F,3300.0,"['bitmasks', 'constructive algorithms', 'dp']"
2077_E,2700.0,"['combinatorics', 'constructive algorithms', 'data structures', 'divide and conquer', 'dp', 'greedy', 'math']"
2077_D,3100.0,"['brute force', 'data structures', 'greedy', 'implementation', 'math']"
2077_C,2300.0,"['combinatorics', 'data structures', 'dp', 'fft', 'math', 'matrices']"
2077_B,1900.0,"['bitmasks', 'constructive algorithms', 'implementation', 'interactive', 'math']"
2077_A,1500.0,"['constructive algorithms', 'greedy', 'math', 'sortings']"
2075_F,3000.0,"['binary search', 'brute force', 'data structures', 'implementation']"
2075_E,2500.0,"['bitmasks', 'combinatorics', 'dp', 'implementation', 'math']"
2075_D,2000.0,"['bitmasks', 'brute force', 'dp', 'graphs', 'math']"
2075_C,1500.0,"['binary search', 'combinatorics', 'math']"
2075_B,1300.0,"['constructive algorithms', 'greedy']"
2075_A,800.0,"['greedy', 'math']"
2074_G,2100.0,"['dp', 'geometry']"
2074_F,2000.0,"['bitmasks', 'divide and conquer', 'greedy', 'implementation', 'math']"
2074_E,1600.0,"['geometry', 'interactive', 'probabilities']"
2074_D,1400.0,"['brute force', 'data structures', 'geometry', 'implementation', 'two pointers']"
2074_C,1100.0,"['bitmasks', 'brute force', 'geometry', 'greedy', 'probabilities']"
2074_B,800.0,"['geometry', 'greedy', 'math']"
2074_A,800.0,"['geometry', 'implementation']"
2073_M,3300.0,[]
2073_L,1300.0,[]
2073_K,2900.0,[]
2073_J,2000.0,[]
2073_I,3100.0,[]
2073_H,2700.0,['interactive']
2073_G,2200.0,[]
2073_F,3500.0,[]
2073_E,3300.0,['interactive']
2073_D,2400.0,[]
2073_C,2700.0,[]
2073_B,3500.0,[]
2073_A,1900.0,[]
2072_G,2200.0,"['binary search', 'brute force', 'combinatorics', 'divide and conquer', 'math', 'number theory']"
2072_F,1700.0,"['2-sat', 'bitmasks', 'combinatorics', 'constructive algorithms', 'fft', 'math', 'number theory']"
2072_E,1500.0,"['binary search', 'brute force', 'constructive algorithms', 'dp', 'geometry', 'greedy', 'math']"
2072_D,1300.0,"['brute force', 'greedy', 'implementation']"
2072_C,1200.0,"['bitmasks', 'constructive algorithms', 'greedy']"
2072_B,900.0,"['combinatorics', 'constructive algorithms', 'strings']"
2072_A,800.0,"['greedy', 'implementation', 'math']"
2071_F,2700.0,"['binary search', 'data structures']"
2071_E,2600.0,"['combinatorics', 'dp', 'probabilities', 'trees']"
2071_D2,2500.0,"['bitmasks', 'brute force', 'constructive algorithms', 'data structures', 'dp', 'implementation', 'math']"
2071_D1,1800.0,"['bitmasks', 'brute force', 'dp', 'implementation', 'math']"
2071_C,1700.0,"['constructive algorithms', 'data structures', 'dfs and similar', 'dp', 'greedy', 'sortings', 'trees']"
2071_B,1100.0,"['brute force', 'constructive algorithms', 'greedy', 'math']"
2071_A,800.0,"['math', 'number theory']"
2070_F,3000.0,"['bitmasks', 'divide and conquer', 'dp', 'fft']"
2070_E,2200.0,"['constructive algorithms', 'data structures', 'divide and conquer', 'games', 'greedy', 'math']"
2070_D,1600.0,"['dfs and similar', 'dp', 'trees']"
2070_C,1500.0,"['binary search', 'greedy']"
2070_B,1100.0,"['brute force', 'implementation', 'math']"
2070_A,800.0,"['brute force', 'math']"
2069_F,2800.0,"['data structures', 'dfs and similar', 'divide and conquer', 'dsu', 'graphs']"
2069_E,2300.0,"['constructive algorithms', 'greedy', 'sortings', 'strings']"
2069_D,1800.0,"['binary search', 'greedy', 'hashing', 'strings', 'two pointers']"
2069_C,1500.0,"['combinatorics', 'dp', 'greedy', 'two pointers']"
2069_B,1200.0,"['greedy', 'matrices']"
2069_A,800.0,"['graph matchings', 'greedy']"
2068_K,3000.0,"['flows', 'graphs']"
2068_J,2000.0,"['combinatorics', 'greedy']"
2068_I,3500.0,"['graphs', 'shortest paths']"
2068_H,2700.0,"['constructive algorithms', 'greedy', 'math']"
2068_G,3500.0,['shortest paths']
2068_F,1900.0,"['brute force', 'greedy', 'implementation', 'strings']"
2068_E,2800.0,"['data structures', 'dfs and similar', 'dsu', 'graphs', 'shortest paths']"
2068_D,3100.0,"['dp', 'sortings', 'trees']"
2068_C,2100.0,"['binary search', 'greedy', 'two pointers']"
2068_B,3100.0,['constructive algorithms']
2068_A,2300.0,"['constructive algorithms', 'graphs', 'greedy', 'probabilities']"
2067_C,1500.0,"['brute force', 'dfs and similar', 'greedy', 'math']"
2067_B,1200.0,"['brute force', 'dp', 'greedy', 'sortings']"
2067_A,800.0,"['brute force', 'constructive algorithms', 'math']"
2066_F,3300.0,"['constructive algorithms', 'dp', 'math']"
2066_E,3300.0,"['binary search', 'data structures', 'greedy', 'implementation']"
2066_D2,2900.0,"['combinatorics', 'dp', 'math']"
2066_D1,2400.0,"['combinatorics', 'dp', 'math']"
2066_C,2300.0,"['bitmasks', 'combinatorics', 'dp', 'math']"
2066_B,1900.0,"['constructive algorithms', 'data structures', 'dp', 'greedy', 'implementation']"
2066_A,1400.0,"['graphs', 'greedy', 'implementation', 'interactive']"
2065_H,2200.0,"['combinatorics', 'data structures', 'divide and conquer', 'dp', 'math', 'matrices']"
2065_G,1700.0,"['combinatorics', 'math', 'number theory']"
2065_F,1700.0,"['data structures', 'dfs and similar', 'graphs', 'greedy', 'trees']"
2065_E,1600.0,"['constructive algorithms', 'greedy', 'strings']"
2065_D,1200.0,"['greedy', 'sortings']"
2065_C2,1300.0,"['binary search', 'greedy']"
2065_C1,1100.0,"['binary search', 'dp', 'greedy']"
2065_B,800.0,['strings']
2065_A,800.0,"['brute force', 'constructive algorithms', 'greedy', 'implementation', 'strings']"
2064_F,2600.0,"['binary search', 'data structures', 'dp', 'two pointers']"
2064_E,2400.0,"['combinatorics', 'data structures', 'dsu', 'greedy', 'math', 'sortings']"
2064_D,1900.0,"['binary search', 'bitmasks', 'brute force', 'data structures', 'dp', 'greedy', 'trees', 'two pointers']"
2064_C,1300.0,"['brute force', 'constructive algorithms', 'dp', 'greedy']"
2064_B,1100.0,"['binary search', 'constructive algorithms', 'greedy', 'two pointers']"
2064_A,800.0,"['greedy', 'strings']"
2063_F2,2700.0,"['combinatorics', 'data structures', 'dfs and similar', 'dsu', 'graphs', 'implementation', 'trees']"
2063_F1,2400.0,"['combinatorics', 'data structures', 'dfs and similar', 'dp', 'dsu', 'graphs', 'hashing', 'implementation', 'math', 'trees']"
2063_E,2300.0,"['data structures', 'dfs and similar', 'dp', 'greedy', 'trees']"
2063_D,2000.0,"['binary search', 'brute force', 'data structures', 'geometry', 'greedy', 'implementation', 'math', 'ternary search', 'two pointers']"
2063_C,1600.0,"['brute force', 'data structures', 'dfs and similar', 'dp', 'graphs', 'greedy', 'sortings', 'trees']"
2063_B,1100.0,"['constructive algorithms', 'data structures', 'greedy', 'sortings']"
2063_A,800.0,"['math', 'number theory']"
2062_H,3500.0,"['bitmasks', 'combinatorics', 'dp']"
2062_G,3500.0,"['flows', 'geometry', 'graph matchings', 'graphs']"
2062_F,2900.0,"['constructive algorithms', 'dp', 'geometry', 'graphs', 'greedy', 'math', 'sortings']"
2062_E2,3000.0,"['data structures', 'dfs and similar', 'games', 'graphs', 'implementation', 'trees']"
2062_E1,2000.0,"['data structures', 'dfs and similar', 'games', 'graphs', 'greedy', 'trees']"
2062_D,2200.0,"['dfs and similar', 'dp', 'graphs', 'greedy', 'trees']"
2062_C,1200.0,"['brute force', 'math']"
2062_B,900.0,"['greedy', 'math']"
2062_A,800.0,"['constructive algorithms', 'greedy', 'math', 'strings']"
2061_I,3500.0,"['divide and conquer', 'dp']"
2061_H2,3500.0,"['flows', 'graphs']"
2061_H1,3500.0,"['flows', 'graph matchings', 'graphs']"
2061_G,2900.0,"['constructive algorithms', 'graphs', 'interactive']"
2061_F2,3500.0,"['data structures', 'dp']"
2061_F1,2100.0,"['greedy', 'implementation']"
2061_E,2000.0,"['bitmasks', 'brute force', 'dp', 'greedy', 'math', 'sortings']"
2061_D,1600.0,"['bitmasks', 'data structures']"
2061_C,1600.0,"['2-sat', 'combinatorics', 'dp']"
2061_B,1100.0,"['binary search', 'geometry']"
2061_A,800.0,['math']
2060_G,2400.0,"['dp', 'greedy', 'sortings']"
2060_F,2200.0,"['combinatorics', 'dp', 'number theory']"
2060_E,1500.0,"['dfs and similar', 'dsu', 'graphs', 'greedy']"
2060_D,1100.0,['greedy']
2060_C,900.0,"['games', 'greedy', 'sortings', 'two pointers']"
2060_B,1000.0,"['greedy', 'sortings']"
2060_A,800.0,['brute force']
2059_E2,2900.0,"['brute force', 'constructive algorithms', 'data structures', 'hashing', 'strings']"
2059_E1,2500.0,"['brute force', 'constructive algorithms', 'greedy', 'hashing', 'strings']"
2059_D,1900.0,"['data structures', 'graphs', 'greedy', 'shortest paths']"
2059_C,1600.0,"['brute force', 'constructive algorithms', 'graph matchings', 'greedy', 'math', 'sortings']"
2059_B,1300.0,"['brute force', 'constructive algorithms', 'greedy', 'math']"
2059_A,800.0,"['constructive algorithms', 'greedy', 'sortings']"
2057_H,3500.0,"['data structures', 'greedy', 'math']"
2057_G,3000.0,"['constructive algorithms', 'dfs and similar', 'math']"
2057_F,3300.0,"['binary search', 'data structures', 'dp', 'sortings', 'two pointers']"
2057_E2,2500.0,"['binary search', 'dfs and similar', 'dp', 'dsu', 'graphs', 'shortest paths', 'sortings']"
2057_E1,2300.0,"['binary search', 'brute force', 'dp', 'dsu', 'graphs', 'shortest paths', 'sortings']"
2057_D,2000.0,"['data structures', 'greedy', 'implementation', 'math', 'matrices']"
2057_C,1500.0,"['bitmasks', 'constructive algorithms', 'greedy', 'math']"
2057_B,1000.0,"['greedy', 'sortings']"
2057_A,800.0,"['constructive algorithms', 'math']"
2056_F2,3000.0,"['bitmasks', 'brute force', 'combinatorics', 'dp', 'math']"
2056_F1,2700.0,"['bitmasks', 'brute force', 'combinatorics', 'dp', 'math']"
2056_E,2500.0,"['combinatorics', 'dfs and similar', 'dp', 'dsu', 'math']"
2056_D,2200.0,"['binary search', 'brute force', 'combinatorics', 'data structures', 'divide and conquer', 'dp']"
2056_C,1200.0,"['brute force', 'constructive algorithms', 'math']"
2056_B,1300.0,"['brute force', 'dfs and similar', 'graphs', 'implementation', 'sortings']"
2056_A,800.0,"['constructive algorithms', 'math']"
2055_F,3200.0,"['brute force', 'geometry', 'hashing', 'math', 'strings']"
2055_E,2800.0,"['brute force', 'constructive algorithms', 'data structures', 'greedy', 'sortings']"
2055_D,2000.0,"['greedy', 'implementation', 'math']"
2055_C,1400.0,"['brute force', 'constructive algorithms', 'greedy', 'math', 'two pointers']"
2055_B,1000.0,"['constructive algorithms', 'greedy', 'sortings']"
2055_A,800.0,"['constructive algorithms', 'games', 'greedy', 'math']"
2053_I2,3500.0,"['data structures', 'dp', 'graphs', 'greedy', 'math', 'shortest paths', 'two pointers']"
2053_I1,2800.0,"['data structures', 'dp', 'greedy']"
2053_H,3500.0,"['constructive algorithms', 'implementation']"
2053_G,3400.0,"['binary search', 'brute force', 'greedy', 'hashing', 'math', 'number theory', 'strings']"
2053_F,2600.0,"['brute force', 'data structures', 'dp', 'greedy', 'implementation', 'math']"
2053_E,1900.0,"['dfs and similar', 'dp', 'games', 'graphs', 'greedy', 'trees']"
2053_D,1700.0,"['binary search', 'data structures', 'greedy', 'math', 'schedules', 'sortings']"
2053_C,1500.0,"['bitmasks', 'divide and conquer', 'dp', 'math']"
2053_B,1200.0,"['binary search', 'brute force', 'data structures', 'greedy']"
2053_A,800.0,"['dp', 'geometry', 'greedy', 'math']"
2052_M,2700.0,"['dp', 'graphs', 'math', 'trees']"
2052_L,2900.0,[]
2052_K,2800.0,[]
2052_J,2000.0,"['binary search', 'greedy', 'sortings']"
2052_I,2800.0,"['graphs', 'shortest paths']"
2052_H,3500.0,['interactive']
2052_G,2800.0,"['data structures', 'geometry', 'implementation']"
2052_F,1700.0,"['constructive algorithms', 'dp', 'graphs']"
2052_E,1900.0,"['brute force', 'expression parsing', 'strings']"
2052_D,2100.0,"['brute force', 'graphs']"
2052_C,3500.0,"['constructive algorithms', 'math']"
2052_B,2400.0,[]
2052_A,1600.0,['constructive algorithms']
2051_G,2100.0,"['bitmasks', 'dp', 'dsu', 'graphs']"
2051_F,2000.0,"['brute force', 'greedy', 'implementation', 'math']"
2051_E,1600.0,"['binary search', 'brute force', 'data structures', 'greedy', 'sortings']"
2051_D,1200.0,"['binary search', 'sortings', 'two pointers']"
2051_C,1000.0,"['constructive algorithms', 'implementation']"
2051_B,800.0,"['binary search', 'math']"
2051_A,800.0,['greedy']
2050_G,1900.0,"['dfs and similar', 'dp', 'trees']"
2050_F,1700.0,"['data structures', 'divide and conquer', 'math', 'number theory']"
2050_E,1500.0,"['dp', 'implementation', 'strings']"
2050_D,1300.0,"['brute force', 'greedy', 'math', 'strings']"
2050_C,1200.0,"['brute force', 'dp', 'math']"
2050_B,1100.0,"['brute force', 'greedy', 'math']"
2050_A,800.0,['implementation']
2049_F,2700.0,"['bitmasks', 'brute force', 'data structures', 'dsu', 'implementation']"
2049_E,2400.0,"['binary search', 'bitmasks', 'brute force', 'constructive algorithms', 'implementation', 'interactive']"
2049_D,1900.0,"['brute force', 'dp']"
2049_C,1500.0,"['brute force', 'constructive algorithms', 'greedy', 'implementation']"
2049_B,1300.0,"['brute force', 'constructive algorithms', 'graph matchings', 'implementation']"
2049_A,800.0,"['greedy', 'implementation']"
2048_I2,3500.0,"['bitmasks', 'fft', 'math']"
2048_I1,3500.0,['constructive algorithms']
2048_H,3100.0,"['data structures', 'dp']"
2048_G,2800.0,"['brute force', 'combinatorics', 'dp', 'math']"
2048_F,2500.0,"['brute force', 'data structures', 'divide and conquer', 'dp', 'implementation', 'math', 'trees']"
2048_E,2000.0,"['constructive algorithms', 'graphs', 'greedy']"
2048_D,1600.0,"['binary search', 'brute force', 'data structures', 'greedy', 'sortings', 'two pointers']"
2048_C,1200.0,"['bitmasks', 'brute force', 'greedy', 'implementation', 'strings']"
2048_B,900.0,"['constructive algorithms', 'greedy']"
2048_A,800.0,"['brute force', 'greedy', 'implementation', 'math', 'number theory']"
2047_B,900.0,"['brute force', 'combinatorics', 'greedy', 'strings']"
2047_A,800.0,"['implementation', 'math']"
2046_F2,3500.0,"['constructive algorithms', 'data structures', 'greedy', 'implementation']"
2046_F1,3300.0,"['constructive algorithms', 'data structures', 'greedy']"
2046_E2,3500.0,"['greedy', 'implementation']"
2046_E1,2900.0,"['constructive algorithms', 'greedy']"
2046_D,3100.0,"['flows', 'graphs']"
2046_C,2100.0,"['binary search', 'data structures', 'greedy', 'sortings', 'ternary search', 'two pointers']"
2046_B,1600.0,"['binary search', 'data structures', 'greedy', 'sortings']"
2046_A,1200.0,"['greedy', 'sortings']"
2045_M,1800.0,"['brute force', 'dfs and similar', 'graphs', 'implementation']"
2045_L,3000.0,['constructive algorithms']
2045_K,2900.0,[]
2045_J,2600.0,"['bitmasks', 'data structures']"
2045_I,2100.0,['data structures']
2045_H,2200.0,"['dp', 'sortings', 'string suffix structures', 'strings']"
2045_G,2200.0,"['graphs', 'math', 'shortest paths']"
2045_F,3000.0,"['games', 'math']"
2045_E,2700.0,"['combinatorics', 'data structures']"
2045_D,3500.0,[]
2045_C,1400.0,"['greedy', 'strings']"
2045_B,2000.0,"['math', 'number theory']"
2045_A,1700.0,"['brute force', 'greedy']"
2044_H,2100.0,"['constructive algorithms', 'data structures', 'dp', 'implementation', 'math']"
2044_G2,1900.0,"['dfs and similar', 'dp', 'dsu', 'graphs', 'implementation', 'trees']"
2044_G1,1700.0,"['dfs and similar', 'graph matchings', 'graphs', 'implementation', 'trees']"
2044_F,1900.0,"['binary search', 'brute force', 'data structures', 'math', 'number theory']"
2044_E,1300.0,"['binary search', 'greedy', 'implementation', 'math', 'number theory']"
2044_D,1100.0,"['constructive algorithms', 'greedy', 'math']"
2044_C,800.0,"['greedy', 'math']"
2044_B,800.0,"['implementation', 'strings']"
2044_A,800.0,"['brute force', 'math']"
2043_G,3000.0,"['brute force', 'data structures', 'implementation']"
2043_F,2700.0,"['bitmasks', 'brute force', 'combinatorics', 'dp', 'games', 'greedy', 'implementation', 'shortest paths']"
2043_E,2300.0,"['bitmasks', 'brute force', 'data structures', 'dfs and similar', 'graphs', 'greedy', 'implementation']"
2043_D,1800.0,"['brute force', 'flows', 'math', 'number theory']"
2043_C,1600.0,"['binary search', 'brute force', 'data structures', 'dp', 'greedy', 'math']"
2043_B,1100.0,"['math', 'number theory']"
2043_A,800.0,"['brute force', 'math']"
2042_F,2600.0,"['data structures', 'dp', 'implementation', 'matrices']"
2042_E,2900.0,"['binary search', 'brute force', 'data structures', 'dfs and similar', 'divide and conquer', 'greedy', 'implementation', 'trees']"
2042_D,1900.0,"['data structures', 'implementation', 'sortings', 'two pointers']"
2042_C,1800.0,['greedy']
2042_B,900.0,"['games', 'greedy']"
2042_A,800.0,"['greedy', 'sortings']"
2041_N,3300.0,[]
2041_M,2000.0,"['binary search', 'data structures', 'greedy', 'two pointers']"
2041_L,2900.0,[]
2041_K,3100.0,"['binary search', 'brute force', 'dfs and similar', 'graphs']"
2041_J,2700.0,"['data structures', 'divide and conquer', 'dp', 'dsu', 'greedy']"
2041_I,2300.0,"['binary search', 'data structures', 'hashing', 'implementation', 'sortings', 'strings', 'trees']"
2041_H,2300.0,"['combinatorics', 'dp', 'math']"
2041_G,3100.0,[]
2041_F,2400.0,"['brute force', 'dfs and similar', 'number theory']"
2041_E,1200.0,"['constructive algorithms', 'math']"
2041_D,1700.0,"['brute force', 'dfs and similar', 'graphs', 'shortest paths']"
2041_C,2000.0,"['bitmasks', 'dfs and similar', 'dp']"
2041_B,1200.0,"['binary search', 'brute force', 'math']"
2041_A,1300.0,"['implementation', 'sortings']"
2040_F,2700.0,"['combinatorics', 'dp', 'math', 'number theory']"
2040_E,2100.0,"['combinatorics', 'dfs and similar', 'dp', 'graphs', 'greedy', 'math', 'probabilities', 'trees']"
2040_D,1900.0,"['brute force', 'constructive algorithms', 'dfs and similar', 'greedy', 'number theory', 'trees', 'two pointers']"
2040_C,1600.0,"['bitmasks', 'combinatorics', 'constructive algorithms', 'greedy', 'math', 'two pointers']"
2040_B,1000.0,"['constructive algorithms', 'greedy', 'math']"
2040_A,800.0,"['games', 'math']"
2039_H2,3500.0,"['constructive algorithms', 'constructive algorithms', 'constructive algorithms', 'implementation', 'sortings']"
2039_H1,3500.0,"['constructive algorithms', 'implementation', 'sortings']"
2039_G,3500.0,"['math', 'number theory']"
2039_F2,3200.0,"['dp', 'number theory']"
2039_F1,2800.0,"['combinatorics', 'dp', 'math', 'number theory']"
2039_E,2200.0,"['combinatorics', 'dp', 'implementation', 'math']"
2039_D,1700.0,"['constructive algorithms', 'greedy', 'math', 'number theory']"
2039_C2,1800.0,"['bitmasks', 'brute force', 'math', 'number theory']"
2039_C1,1200.0,"['bitmasks', 'brute force', 'math', 'number theory']"
2039_B,1000.0,"['constructive algorithms', 'greedy', 'implementation', 'strings']"
2039_A,800.0,"['constructive algorithms', 'number theory']"
2038_N,800.0,['implementation']
2038_M,2800.0,"['dp', 'implementation']"
2038_L,1400.0,"['brute force', 'dp', 'greedy', 'math', 'two pointers']"
2038_K,2100.0,"['brute force', 'dp', 'greedy', 'math', 'number theory']"
2038_J,800.0,"['greedy', 'implementation']"
2038_I,2500.0,"['binary search', 'data structures', 'hashing', 'string suffix structures', 'strings']"
2038_H,3000.0,['flows']
2038_G,1900.0,"['constructive algorithms', 'implementation', 'interactive']"
2038_F,2500.0,"['combinatorics', 'data structures', 'fft', 'math', 'sortings']"
2038_E,2900.0,"['data structures', 'greedy', 'math']"
2038_D,2400.0,"['binary search', 'bitmasks', 'data structures', 'dp', 'implementation']"
2038_C,1400.0,"['data structures', 'geometry', 'greedy', 'sortings']"
2038_B,2100.0,"['binary search', 'brute force', 'greedy', 'math']"
2038_A,1400.0,"['games', 'greedy']"
2037_G,2000.0,"['bitmasks', 'combinatorics', 'data structures', 'dp', 'math', 'number theory']"
2037_F,2100.0,"['binary search', 'data structures', 'math', 'sortings', 'two pointers']"
2037_E,1600.0,"['dp', 'greedy', 'interactive', 'two pointers']"
2037_D,1300.0,"['data structures', 'greedy', 'two pointers']"
2037_C,1000.0,"['constructive algorithms', 'greedy', 'math', 'number theory']"
2037_B,800.0,"['brute force', 'implementation']"
2037_A,800.0,['implementation']
2036_G,2200.0,"['binary search', 'constructive algorithms', 'divide and conquer', 'interactive', 'math', 'number theory']"
2036_F,1900.0,"['bitmasks', 'dp', 'number theory', 'two pointers']"
2036_E,1600.0,"['binary search', 'constructive algorithms', 'data structures', 'greedy']"
2036_D,1300.0,"['brute force', 'implementation', 'matrices']"
2036_C,1100.0,"['brute force', 'implementation']"
2036_B,800.0,"['greedy', 'sortings']"
2036_A,800.0,['implementation']
2035_H,3500.0,['constructive algorithms']
2035_G2,3500.0,"['divide and conquer', 'dp']"
2035_G1,3300.0,"['dp', 'trees']"
2035_F,2500.0,"['binary search', 'brute force', 'dfs and similar', 'dp', 'trees']"
2035_E,2300.0,"['binary search', 'brute force', 'constructive algorithms', 'greedy', 'implementation', 'math', 'ternary search']"
2035_D,1800.0,"['binary search', 'data structures', 'divide and conquer', 'greedy', 'implementation', 'math']"
2035_C,1400.0,"['bitmasks', 'constructive algorithms', 'math']"
2035_B,900.0,"['constructive algorithms', 'greedy', 'math', 'number theory']"
2035_A,800.0,"['implementation', 'math']"
2034_H,3300.0,"['brute force', 'dfs and similar', 'dp', 'number theory']"
2034_G2,3500.0,"['greedy', 'implementation']"
2034_G1,3500.0,"['constructive algorithms', 'greedy', 'implementation', 'sortings']"
2034_F2,2800.0,"['combinatorics', 'dp', 'math', 'sortings']"
2034_F1,2500.0,"['combinatorics', 'dp', 'math', 'sortings']"
2034_E,2200.0,"['combinatorics', 'constructive algorithms', 'greedy', 'hashing', 'math']"
2034_D,1600.0,"['constructive algorithms', 'greedy', 'implementation', 'sortings']"
2034_C,1400.0,"['constructive algorithms', 'dfs and similar', 'graphs', 'implementation']"
2034_B,1000.0,"['data structures', 'greedy', 'implementation', 'two pointers']"
2034_A,800.0,"['brute force', 'chinese remainder theorem', 'math', 'number theory']"
2033_G,2200.0,"['data structures', 'dfs and similar', 'dp', 'greedy', 'trees']"
2033_F,1800.0,"['brute force', 'math', 'number theory']"
2033_E,1400.0,"['brute force', 'data structures', 'dfs and similar', 'dsu', 'graphs', 'greedy', 'math']"
2033_D,1300.0,"['data structures', 'dp', 'dsu', 'greedy', 'math']"
2033_C,1400.0,"['dp', 'greedy', 'two pointers']"
2033_B,900.0,"['brute force', 'constructive algorithms', 'greedy']"
2033_A,800.0,"['constructive algorithms', 'implementation', 'math']"
2032_F,2700.0,"['combinatorics', 'dp', 'games', 'math']"
2032_E,2400.0,"['constructive algorithms', 'data structures', 'greedy', 'implementation', 'math']"
2032_D,1800.0,"['constructive algorithms', 'data structures', 'graphs', 'greedy', 'implementation', 'interactive', 'trees', 'two pointers']"
2032_C,1400.0,"['binary search', 'math', 'sortings', 'two pointers']"
2032_B,1100.0,"['constructive algorithms', 'greedy', 'implementation', 'math']"
2032_A,800.0,"['greedy', 'implementation', 'math', 'number theory']"
2031_F,2800.0,"['binary search', 'constructive algorithms', 'interactive', 'probabilities']"
2031_E,2100.0,"['data structures', 'dfs and similar', 'dp', 'greedy', 'implementation', 'math', 'sortings', 'trees']"
2031_D,1700.0,"['binary search', 'data structures', 'dfs and similar', 'dp', 'dsu', 'greedy', 'implementation', 'two pointers']"
2031_C,1300.0,"['constructive algorithms', 'math', 'number theory']"
2031_B,900.0,"['brute force', 'greedy', 'sortings']"
2031_A,800.0,"['constructive algorithms', 'dp', 'greedy', 'math']"
2030_G2,3100.0,"['combinatorics', 'math']"
2030_G1,2900.0,"['combinatorics', 'greedy', 'math']"
2030_F,2400.0,"['binary search', 'data structures', 'dp', 'greedy', 'implementation', 'two pointers']"
2030_E,2200.0,"['combinatorics', 'data structures', 'dp', 'greedy', 'implementation', 'math']"
2030_D,1700.0,"['data structures', 'implementation', 'sortings']"
2030_C,1100.0,"['brute force', 'games', 'greedy']"
2030_B,800.0,"['combinatorics', 'constructive algorithms', 'games', 'math']"
2030_A,800.0,"['constructive algorithms', 'greedy', 'math', 'sortings']"
2029_I,3400.0,"['flows', 'graphs', 'greedy']"
2029_H,3500.0,"['bitmasks', 'brute force', 'combinatorics', 'dp']"
2029_G,3000.0,"['data structures', 'dp']"
2029_F,2500.0,"['constructive algorithms', 'graphs', 'greedy']"
2029_E,2100.0,"['brute force', 'constructive algorithms', 'math', 'number theory']"
2029_D,1900.0,"['constructive algorithms', 'data structures', 'dfs and similar', 'dsu', 'graphs', 'greedy', 'trees']"
2029_C,1700.0,"['binary search', 'data structures', 'dp', 'greedy']"
2029_B,1100.0,"['constructive algorithms', 'games', 'strings']"
2029_A,800.0,"['greedy', 'math']"
2028_F,2700.0,"['bitmasks', 'brute force', 'dp', 'implementation']"
2028_E,2300.0,"['combinatorics', 'dfs and similar', 'dp', 'games', 'greedy', 'math', 'probabilities', 'trees']"
2028_D,2000.0,"['constructive algorithms', 'data structures', 'dp', 'graphs', 'greedy', 'implementation', 'ternary search']"
2028_C,1600.0,"['binary search', 'dp', 'greedy', 'two pointers']"
2028_B,1400.0,"['binary search', 'implementation', 'math']"
2028_A,900.0,"['brute force', 'implementation', 'math']"
2027_E2,3100.0,"['bitmasks', 'dp', 'math']"
2027_E1,2800.0,"['bitmasks', 'brute force', 'games', 'math']"
2027_D2,2200.0,"['binary search', 'data structures', 'dp', 'greedy', 'implementation', 'two pointers']"
2027_D1,1700.0,"['binary search', 'dp', 'graphs', 'greedy', 'implementation', 'two pointers']"
2027_C,1500.0,"['brute force', 'data structures', 'dfs and similar', 'dp', 'graphs', 'greedy']"
2027_B,1100.0,"['brute force', 'greedy']"
2027_A,800.0,"['geometry', 'implementation', 'math']"
2026_F,2700.0,"['data structures', 'dfs and similar', 'divide and conquer', 'dp', 'implementation', 'trees']"
2026_E,2500.0,"['bitmasks', 'dfs and similar', 'flows', 'graph matchings', 'graphs']"
2026_D,1900.0,"['binary search', 'data structures', 'dp', 'implementation', 'math']"
2026_C,1500.0,"['binary search', 'brute force', 'constructive algorithms', 'data structures', 'greedy', 'implementation']"
2026_B,1300.0,"['binary search', 'brute force', 'constructive algorithms', 'greedy']"
2026_A,900.0,"['constructive algorithms', 'geometry', 'greedy', 'math']"
2025_G,3000.0,"['data structures', 'flows']"
2025_F,2700.0,"['constructive algorithms', 'dfs and similar', 'dp', 'graphs', 'greedy', 'trees']"
2025_E,2200.0,"['combinatorics', 'dp', 'fft', 'greedy', 'math']"
2025_D,1800.0,"['brute force', 'data structures', 'dp', 'implementation', 'math', 'two pointers']"
2025_C,1300.0,"['binary search', 'brute force', 'greedy', 'implementation', 'sortings', 'two pointers']"
2025_B,1100.0,"['combinatorics', 'dp', 'math']"
2025_A,800.0,"['binary search', 'greedy', 'strings', 'two pointers']"
2024_B,1100.0,"['binary search', 'constructive algorithms', 'sortings']"
2024_A,800.0,"['greedy', 'math']"
2023_F,3500.0,"['data structures', 'greedy', 'math', 'matrices']"
2023_E,3300.0,"['dp', 'greedy', 'trees']"
2023_D,2900.0,"['brute force', 'dp', 'greedy', 'math', 'probabilities']"
2023_C,2400.0,"['constructive algorithms', 'dfs and similar', 'graphs', 'greedy', 'hashing', 'implementation', 'strings']"
2023_B,1700.0,"['binary search', 'dp', 'graphs', 'shortest paths']"
2023_A,1300.0,"['constructive algorithms', 'greedy', 'math', 'sortings']"
2022_E2,2600.0,"['binary search', 'combinatorics', 'data structures', 'dsu', 'graphs']"
2022_E1,2500.0,"['2-sat', 'binary search', 'combinatorics', 'constructive algorithms', 'dfs and similar', 'dsu', 'graphs']"
2022_D2,2700.0,"['constructive algorithms', 'dp', 'interactive']"
2022_D1,1900.0,"['binary search', 'brute force', 'constructive algorithms', 'implementation', 'interactive']"
2022_C,1800.0,"['dp', 'implementation']"
2022_B,1300.0,"['binary search', 'greedy', 'math']"
2022_A,800.0,"['constructive algorithms', 'greedy', 'implementation', 'math']"
2021_E3,2800.0,"['data structures', 'dfs and similar', 'dp', 'dsu', 'graphs', 'greedy', 'math', 'trees']"
2021_E2,2500.0,"['data structures', 'dp', 'dsu', 'graphs', 'math', 'trees']"
2021_E1,2300.0,"['brute force', 'data structures', 'dfs and similar', 'dp', 'dsu', 'fft', 'graphs', 'greedy', 'implementation', 'math', 'trees']"
2021_D,2500.0,"['dp', 'greedy', 'implementation']"
2021_C2,1900.0,"['constructive algorithms', 'data structures', 'greedy', 'implementation', 'sortings']"
2021_C1,1300.0,"['constructive algorithms', 'greedy']"
2021_B,1200.0,"['brute force', 'greedy', 'math', 'number theory']"
2021_A,800.0,"['data structures', 'greedy', 'math', 'sortings']"
2020_F,2900.0,"['dp', 'math', 'number theory']"
2020_E,2000.0,"['bitmasks', 'dp', 'math', 'probabilities']"
2020_D,1800.0,"['brute force', 'dp', 'dsu', 'graphs', 'math', 'trees']"
2020_C,1400.0,"['bitmasks', 'hashing', 'implementation', 'math', 'schedules', 'ternary search']"
2020_B,1200.0,"['binary search', 'math']"
2020_A,800.0,"['bitmasks', 'brute force', 'greedy', 'math', 'number theory']"
2019_B,1200.0,"['implementation', 'math']"
2019_A,800.0,"['brute force', 'dp', 'greedy']"
2018_F3,3100.0,"['dp', 'greedy', 'math']"
2018_F2,3000.0,"['dp', 'greedy', 'math']"
2018_F1,2900.0,"['combinatorics', 'dp', 'greedy', 'math']"
2018_E2,3400.0,"['binary search', 'data structures', 'divide and conquer', 'dsu', 'greedy', 'math', 'sortings']"
2018_E1,3300.0,"['binary search', 'data structures', 'divide and conquer', 'dsu', 'greedy', 'math', 'sortings']"
2018_D,2200.0,"['data structures', 'dp', 'dsu', 'greedy', 'implementation', 'matrices', 'sortings']"
2018_C,1700.0,"['brute force', 'dfs and similar', 'greedy', 'sortings', 'trees']"
2018_B,1900.0,"['binary search', 'data structures', 'dp', 'greedy', 'implementation', 'two pointers']"
2018_A,1600.0,"['2-sat', 'brute force', 'greedy', 'implementation', 'math']"
2014_H,1900.0,"['data structures', 'divide and conquer', 'greedy', 'hashing']"
2014_G,2200.0,"['brute force', 'data structures', 'greedy', 'implementation']"
2014_F,2000.0,"['dfs and similar', 'dp', 'greedy', 'trees']"
2014_E,1800.0,"['dfs and similar', 'graphs', 'shortest paths']"
2014_D,1400.0,"['brute force', 'data structures', 'greedy', 'sortings']"
2014_C,1100.0,"['binary search', 'greedy', 'math']"
2014_B,800.0,['math']
2014_A,800.0,"['greedy', 'implementation']"
2013_F2,3500.0,"['binary search', 'data structures', 'trees']"
2013_F1,2700.0,"['binary search', 'brute force', 'data structures', 'dp', 'games', 'greedy', 'implementation', 'trees']"
2013_E,2200.0,"['brute force', 'dp', 'greedy', 'math', 'number theory']"
2013_D,1900.0,"['binary search', 'greedy']"
2013_C,1400.0,"['constructive algorithms', 'interactive', 'strings']"
2013_B,900.0,"['constructive algorithms', 'greedy', 'math']"
2013_A,800.0,"['constructive algorithms', 'math']"
2010_C2,1700.0,"['hashing', 'string suffix structures', 'strings', 'two pointers']"
2010_C1,1400.0,"['brute force', 'strings']"
2010_B,800.0,"['brute force', 'implementation', 'math']"
2010_A,800.0,"['brute force', 'implementation', 'math']"
2009_G3,2700.0,"['data structures', 'dp', 'implementation']"
2009_G2,2200.0,"['binary search', 'data structures', 'dp']"
2009_G1,1900.0,"['binary search', 'data structures', 'two pointers']"
2009_F,1700.0,"['bitmasks', 'data structures', 'flows', 'math']"
2009_E,1400.0,"['binary search', 'math', 'ternary search']"
2009_D,1400.0,"['geometry', 'math']"
2009_C,1100.0,"['implementation', 'math']"
2009_B,800.0,"['brute force', 'implementation']"
2009_A,800.0,"['brute force', 'math']"
2008_H,2100.0,"['binary search', 'brute force', 'greedy', 'math', 'number theory']"
2008_G,1800.0,"['binary search', 'greedy', 'math', 'number theory']"
2008_F,1400.0,"['combinatorics', 'math', 'number theory']"
2008_E,1500.0,"['brute force', 'data structures', 'dp', 'greedy', 'implementation', 'strings']"
2008_D,1100.0,"['dp', 'dsu', 'graphs', 'math']"
2008_C,800.0,"['binary search', 'brute force', 'math']"
2008_B,800.0,"['brute force', 'math', 'strings']"
2008_A,800.0,"['brute force', 'constructive algorithms', 'greedy', 'math']"
2007_C,1500.0,"['math', 'number theory']"
2007_B,900.0,"['data structures', 'greedy']"
2007_A,800.0,"['greedy', 'math', 'number theory']"
2006_F,3500.0,"['brute force', 'combinatorics', 'constructive algorithms', 'graphs', 'implementation']"
2006_E,3100.0,"['brute force', 'data structures', 'dfs and similar', 'trees']"
2006_D,2600.0,"['data structures', 'greedy', 'implementation', 'math']"
2006_C,2300.0,"['data structures', 'divide and conquer', 'math', 'number theory', 'two pointers']"
2006_B,1800.0,"['brute force', 'data structures', 'dfs and similar', 'dsu', 'math', 'trees']"
2006_A,1700.0,"['constructive algorithms', 'dfs and similar', 'games', 'graphs', 'greedy', 'trees']"
2005_E2,2500.0,"['data structures', 'dp', 'games', 'greedy', 'implementation']"
2005_E1,2100.0,"['dp', 'games', 'greedy', 'implementation']"
2005_D,2400.0,"['binary search', 'brute force', 'data structures', 'divide and conquer', 'implementation', 'number theory']"
2005_C,1800.0,"['dp', 'implementation', 'strings']"
2005_B2,1200.0,"['binary search', 'greedy', 'math', 'sortings']"
2005_B1,1000.0,"['greedy', 'math', 'sortings']"
2005_A,900.0,"['combinatorics', 'constructive algorithms', 'greedy', 'math']"
2004_G,3200.0,"['data structures', 'dp', 'matrices']"
2004_F,2600.0,"['binary search', 'brute force', 'data structures', 'greedy', 'math']"
2004_E,2100.0,"['brute force', 'games', 'math', 'number theory']"
2004_D,1600.0,"['binary search', 'brute force', 'data structures', 'graphs', 'greedy', 'implementation', 'shortest paths']"
2004_C,1100.0,"['games', 'greedy', 'sortings']"
2004_B,1000.0,"['brute force', 'greedy']"
2004_A,800.0,"['implementation', 'math']"
2003_F,2800.0,"['brute force', 'data structures', 'dp', 'greedy', 'math', 'probabilities', 'two pointers']"
2003_E2,2700.0,"['brute force', 'data structures', 'divide and conquer', 'dp', 'greedy', 'math', 'two pointers']"
2003_E1,2600.0,"['brute force', 'divide and conquer', 'dp', 'greedy', 'math']"
2003_D2,2100.0,"['dfs and similar', 'dp', 'graphs', 'greedy', 'implementation', 'math']"
2003_D1,1500.0,"['greedy', 'math']"
2003_C,1200.0,"['constructive algorithms', 'greedy', 'sortings', 'strings']"
2003_B,800.0,"['games', 'greedy', 'sortings']"
2003_A,800.0,"['greedy', 'strings']"
2002_H,3500.0,['greedy']
2002_G,3400.0,"['bitmasks', 'brute force', 'hashing', 'meet-in-the-middle']"
2002_F2,2800.0,"['brute force', 'dp', 'math', 'number theory']"
2002_F1,2600.0,"['brute force', 'dfs and similar', 'dp', 'math', 'number theory']"
2002_E,2300.0,"['brute force', 'data structures', 'dp']"
2002_D2,2300.0,"['binary search', 'data structures', 'dfs and similar', 'graphs', 'hashing', 'trees']"
2002_D1,1900.0,"['brute force', 'data structures', 'dfs and similar', 'graphs', 'hashing', 'trees']"
2002_C,1200.0,"['brute force', 'geometry', 'greedy', 'math']"
2002_B,1000.0,"['constructive algorithms', 'games']"
2002_A,800.0,"['constructive algorithms', 'implementation', 'math']"
2001_E2,2900.0,"['combinatorics', 'dp', 'trees']"
2001_E1,2400.0,"['combinatorics', 'dp', 'math', 'trees']"
2001_D,1900.0,"['brute force', 'constructive algorithms', 'data structures', 'greedy', 'implementation']"
2001_C,1500.0,"['binary search', 'brute force', 'dfs and similar', 'divide and conquer', 'dsu', 'greedy', 'interactive', 'trees']"
2001_B,800.0,['constructive algorithms']
2001_A,800.0,"['greedy', 'implementation']"
2000_H,2200.0,"['binary search', 'brute force', 'data structures', 'implementation']"
2000_G,2100.0,"['binary search', 'brute force', 'graphs', 'greedy', 'shortest paths']"
2000_F,1900.0,"['dp', 'greedy', 'implementation', 'math']"
2000_E,1400.0,"['combinatorics', 'data structures', 'greedy', 'math']"
2000_D,1200.0,"['greedy', 'implementation', 'two pointers']"
2000_C,1000.0,"['data structures', 'strings']"
2000_B,800.0,['two pointers']
2000_A,800.0,"['implementation', 'math', 'strings']"
1999_G2,1700.0,"['binary search', 'interactive', 'ternary search']"
1999_G1,1500.0,"['binary search', 'interactive']"
1999_F,1500.0,"['combinatorics', 'math']"
1999_E,1300.0,"['dp', 'implementation', 'math']"
1999_D,1100.0,"['greedy', 'implementation', 'strings']"
1999_C,800.0,"['greedy', 'implementation']"
1999_B,1000.0,"['brute force', 'constructive algorithms', 'implementation']"
1999_A,800.0,"['implementation', 'math']"
1998_E2,2500.0,"['binary search', 'brute force', 'data structures', 'divide and conquer', 'greedy', 'implementation']"
1998_E1,2200.0,"['binary search', 'brute force', 'data structures', 'divide and conquer', 'greedy']"
1998_D,2100.0,"['data structures', 'dp', 'graphs', 'greedy', 'shortest paths']"
1998_C,1900.0,"['binary search', 'brute force', 'constructive algorithms', 'greedy', 'implementation']"
1998_B,1000.0,"['constructive algorithms', 'math', 'number theory']"
1998_A,800.0,"['constructive algorithms', 'implementation', 'math']"
1997_F,2700.0,"['brute force', 'combinatorics', 'dp', 'greedy', 'math']"
1997_E,2200.0,"['binary search', 'brute force', 'data structures', 'divide and conquer', 'implementation']"
1997_D,1500.0,"['binary search', 'dfs and similar', 'dp', 'greedy', 'trees']"
1997_C,1100.0,"['constructive algorithms', 'data structures', 'greedy']"
1997_B,1100.0,"['constructive algorithms', 'two pointers']"
1997_A,800.0,"['brute force', 'implementation', 'strings']"
1996_G,2200.0,"['brute force', 'data structures', 'graphs', 'greedy', 'hashing']"
1996_F,1900.0,"['binary search', 'greedy', 'math']"
1996_E,1600.0,"['combinatorics', 'data structures', 'implementation', 'math']"
1996_D,1500.0,"['binary search', 'brute force', 'combinatorics', 'math', 'number theory']"
1996_C,1200.0,"['dp', 'greedy', 'sortings', 'strings']"
1996_B,800.0,"['greedy', 'implementation']"
1996_A,800.0,"['binary search', 'math', 'ternary search']"
1995_E2,2900.0,"['data structures', 'dp', 'matrices', 'two pointers']"
1995_E1,2700.0,"['2-sat', 'data structures', 'dp', 'matrices', 'two pointers']"
1995_D,2300.0,"['bitmasks', 'brute force', 'dp', 'strings']"
1995_C,1800.0,"['brute force', 'constructive algorithms', 'greedy', 'implementation', 'math', 'number theory']"
1995_B2,1700.0,"['binary search', 'data structures', 'greedy', 'math', 'sortings', 'two pointers']"
1995_B1,1100.0,"['binary search', 'brute force', 'greedy', 'sortings', 'two pointers']"
1995_A,800.0,"['brute force', 'greedy', 'implementation', 'math']"
1994_H,3500.0,"['combinatorics', 'constructive algorithms', 'games', 'greedy', 'hashing', 'interactive', 'math', 'number theory', 'strings']"
1994_G,2600.0,"['bitmasks', 'brute force', 'dp', 'graphs', 'math']"
1994_F,2500.0,"['constructive algorithms', 'dfs and similar', 'graphs', 'trees']"
1994_E,2000.0,"['bitmasks', 'greedy', 'math', 'trees']"
1994_D,1900.0,"['constructive algorithms', 'dsu', 'graphs', 'greedy', 'math', 'number theory', 'trees']"
1994_C,1600.0,"['binary search', 'dp', 'two pointers']"
1994_B,1100.0,"['bitmasks', 'constructive algorithms', 'greedy', 'math']"
1994_A,800.0,"['constructive algorithms', 'greedy', 'implementation']"
1993_F2,2800.0,"['chinese remainder theorem', 'math', 'number theory']"
1993_F1,2400.0,"['brute force', 'chinese remainder theorem', 'constructive algorithms', 'math', 'number theory']"
1993_E,2700.0,"['bitmasks', 'constructive algorithms', 'dp', 'implementation']"
1993_D,2200.0,"['binary search', 'dp', 'greedy']"
1993_C,1400.0,"['implementation', 'math']"
1993_B,1100.0,"['constructive algorithms', 'greedy']"
1993_A,800.0,"['greedy', 'implementation']"
1992_G,2000.0,"['combinatorics', 'dp', 'math']"
1992_F,1900.0,"['brute force', 'dp', 'greedy', 'number theory', 'two pointers']"
1992_E,1700.0,"['brute force', 'constructive algorithms', 'implementation', 'math', 'strings']"
1992_D,1200.0,"['dp', 'greedy', 'implementation']"
1992_C,900.0,"['constructive algorithms', 'math']"
1992_B,800.0,"['greedy', 'math', 'sortings']"
1992_A,800.0,"['brute force', 'constructive algorithms', 'greedy', 'math', 'sortings']"
1991_I,3500.0,"['constructive algorithms', 'games', 'graph matchings', 'greedy', 'interactive']"
1991_H,3300.0,"['bitmasks', 'dp', 'fft', 'games', 'math', 'number theory']"
1991_G,2700.0,"['constructive algorithms', 'greedy', 'implementation']"
1991_F,2200.0,"['brute force', 'greedy', 'implementation', 'math', 'sortings']"
1991_E,1900.0,"['constructive algorithms', 'dfs and similar', 'games', 'graphs', 'greedy', 'interactive']"
1991_D,1900.0,"['bitmasks', 'constructive algorithms', 'graphs', 'greedy', 'math', 'number theory']"
1991_C,1300.0,"['constructive algorithms', 'greedy', 'math']"
1991_B,1100.0,"['bitmasks', 'constructive algorithms', 'greedy']"
1991_A,800.0,"['greedy', 'implementation']"
1990_F,2800.0,"['brute force', 'data structures', 'divide and conquer', 'dp', 'greedy', 'two pointers']"
1990_E2,2600.0,"['binary search', 'data structures', 'dfs and similar', 'divide and conquer', 'interactive', 'trees']"
1990_E1,2500.0,"['binary search', 'data structures', 'dfs and similar', 'interactive', 'trees']"
1990_D,1800.0,"['bitmasks', 'brute force', 'dp', 'greedy', 'implementation']"
1990_C,1500.0,"['brute force', 'greedy', 'math']"
1990_B,1200.0,"['constructive algorithms', 'greedy']"
1990_A,900.0,"['brute force', 'games', 'greedy', 'sortings']"
1989_F,3000.0,"['dfs and similar', 'divide and conquer', 'graphs']"
1989_E,2300.0,"['combinatorics', 'dp', 'math']"
1989_D,1900.0,"['brute force', 'data structures', 'dp', 'greedy', 'math', 'sortings', 'two pointers']"
1989_C,1400.0,"['greedy', 'math']"
1989_B,1200.0,"['brute force', 'greedy', 'strings']"
1989_A,800.0,['implementation']
1988_F,3000.0,"['combinatorics', 'dp', 'fft', 'math']"
1988_E,2300.0,"['binary search', 'brute force', 'data structures', 'divide and conquer', 'implementation']"
1988_D,2000.0,"['brute force', 'dfs and similar', 'dp', 'trees']"
1988_C,1300.0,"['bitmasks', 'constructive algorithms', 'greedy']"
1988_B,900.0,"['greedy', 'implementation']"
1988_A,900.0,"['brute force', 'greedy', 'implementation', 'math']"
1987_H,3500.0,['interactive']
1987_G2,3500.0,"['divide and conquer', 'dp', 'trees']"
1987_G1,2900.0,"['divide and conquer', 'dp', 'trees']"
1987_F2,2600.0,['dp']
1987_F1,2500.0,['dp']
1987_E,2000.0,"['brute force', 'data structures', 'dfs and similar', 'dsu', 'greedy', 'trees']"
1987_D,1800.0,"['dp', 'games']"
1987_C,1200.0,"['dp', 'greedy']"
1987_B,1000.0,['greedy']
1987_A,800.0,"['greedy', 'math']"
1986_G2,2500.0,"['brute force', 'data structures', 'hashing', 'math', 'number theory']"
1986_G1,2200.0,"['binary search', 'brute force', 'combinatorics', 'data structures', 'math', 'number theory']"
1986_F,1900.0,"['dfs and similar', 'graphs', 'trees']"
1986_E,1700.0,"['greedy', 'math', 'number theory', 'sortings']"
1986_D,1400.0,"['brute force', 'dp', 'greedy', 'implementation', 'math', 'two pointers']"
1986_C,1100.0,"['data structures', 'greedy', 'sortings']"
1986_B,1000.0,"['brute force', 'data structures', 'greedy', 'sortings']"
1986_A,800.0,"['brute force', 'geometry', 'math', 'sortings']"
1985_H2,2200.0,"['data structures', 'dfs and similar', 'dp', 'dsu', 'implementation']"
1985_H1,1700.0,"['brute force', 'data structures', 'dfs and similar', 'dsu', 'graphs', 'implementation']"
1985_G,1600.0,"['combinatorics', 'math', 'number theory']"
1985_F,1500.0,"['binary search', 'data structures']"
1985_E,1200.0,"['brute force', 'combinatorics', 'math']"
1985_D,900.0,"['implementation', 'math']"
1985_C,1000.0,['greedy']
1985_B,800.0,"['brute force', 'math', 'number theory']"
1985_A,800.0,"['implementation', 'strings']"
1984_H,3300.0,"['combinatorics', 'dp', 'geometry']"
1984_G,3200.0,"['constructive algorithms', 'implementation', 'sortings']"
1984_F,2500.0,"['brute force', 'dp', 'math']"
1984_E,2400.0,"['dp', 'greedy', 'trees']"
1984_D,2000.0,"['brute force', 'hashing', 'implementation', 'math', 'string suffix structures', 'strings']"
1984_C2,1700.0,"['combinatorics', 'dp', 'greedy', 'math']"
1984_C1,1300.0,"['dp', 'greedy', 'math']"
1984_B,1100.0,"['implementation', 'math']"
1984_A,800.0,['constructive algorithms']
1983_G,3000.0,"['bitmasks', 'brute force', 'dp', 'trees']"
1983_F,2500.0,"['binary search', 'bitmasks', 'data structures', 'greedy', 'two pointers']"
1983_E,2300.0,"['combinatorics', 'math', 'probabilities']"
1983_D,1700.0,"['constructive algorithms', 'data structures', 'divide and conquer', 'greedy', 'math', 'sortings']"
1983_C,1400.0,"['binary search', 'brute force', 'greedy', 'implementation']"
1983_B,1200.0,"['constructive algorithms', 'greedy', 'implementation', 'math']"
1983_A,800.0,"['constructive algorithms', 'math']"
1982_F,2600.0,"['binary search', 'data structures', 'sortings']"
1982_E,2300.0,"['bitmasks', 'brute force', 'combinatorics', 'divide and conquer', 'dp', 'math', 'meet-in-the-middle']"
1982_D,1700.0,"['brute force', 'data structures', 'implementation', 'math', 'number theory']"
1982_C,1200.0,"['binary search', 'data structures', 'dp', 'greedy', 'two pointers']"
1982_B,1200.0,"['brute force', 'implementation', 'math', 'number theory']"
1982_A,800.0,"['greedy', 'implementation', 'math', 'sortings']"
1981_F,3000.0,"['data structures', 'dp', 'trees']"
1981_E,2600.0,"['data structures', 'dsu', 'graphs', 'greedy']"
1981_D,2400.0,"['constructive algorithms', 'dfs and similar', 'graphs', 'number theory']"
1981_C,1800.0,"['bitmasks', 'brute force', 'constructive algorithms', 'greedy', 'implementation', 'math']"
1981_B,1300.0,"['bitmasks', 'math']"
1981_A,800.0,"['brute force', 'greedy', 'math']"
1980_G,2300.0,"['bitmasks', 'data structures', 'dfs and similar', 'graphs', 'greedy', 'strings', 'trees']"
1980_F2,2400.0,"['math', 'sortings']"
1980_F1,1900.0,"['data structures', 'math', 'sortings']"
1980_E,1600.0,"['constructive algorithms', 'data structures', 'greedy', 'hashing', 'implementation', 'math', 'matrices', 'sortings']"
1980_D,1400.0,"['greedy', 'implementation', 'math', 'number theory']"
1980_C,1300.0,"['constructive algorithms', 'greedy']"
1980_B,800.0,"['sortings', 'sortings']"
1980_A,800.0,['math']
1979_F,2900.0,"['brute force', 'constructive algorithms', 'graphs', 'interactive']"
1979_E,2400.0,"['binary search', 'constructive algorithms', 'data structures', 'geometry', 'implementation', 'two pointers']"
1979_D,1800.0,"['bitmasks', 'brute force', 'constructive algorithms', 'dp', 'greedy', 'hashing', 'strings']"
1979_C,1200.0,"['binary search', 'combinatorics', 'constructive algorithms', 'number theory']"
1979_B,1000.0,"['bitmasks', 'greedy']"
1979_A,800.0,"['brute force', 'greedy', 'implementation']"
1978_F,2400.0,"['data structures', 'dfs and similar', 'dsu', 'graphs', 'number theory', 'two pointers']"
1978_E,2000.0,"['brute force', 'data structures', 'dp', 'greedy', 'implementation']"
1978_D,1600.0,"['data structures', 'greedy', 'implementation', 'math']"
1978_C,1300.0,"['constructive algorithms', 'data structures', 'greedy', 'implementation', 'math']"
1978_B,800.0,"['binary search', 'greedy', 'math', 'ternary search']"
1978_A,800.0,"['constructive algorithms', 'greedy', 'sortings']"
1977_E,2600.0,"['constructive algorithms', 'graphs', 'interactive']"
1977_D,2300.0,"['bitmasks', 'brute force', 'greedy', 'hashing']"
1977_C,1900.0,"['brute force', 'data structures', 'dp', 'greedy', 'math', 'number theory', 'sortings']"
1977_B,1100.0,"['bitmasks', 'constructive algorithms', 'greedy', 'math']"
1977_A,800.0,['math']
1976_F,2800.0,"['data structures', 'dfs and similar', 'dp', 'greedy', 'sortings', 'trees']"
1976_E,2500.0,"['combinatorics', 'data structures', 'dfs and similar', 'greedy', 'math', 'trees']"
1976_D,2000.0,"['binary search', 'combinatorics', 'data structures', 'divide and conquer', 'implementation', 'two pointers']"
1976_C,1600.0,"['binary search', 'dp', 'greedy', 'implementation', 'two pointers']"
1976_B,1100.0,"['greedy', 'implementation']"
1976_A,800.0,"['implementation', 'sortings', 'strings']"
1975_I,3500.0,['dp']
1975_H,3500.0,"['greedy', 'strings']"
1975_G,3000.0,"['fft', 'greedy', 'math', 'strings']"
1975_F,2600.0,"['bitmasks', 'brute force', 'combinatorics', 'dfs and similar', 'divide and conquer', 'dp', 'math']"
1975_E,2100.0,"['binary search', 'data structures', 'dfs and similar', 'implementation', 'trees']"
1975_D,1700.0,"['brute force', 'dfs and similar', 'dp', 'greedy', 'shortest paths', 'trees']"
1975_C,1200.0,"['binary search', 'brute force', 'greedy']"
1975_B,1000.0,"['brute force', 'greedy', 'math', 'sortings']"
1975_A,800.0,"['brute force', 'greedy', 'implementation', 'sortings']"
1974_G,2000.0,"['data structures', 'greedy', 'sortings']"
1974_F,1900.0,"['binary search', 'brute force', 'data structures', 'implementation', 'sortings', 'two pointers']"
1974_E,1800.0,['dp']
1974_D,1400.0,"['constructive algorithms', 'greedy', 'implementation']"
1974_C,1400.0,"['combinatorics', 'data structures']"
1974_B,800.0,"['implementation', 'sortings', 'strings']"
1974_A,800.0,"['greedy', 'math']"
1973_F,3100.0,"['bitmasks', 'brute force', 'dp', 'implementation', 'number theory']"
1973_E,2500.0,"['graphs', 'math', 'sortings']"
1973_D,2400.0,"['brute force', 'interactive', 'math']"
1973_C,1700.0,"['constructive algorithms', 'greedy', 'implementation', 'math', 'sortings']"
1973_B,1300.0,"['binary search', 'bitmasks', 'data structures', 'greedy', 'math', 'two pointers']"
1973_A,900.0,"['brute force', 'dp', 'implementation', 'math']"
1972_B,900.0,['games']
1972_A,800.0,"['brute force', 'greedy', 'two pointers']"
1971_H,2100.0,"['2-sat', 'dfs and similar', 'graphs']"
1971_G,1700.0,"['data structures', 'dsu', 'sortings']"
1971_F,1600.0,"['binary search', 'brute force', 'dfs and similar', 'geometry', 'implementation', 'math']"
1971_E,1500.0,"['binary search', 'math', 'sortings']"
1971_D,1100.0,"['dp', 'greedy', 'implementation', 'sortings', 'strings']"
1971_C,900.0,['implementation']
1971_B,800.0,"['implementation', 'strings']"
1971_A,800.0,"['implementation', 'sortings']"
1970_G3,2400.0,"['bitmasks', 'dfs and similar', 'dp', 'graphs', 'trees']"
1970_G2,2200.0,"['brute force', 'dfs and similar', 'dp', 'graphs', 'trees']"
1970_G1,1900.0,"['dfs and similar', 'trees']"
1970_F3,2300.0,['implementation']
1970_F2,2300.0,['implementation']
1970_F1,2300.0,['implementation']
1970_E3,2200.0,"['dp', 'matrices']"
1970_E2,2000.0,"['dp', 'matrices']"
1970_E1,1800.0,['dp']
1970_D3,3100.0,['interactive']
1970_D2,2600.0,"['constructive algorithms', 'interactive', 'probabilities', 'strings']"
1970_D1,2100.0,"['brute force', 'constructive algorithms', 'interactive', 'strings']"
1970_C3,1900.0,"['dfs and similar', 'dp', 'games', 'trees']"
1970_C2,1700.0,"['dfs and similar', 'dp', 'games', 'trees']"
1970_C1,1400.0,['games']
1970_B3,2300.0,['constructive algorithms']
1970_B2,2100.0,['constructive algorithms']
1970_B1,1900.0,['constructive algorithms']
1970_A3,2400.0,"['constructive algorithms', 'trees']"
1970_A2,2400.0,"['brute force', 'constructive algorithms', 'trees']"
1970_A1,1000.0,"['implementation', 'sortings']"
1969_F,3000.0,"['dp', 'greedy', 'hashing', 'implementation']"
1969_E,2400.0,"['binary search', 'data structures', 'divide and conquer', 'dp', 'greedy']"
1969_D,1900.0,"['data structures', 'greedy', 'math', 'sortings']"
1969_C,1700.0,"['dp', 'implementation']"
1969_B,1000.0,"['constructive algorithms', 'greedy']"
1969_A,800.0,"['constructive algorithms', 'implementation', 'math']"
1968_G2,2200.0,"['binary search', 'brute force', 'data structures', 'dp', 'hashing', 'math', 'string suffix structures', 'strings']"
1968_G1,1900.0,"['binary search', 'data structures', 'dp', 'hashing', 'string suffix structures', 'strings']"
1968_F,1800.0,"['binary search', 'data structures']"
1968_E,1600.0,['constructive algorithms']
1968_D,1300.0,"['brute force', 'dfs and similar', 'games', 'graphs', 'greedy', 'math']"
1968_C,1000.0,"['constructive algorithms', 'number theory']"
1968_B,800.0,"['greedy', 'two pointers']"
1968_A,800.0,"['brute force', 'math', 'number theory']"
1967_F,3200.0,"['brute force', 'data structures', 'implementation']"
1967_E2,3500.0,"['combinatorics', 'dp', 'math']"
1967_E1,3100.0,"['combinatorics', 'dp', 'fft', 'math']"
1967_D,2800.0,"['binary search', 'dfs and similar', 'graphs', 'implementation', 'shortest paths', 'two pointers']"
1967_C,2300.0,"['bitmasks', 'brute force', 'combinatorics', 'data structures', 'dp', 'math', 'trees']"
1967_B2,2200.0,"['brute force', 'math', 'number theory']"
1967_B1,1400.0,"['brute force', 'math', 'number theory']"
1967_A,1400.0,"['binary search', 'greedy', 'implementation', 'math', 'sortings']"
1966_B,1100.0,"['constructive algorithms', 'implementation']"
1966_A,800.0,"['constructive algorithms', 'games', 'greedy']"
1965_F,3300.0,"['data structures', 'flows']"
1965_E,3100.0,"['constructive algorithms', 'games']"
1965_D,2900.0,['constructive algorithms']
1965_C,2300.0,"['constructive algorithms', 'greedy', 'strings']"
1965_B,1800.0,"['bitmasks', 'constructive algorithms', 'greedy', 'number theory']"
1965_A,1400.0,"['games', 'greedy', 'math', 'sortings']"
1958_J,3200.0,['*special']
1958_I,3100.0,"['*special', 'graphs', 'meet-in-the-middle']"
1958_H,2600.0,"['*special', 'dp']"
1958_G,2400.0,['*special']
1958_F,2000.0,"['*special', 'combinatorics']"
1958_E,1900.0,"['*special', 'constructive algorithms']"
1958_D,1600.0,['*special']
1958_C,1500.0,['*special']
1958_B,1400.0,"['*special', 'math']"
1958_A,1100.0,"['*special', 'dp']"
1957_F2,2700.0,"['binary search', 'data structures', 'dfs and similar', 'hashing', 'probabilities', 'trees']"
1957_F1,2600.0,"['binary search', 'data structures', 'divide and conquer', 'hashing', 'probabilities', 'trees']"
1957_E,2400.0,"['brute force', 'combinatorics', 'dp', 'math', 'number theory']"
1957_D,1900.0,"['bitmasks', 'brute force', 'dp', 'math']"
1957_C,1600.0,"['combinatorics', 'dp', 'math']"
1957_B,1100.0,"['bitmasks', 'constructive algorithms', 'greedy', 'implementation']"
1957_A,800.0,"['constructive algorithms', 'greedy']"
1956_F,3000.0,"['constructive algorithms', 'data structures', 'dsu', 'graphs', 'sortings']"
1956_E2,2700.0,"['brute force', 'greedy', 'implementation', 'math']"
1956_E1,2500.0,"['brute force', 'implementation', 'math']"
1956_D,2000.0,"['bitmasks', 'brute force', 'constructive algorithms', 'divide and conquer', 'dp', 'greedy', 'implementation', 'math']"
1956_C,1600.0,"['constructive algorithms', 'greedy', 'math']"
1956_B,800.0,"['games', 'greedy']"
1956_A,800.0,"['binary search', 'brute force', 'data structures', 'games', 'greedy']"
1955_H,2300.0,"['bitmasks', 'brute force', 'constructive algorithms', 'dp', 'flows', 'graph matchings', 'shortest paths']"
1955_G,1900.0,"['brute force', 'dfs and similar', 'dp', 'implementation', 'math', 'number theory']"
1955_F,1800.0,"['dp', 'games', 'greedy', 'math', 'schedules']"
1955_E,1700.0,"['brute force', 'greedy', 'implementation', 'sortings']"
1955_D,1400.0,"['data structures', 'two pointers']"
1955_C,1300.0,"['greedy', 'implementation', 'math']"
1955_B,1000.0,"['constructive algorithms', 'data structures', 'implementation', 'sortings']"
1955_A,800.0,['math']
1954_F,3100.0,"['combinatorics', 'dp', 'math']"
1954_E,2200.0,"['binary search', 'data structures', 'dsu', 'greedy', 'implementation', 'math', 'number theory']"
1954_D,1800.0,"['combinatorics', 'dp', 'math', 'sortings']"
1954_C,1200.0,"['greedy', 'math', 'number theory']"
1954_B,1200.0,"['implementation', 'math']"
1954_A,900.0,"['constructive algorithms', 'greedy', 'math']"
1951_I,3200.0,"['binary search', 'constructive algorithms', 'flows', 'graphs', 'greedy']"
1951_H,3200.0,"['binary search', 'dp', 'games', 'greedy', 'trees']"
1951_G,3100.0,"['combinatorics', 'math', 'probabilities']"
1951_F,2500.0,"['constructive algorithms', 'data structures', 'greedy']"
1951_E,2000.0,"['brute force', 'constructive algorithms', 'divide and conquer', 'greedy', 'hashing', 'implementation', 'math', 'strings']"
1951_D,2000.0,"['constructive algorithms', 'greedy', 'math']"
1951_C,1400.0,"['greedy', 'math', 'sortings']"
1951_B,1200.0,"['binary search', 'data structures', 'greedy']"
1951_A,900.0,"['constructive algorithms', 'greedy', 'math']"
1950_G,1900.0,"['bitmasks', 'dfs and similar', 'dp', 'graphs', 'hashing', 'implementation', 'strings']"
1950_F,1700.0,"['bitmasks', 'brute force', 'greedy', 'implementation', 'trees']"
1950_E,1500.0,"['brute force', 'implementation', 'number theory', 'strings']"
1950_D,1100.0,"['brute force', 'dp', 'implementation', 'number theory']"
1950_C,800.0,"['implementation', 'math']"
1950_B,800.0,['implementation']
1950_A,800.0,['implementation']
1949_K,2800.0,"['constructive algorithms', 'math']"
1949_J,2600.0,"['graphs', 'implementation', 'trees', 'two pointers']"
1949_I,1800.0,"['dfs and similar', 'geometry', 'graph matchings', 'graphs']"
1949_H,3100.0,"['greedy', 'math']"
1949_G,2300.0,"['graphs', 'greedy']"
1949_F,2200.0,"['greedy', 'sortings', 'trees']"
1949_E,2900.0,"['brute force', 'math']"
1949_D,2600.0,['constructive algorithms']
1949_C,1900.0,"['dfs and similar', 'dp', 'greedy', 'trees']"
1949_B,1500.0,"['binary search', 'brute force', 'greedy', 'sortings']"
1949_A,3300.0,"['brute force', 'dfs and similar', 'dp', 'geometry', 'probabilities']"
1948_G,3100.0,"['bitmasks', 'brute force', 'dsu', 'graph matchings', 'trees']"
1948_F,2500.0,"['combinatorics', 'math', 'probabilities']"
1948_E,2100.0,"['brute force', 'constructive algorithms', 'graphs', 'greedy', 'implementation']"
1948_D,1700.0,"['brute force', 'strings', 'two pointers']"
1948_C,1300.0,"['brute force', 'constructive algorithms', 'dfs and similar', 'dp', 'graphs', 'shortest paths']"
1948_B,1100.0,"['brute force', 'dp', 'greedy', 'implementation']"
1948_A,800.0,"['brute force', 'constructive algorithms']"
1946_F,2500.0,"['2-sat', 'data structures', 'dfs and similar', 'dp']"
1946_E,2200.0,"['combinatorics', 'dp', 'math', 'number theory']"
1946_D,1900.0,"['bitmasks', 'brute force', 'constructive algorithms', 'greedy', 'implementation']"
1946_C,1600.0,"['binary search', 'dp', 'greedy', 'implementation', 'trees']"
1946_B,1100.0,"['dp', 'greedy', 'math']"
1946_A,800.0,"['greedy', 'implementation', 'sortings']"
1945_H,2600.0,"['brute force', 'data structures', 'math', 'number theory']"
1945_G,2500.0,"['binary search', 'constructive algorithms', 'data structures', 'implementation']"
1945_F,1900.0,"['data structures', 'sortings']"
1945_E,1700.0,"['binary search', 'constructive algorithms', 'greedy']"
1945_D,1300.0,"['dp', 'greedy']"
1945_C,1200.0,['brute force']
1945_B,900.0,"['math', 'number theory']"
1945_A,800.0,"['greedy', 'math']"
1944_B,1100.0,"['bitmasks', 'constructive algorithms']"
1944_A,800.0,"['graphs', 'greedy', 'math']"
1943_F,3500.0,['dp']
1943_E2,3300.0,"['binary search', 'greedy', 'two pointers']"
1943_E1,2900.0,"['binary search', 'brute force', 'greedy']"
1943_D2,2800.0,"['combinatorics', 'dp']"
1943_D1,2400.0,"['brute force', 'combinatorics', 'dp', 'math']"
1943_C,2300.0,"['constructive algorithms', 'dfs and similar', 'greedy', 'trees']"
1943_B,2000.0,"['hashing', 'implementation', 'math', 'strings']"
1943_A,1300.0,"['games', 'greedy']"
1942_H,3500.0,"['data structures', 'dp', 'flows', 'trees']"
1942_G,2800.0,"['combinatorics', 'dp', 'math']"
1942_F,2700.0,"['brute force', 'data structures', 'implementation', 'math']"
1942_E,2300.0,"['combinatorics', 'games']"
1942_D,2100.0,"['binary search', 'data structures', 'dfs and similar', 'dp', 'greedy', 'implementation', 'sortings']"
1942_C2,1700.0,"['geometry', 'greedy', 'math']"
1942_C1,1300.0,"['geometry', 'greedy', 'math']"
1942_B,1100.0,"['constructive algorithms', 'math']"
1942_A,800.0,"['constructive algorithms', 'math']"
1941_G,2000.0,"['constructive algorithms', 'dfs and similar', 'graphs', 'shortest paths']"
1941_F,1800.0,"['binary search', 'greedy', 'sortings', 'two pointers']"
1941_E,1600.0,"['binary search', 'data structures', 'dp', 'two pointers']"
1941_D,1200.0,"['dfs and similar', 'dp', 'implementation']"
1941_C,900.0,"['dp', 'greedy', 'strings']"
1941_B,1000.0,"['brute force', 'dp', 'greedy', 'math']"
1941_A,800.0,"['brute force', 'math']"
1938_M,3500.0,[]
1938_L,2800.0,[]
1938_K,2400.0,[]
1938_J,2100.0,[]
1938_I,2800.0,[]
1938_H,1600.0,[]
1938_G,2300.0,[]
1938_F,2400.0,[]
1938_E,2200.0,[]
1938_D,3300.0,[]
1938_C,1900.0,[]
1938_B,3000.0,[]
1938_A,3500.0,[]
1937_B,1300.0,"['dp', 'greedy', 'implementation']"
1937_A,800.0,"['implementation', 'math']"
1936_F,3300.0,"['binary search', 'geometry']"
1936_E,3400.0,"['divide and conquer', 'fft', 'math']"
1936_D,3100.0,"['binary search', 'bitmasks', 'data structures', 'greedy', 'two pointers']"
1936_C,2400.0,"['data structures', 'graphs', 'greedy', 'implementation', 'shortest paths', 'sortings']"
1936_B,2000.0,"['binary search', 'data structures', 'implementation', 'math', 'two pointers']"
1936_A,1700.0,"['bitmasks', 'constructive algorithms', 'greedy', 'interactive', 'math']"
1935_F,2800.0,"['binary search', 'constructive algorithms', 'data structures', 'dfs and similar', 'dsu', 'greedy', 'implementation', 'trees']"
1935_E,2400.0,"['bitmasks', 'brute force', 'data structures', 'greedy', 'math']"
1935_D,1800.0,"['binary search', 'combinatorics', 'implementation', 'math']"
1935_C,1800.0,"['binary search', 'brute force', 'constructive algorithms', 'data structures', 'dp', 'greedy', 'sortings']"
1935_B,1200.0,['constructive algorithms']
1935_A,800.0,"['constructive algorithms', 'strings']"
1934_E,3000.0,"['brute force', 'constructive algorithms', 'number theory']"
1934_D2,2400.0,"['bitmasks', 'games', 'greedy', 'interactive']"
1934_D1,2100.0,"['bitmasks', 'constructive algorithms', 'greedy']"
1934_C,1700.0,"['binary search', 'constructive algorithms', 'geometry', 'greedy', 'interactive', 'math']"
1934_B,1200.0,"['brute force', 'dp', 'greedy', 'math']"
1934_A,800.0,"['greedy', 'math']"
1933_G,2300.0,"['bitmasks', 'brute force', 'combinatorics', 'constructive algorithms', 'dfs and similar', 'math']"
1933_F,2100.0,"['dfs and similar', 'dp', 'graphs', 'shortest paths']"
1933_E,1500.0,"['binary search', 'implementation', 'math', 'ternary search']"
1933_D,1200.0,"['constructive algorithms', 'greedy', 'math', 'number theory', 'sortings']"
1933_C,1100.0,"['brute force', 'implementation', 'math', 'number theory']"
1933_B,800.0,"['implementation', 'math', 'number theory']"
1933_A,800.0,"['greedy', 'math', 'sortings']"
1932_G,2300.0,"['graphs', 'math', 'number theory', 'shortest paths']"
1932_F,1900.0,"['data structures', 'dp', 'sortings']"
1932_E,1600.0,"['implementation', 'math', 'number theory']"
1932_D,1400.0,"['greedy', 'implementation']"
1932_C,1400.0,"['brute force', 'data structures', 'implementation', 'math', 'two pointers']"
1932_B,1100.0,['number theory']
1932_A,800.0,"['dp', 'greedy', 'implementation']"
1931_G,2000.0,"['combinatorics', 'math', 'number theory']"
1931_F,1700.0,"['combinatorics', 'dfs and similar', 'graphs']"
1931_E,1400.0,"['games', 'greedy', 'math', 'sortings']"
1931_D,1300.0,"['combinatorics', 'math', 'number theory']"
1931_C,1000.0,"['brute force', 'greedy', 'math']"
1931_B,800.0,['greedy']
1931_A,800.0,"['brute force', 'strings']"
1930_I,3500.0,['combinatorics']
1930_H,3300.0,"['constructive algorithms', 'dfs and similar', 'interactive', 'trees']"
1930_G,3100.0,"['data structures', 'dp', 'trees']"
1930_F,2700.0,"['bitmasks', 'brute force', 'dfs and similar']"
1930_E,2400.0,"['combinatorics', 'dp', 'math']"
1930_D2,2100.0,"['bitmasks', 'divide and conquer', 'dp', 'dsu', 'greedy', 'implementation', 'strings']"
1930_D1,1800.0,"['brute force', 'dp', 'greedy', 'strings']"
1930_C,1700.0,"['binary search', 'constructive algorithms', 'data structures', 'greedy', 'sortings']"
1930_B,1000.0,"['brute force', 'constructive algorithms', 'math']"
1930_A,800.0,"['greedy', 'sortings']"
1929_F,2300.0,"['brute force', 'combinatorics', 'data structures', 'dfs and similar', 'math', 'trees']"
1929_E,2300.0,"['bitmasks', 'brute force', 'dfs and similar', 'dp', 'graphs', 'greedy', 'math', 'trees']"
1929_D,1900.0,"['combinatorics', 'dp', 'math', 'trees']"
1929_C,1400.0,"['binary search', 'brute force', 'constructive algorithms', 'games', 'greedy', 'math']"
1929_B,800.0,"['constructive algorithms', 'greedy', 'math']"
1929_A,800.0,"['constructive algorithms', 'greedy', 'math', 'sortings']"
1928_F,2900.0,"['combinatorics', 'data structures', 'implementation', 'math']"
1928_E,2300.0,"['brute force', 'constructive algorithms', 'dp', 'graphs', 'greedy', 'math', 'number theory']"
1928_D,1900.0,"['brute force', 'data structures', 'greedy', 'math', 'ternary search']"
1928_C,1600.0,"['brute force', 'math', 'number theory']"
1928_B,1200.0,"['binary search', 'greedy', 'sortings', 'two pointers']"
1928_A,800.0,"['geometry', 'math']"
1927_G,2300.0,"['data structures', 'dp', 'greedy', 'math']"
1927_F,1900.0,"['data structures', 'dfs and similar', 'dsu', 'graphs', 'greedy', 'implementation', 'sortings', 'trees']"
1927_E,1400.0,"['constructive algorithms', 'math', 'two pointers']"
1927_D,1300.0,"['binary search', 'brute force', 'data structures', 'dp', 'dsu', 'greedy', 'two pointers']"
1927_C,1000.0,"['brute force', 'greedy', 'math']"
1927_B,900.0,"['constructive algorithms', 'greedy', 'strings']"
1927_A,800.0,"['greedy', 'strings']"
1926_G,1900.0,"['dfs and similar', 'dp', 'flows', 'graphs', 'greedy', 'implementation', 'trees']"
1926_F,2200.0,"['bitmasks', 'brute force', 'dfs and similar', 'dp', 'implementation']"
1926_E,1500.0,"['binary search', 'bitmasks', 'data structures', 'dp', 'implementation', 'math', 'number theory']"
1926_D,1300.0,"['bitmasks', 'greedy']"
1926_C,1200.0,"['dp', 'implementation']"
1926_B,800.0,"['geometry', 'implementation']"
1926_A,800.0,['implementation']
1925_D,1900.0,"['combinatorics', 'dp', 'math', 'probabilities']"
1925_B,1200.0,"['brute force', 'greedy', 'math', 'number theory']"
1925_A,800.0,"['constructive algorithms', 'greedy', 'strings']"
1924_F,3500.0,"['constructive algorithms', 'dp', 'interactive', 'ternary search']"
1924_E,3100.0,"['combinatorics', 'probabilities']"
1924_D,2700.0,"['combinatorics', 'dp', 'math']"
1924_C,2400.0,"['geometry', 'math', 'matrices']"
1924_B,2100.0,"['data structures', 'implementation', 'math', 'sortings']"
1924_A,1500.0,"['constructive algorithms', 'dp', 'greedy', 'shortest paths', 'strings']"
1923_F,2800.0,"['binary search', 'brute force', 'greedy', 'hashing', 'implementation', 'string suffix structures', 'strings']"
1923_E,2000.0,"['data structures', 'dfs and similar', 'dp', 'dsu', 'graphs', 'trees']"
1923_D,1800.0,"['binary search', 'constructive algorithms', 'data structures', 'greedy', 'two pointers']"
1923_C,1400.0,"['constructive algorithms', 'greedy']"
1923_B,1100.0,"['dp', 'greedy', 'implementation']"
1923_A,800.0,"['greedy', 'implementation']"
1922_F,2500.0,"['dp', 'graph matchings']"
1922_E,1800.0,"['bitmasks', 'constructive algorithms', 'divide and conquer', 'greedy', 'math']"
1922_D,1900.0,"['brute force', 'data structures', 'dsu', 'implementation', 'math']"
1922_C,1300.0,"['greedy', 'implementation', 'math']"
1922_B,1200.0,"['combinatorics', 'constructive algorithms', 'math', 'sortings']"
1922_A,800.0,"['constructive algorithms', 'implementation', 'strings']"
1921_G,2200.0,"['brute force', 'data structures', 'divide and conquer', 'dp', 'implementation']"
1921_F,1900.0,"['brute force', 'data structures', 'dp', 'implementation', 'math']"
1921_E,1600.0,"['brute force', 'games', 'greedy', 'math']"
1921_D,1100.0,"['data structures', 'greedy', 'sortings', 'two pointers']"
1921_C,900.0,"['greedy', 'math']"
1921_B,800.0,"['greedy', 'implementation']"
1921_A,800.0,"['greedy', 'math']"
1920_F2,3000.0,"['binary search', 'data structures', 'dsu', 'geometry', 'graphs', 'trees']"
1920_F1,2500.0,"['binary search', 'brute force', 'data structures', 'dfs and similar', 'dsu', 'graphs', 'shortest paths']"
1920_E,2100.0,"['combinatorics', 'dp', 'math']"
1920_D,1900.0,"['binary search', 'brute force', 'dsu', 'implementation', 'math']"
1920_C,1600.0,"['brute force', 'math', 'number theory']"
1920_B,1100.0,"['games', 'greedy', 'math', 'sortings']"
1920_A,800.0,"['brute force', 'greedy', 'math']"
1919_H,2000.0,"['interactive', 'trees']"
1919_G,3500.0,"['constructive algorithms', 'divide and conquer', 'games', 'trees']"
1919_F2,2800.0,"['data structures', 'dp', 'flows', 'greedy', 'matrices']"
1919_F1,2300.0,"['data structures', 'greedy']"
1919_E,2600.0,"['combinatorics', 'constructive algorithms', 'dp', 'implementation', 'math']"
1919_D,2100.0,"['constructive algorithms', 'data structures', 'dsu', 'greedy', 'sortings', 'trees']"
1919_C,1400.0,"['data structures', 'dp', 'greedy']"
1919_B,800.0,['greedy']
1919_A,800.0,"['games', 'math']"
1918_G,2700.0,"['constructive algorithms', 'math']"
1918_F,2500.0,"['dfs and similar', 'graphs', 'greedy', 'implementation', 'sortings', 'trees']"
1918_E,2200.0,"['constructive algorithms', 'divide and conquer', 'implementation', 'interactive', 'probabilities', 'sortings']"
1918_D,1900.0,"['binary search', 'data structures', 'dp', 'implementation', 'two pointers']"
1918_C,1400.0,"['bitmasks', 'greedy', 'implementation', 'math']"
1918_B,900.0,"['constructive algorithms', 'data structures', 'greedy', 'implementation', 'sortings']"
1918_A,800.0,"['constructive algorithms', 'greedy', 'implementation', 'math']"
1917_F,2500.0,"['bitmasks', 'constructive algorithms', 'dp', 'trees']"
1917_E,2500.0,"['constructive algorithms', 'math']"
1917_D,2300.0,"['combinatorics', 'data structures', 'dp', 'implementation', 'math', 'number theory']"
1917_C,1600.0,"['brute force', 'greedy', 'implementation', 'math']"
1917_B,1100.0,"['brute force', 'combinatorics', 'data structures', 'dp', 'strings']"
1917_A,800.0,"['constructive algorithms', 'math']"
1916_H2,2700.0,"['combinatorics', 'dp', 'math', 'matrices', 'string suffix structures']"
1916_H1,2700.0,"['brute force', 'combinatorics', 'dp', 'math', 'matrices']"
1916_G,3500.0,"['divide and conquer', 'dp', 'number theory', 'trees']"
1916_F,2900.0,"['constructive algorithms', 'dfs and similar', 'graphs', 'greedy']"
1916_E,2300.0,"['data structures', 'dfs and similar', 'greedy', 'trees']"
1916_D,1700.0,"['brute force', 'constructive algorithms', 'geometry', 'math']"
1916_C,1200.0,"['constructive algorithms', 'games', 'greedy', 'implementation', 'math']"
1916_B,1000.0,"['constructive algorithms', 'math', 'number theory']"
1916_A,800.0,"['constructive algorithms', 'implementation', 'math', 'number theory']"
1915_G,1800.0,"['graphs', 'greedy', 'implementation', 'shortest paths', 'sortings']"
1915_F,1500.0,"['data structures', 'divide and conquer', 'sortings']"
1915_E,1300.0,"['data structures', 'greedy', 'math']"
1915_D,900.0,"['greedy', 'implementation', 'strings']"
1915_C,800.0,"['binary search', 'implementation']"
1915_B,800.0,"['bitmasks', 'brute force', 'implementation']"
1915_A,800.0,"['bitmasks', 'implementation']"
1914_G2,2300.0,"['combinatorics', 'data structures', 'dfs and similar', 'dp', 'graphs', 'hashing']"
1914_G1,2100.0,"['brute force', 'combinatorics', 'dfs and similar', 'dp', 'dsu', 'graphs', 'math', 'trees']"
1914_F,1900.0,"['dfs and similar', 'dp', 'graph matchings', 'greedy', 'trees']"
1914_E2,1400.0,"['games', 'greedy', 'sortings']"
1914_E1,1400.0,"['brute force', 'games', 'greedy', 'sortings']"
1914_D,1200.0,"['brute force', 'dp', 'greedy', 'implementation', 'sortings']"
1914_C,1100.0,"['greedy', 'math']"
1914_B,800.0,"['constructive algorithms', 'math']"
1914_A,800.0,"['implementation', 'strings']"
1913_F,2800.0,"['binary search', 'data structures', 'hashing', 'string suffix structures', 'strings']"
1913_E,2400.0,"['flows', 'graphs']"
1913_D,2100.0,"['data structures', 'divide and conquer', 'dp', 'trees']"
1913_C,1300.0,"['binary search', 'bitmasks', 'brute force', 'greedy']"
1913_B,1000.0,['strings']
1913_A,800.0,['implementation']
1912_L,800.0,['strings']
1912_K,1800.0,"['bitmasks', 'combinatorics', 'dp']"
1912_J,2300.0,[]
1912_I,3300.0,"['geometry', 'math', 'two pointers']"
1912_H,2400.0,['graphs']
1912_G,2400.0,['data structures']
1912_F,3100.0,"['math', 'probabilities']"
1912_E,2200.0,"['constructive algorithms', 'implementation', 'math']"
1912_D,1900.0,['math']
1912_C,3300.0,['constructive algorithms']
1912_B,2100.0,"['combinatorics', 'divide and conquer', 'math']"
1912_A,1900.0,"['data structures', 'implementation', 'sortings']"
1910_J,2900.0,['*special']
1910_I,2700.0,"['*special', 'combinatorics', 'dp']"
1910_H,2400.0,"['*special', 'binary search', 'data structures']"
1910_G,2700.0,"['*special', 'greedy']"
1910_F,2000.0,"['*special', 'greedy', 'trees']"
1910_E,2100.0,"['*special', 'dp']"
1910_D,1800.0,"['*special', 'greedy']"
1910_C,1600.0,"['*special', '*special', 'implementation', 'implementation']"
1910_B,1600.0,"['*special', 'greedy']"
1910_A,1100.0,"['*special', 'implementation']"
1909_I,1900.0,"['combinatorics', 'dp', 'fft', 'math']"
1909_H,3500.0,"['constructive algorithms', 'data structures']"
1909_G,3000.0,"['hashing', 'strings']"
1909_F2,2500.0,"['combinatorics', 'dp', 'math']"
1909_F1,2200.0,"['brute force', 'combinatorics', 'dp', 'math']"
1909_E,2400.0,"['bitmasks', 'brute force', 'constructive algorithms', 'math', 'number theory']"
1909_D,1900.0,"['greedy', 'math', 'number theory']"
1909_C,1400.0,"['constructive algorithms', 'data structures', 'dsu', 'greedy', 'math', 'sortings']"
1909_B,1200.0,"['bitmasks', 'constructive algorithms', 'math', 'number theory']"
1909_A,800.0,"['implementation', 'math']"
1907_G,2200.0,"['brute force', 'constructive algorithms', 'dfs and similar', 'graphs', 'greedy', 'implementation']"
1907_F,1800.0,"['greedy', 'sortings']"
1907_E,1600.0,"['brute force', 'combinatorics', 'number theory']"
1907_D,1400.0,"['binary search', 'constructive algorithms']"
1907_C,1200.0,"['constructive algorithms', 'greedy', 'math', 'strings']"
1907_B,1000.0,"['data structures', 'implementation', 'strings']"
1907_A,800.0,['implementation']
1906_M,1700.0,"['greedy', 'math']"
1906_L,2500.0,['constructive algorithms']
1906_K,2500.0,"['divide and conquer', 'math']"
1906_J,2100.0,"['combinatorics', 'dp']"
1906_I,2900.0,['graph matchings']
1906_H,2200.0,"['combinatorics', 'dp']"
1906_G,2900.0,"['games', 'number theory']"
1906_F,2100.0,"['data structures', 'sortings']"
1906_E,1900.0,"['constructive algorithms', 'dp']"
1906_D,2800.0,"['binary search', 'geometry']"
1906_C,3000.0,['interactive']
1906_B,2600.0,"['bitmasks', 'constructive algorithms', 'hashing']"
1906_A,1000.0,['brute force']
1905_F,2600.0,"['brute force', 'data structures', 'divide and conquer']"
1905_E,2400.0,"['combinatorics', 'dfs and similar', 'dp', 'math', 'trees']"
1905_D,2000.0,"['data structures', 'implementation', 'math', 'two pointers']"
1905_C,1400.0,"['greedy', 'strings']"
1905_B,1100.0,"['greedy', 'trees']"
1905_A,800.0,"['constructive algorithms', 'math']"
1904_F,2800.0,"['data structures', 'dfs and similar', 'graphs', 'implementation', 'trees']"
1904_E,2500.0,"['data structures', 'dfs and similar', 'graphs', 'implementation', 'trees']"
1904_D2,1800.0,"['constructive algorithms', 'data structures', 'divide and conquer', 'greedy', 'implementation', 'sortings']"
1904_D1,1600.0,"['brute force', 'constructive algorithms', 'greedy']"
1904_C,1400.0,"['binary search', 'brute force', 'data structures', 'sortings', 'two pointers']"
1904_B,1100.0,"['binary search', 'dp', 'greedy', 'sortings', 'two pointers']"
1904_A,900.0,"['brute force', 'implementation']"
1903_F,2500.0,"['2-sat', 'binary search', 'data structures', 'graphs', 'trees']"
1903_E,2000.0,"['greedy', 'interactive', 'math']"
1903_D2,2500.0,"['bitmasks', 'divide and conquer', 'dp', 'greedy']"
1903_D1,1700.0,"['binary search', 'bitmasks', 'brute force', 'greedy']"
1903_C,1400.0,"['constructive algorithms', 'greedy']"
1903_B,1200.0,"['bitmasks', 'brute force', 'constructive algorithms', 'greedy']"
1903_A,800.0,"['brute force', 'greedy', 'sortings']"
1902_F,2400.0,"['data structures', 'dfs and similar', 'divide and conquer', 'graphs', 'implementation', 'math', 'trees']"
1902_E,1900.0,"['data structures', 'strings', 'trees']"
1902_D,1900.0,"['binary search', 'data structures', 'dp', 'implementation']"
1902_C,1300.0,"['brute force', 'constructive algorithms', 'greedy', 'math', 'number theory']"
1902_B,1100.0,"['binary search', 'brute force', 'greedy']"
1902_A,800.0,['constructive algorithms']
1901_F,2900.0,"['binary search', 'geometry', 'two pointers']"
1901_E,2200.0,"['dfs and similar', 'dp', 'graphs', 'greedy', 'sortings', 'trees']"
1901_D,1700.0,"['binary search', 'dp', 'greedy', 'implementation', 'math']"
1901_C,1400.0,"['constructive algorithms', 'greedy', 'math']"
1901_B,1100.0,"['greedy', 'math']"
1901_A,800.0,"['greedy', 'math']"
1900_F,2800.0,"['binary search', 'data structures', 'implementation']"
1900_E,2100.0,"['dfs and similar', 'dp', 'dsu', 'graphs', 'implementation']"
1900_D,2000.0,"['bitmasks', 'brute force', 'dp', 'math', 'number theory']"
1900_C,1300.0,"['dfs and similar', 'dp', 'trees']"
1900_B,900.0,"['dp', 'math']"
1900_A,800.0,"['constructive algorithms', 'greedy', 'implementation', 'strings']"
1899_G,1900.0,"['data structures', 'dfs and similar', 'dsu', 'shortest paths', 'sortings', 'trees', 'two pointers']"
1899_F,1600.0,"['constructive algorithms', 'graphs', 'greedy', 'shortest paths', 'trees']"
1899_E,1300.0,"['greedy', 'implementation', 'sortings']"
1899_D,1300.0,"['hashing', 'math', 'number theory']"
1899_C,1100.0,"['dp', 'greedy', 'two pointers']"
1899_B,1100.0,"['brute force', 'implementation', 'number theory']"
1899_A,800.0,"['games', 'math', 'number theory']"
1898_F,2600.0,"['brute force', 'dfs and similar', 'divide and conquer', 'shortest paths']"
1898_E,2200.0,"['data structures', 'greedy', 'sortings', 'strings', 'two pointers']"
1898_D,1900.0,"['greedy', 'math']"
1898_C,1700.0,['constructive algorithms']
1898_B,1500.0,"['greedy', 'math']"
1898_A,800.0,"['brute force', 'implementation', 'strings']"
1896_H2,3500.0,"['brute force', 'dp', 'fft', 'math', 'number theory']"
1896_H1,3400.0,"['brute force', 'divide and conquer', 'dp', 'fft', 'math', 'number theory']"
1896_G,3200.0,"['constructive algorithms', 'implementation', 'interactive', 'sortings']"
1896_F,2600.0,"['constructive algorithms', 'greedy', 'implementation', 'math']"
1896_E,2100.0,"['data structures', 'sortings']"
1896_D,1700.0,"['binary search', 'data structures', 'divide and conquer', 'math', 'two pointers']"
1896_C,1400.0,"['binary search', 'constructive algorithms', 'greedy', 'sortings']"
1896_B,900.0,"['greedy', 'strings', 'two pointers']"
1896_A,800.0,['sortings']
1895_G,3100.0,"['binary search', 'data structures', 'dp', 'flows', 'greedy']"
1895_F,2600.0,"['combinatorics', 'dp', 'math', 'matrices']"
1895_E,2300.0,"['binary search', 'brute force', 'data structures', 'dfs and similar', 'dp', 'dsu', 'games', 'graphs', 'greedy', 'sortings', 'two pointers']"
1895_D,1900.0,"['bitmasks', 'constructive algorithms', 'data structures', 'math', 'string suffix structures', 'trees']"
1895_C,1400.0,"['brute force', 'dp', 'hashing', 'implementation', 'math']"
1895_B,800.0,"['greedy', 'math', 'sortings']"
1895_A,800.0,['math']
1894_B,1000.0,['constructive algorithms']
1894_A,800.0,"['implementation', 'strings']"
1893_E,3500.0,"['combinatorics', 'dfs and similar', 'dp', 'graphs']"
1893_D,2600.0,"['constructive algorithms', 'data structures', 'greedy']"
1893_C,2000.0,"['brute force', 'greedy', 'implementation']"
1893_B,1700.0,"['constructive algorithms', 'greedy', 'sortings', 'two pointers']"
1893_A,1400.0,"['brute force', 'dfs and similar', 'graphs', 'implementation']"
1891_F,2000.0,"['data structures', 'dfs and similar', 'trees']"
1891_E,2500.0,"['brute force', 'greedy', 'implementation', 'math', 'sortings']"
1891_D,1900.0,"['binary search', 'brute force', 'math']"
1891_C,1500.0,"['binary search', 'constructive algorithms', 'greedy', 'sortings', 'two pointers']"
1891_B,1100.0,"['brute force', 'math', 'sortings']"
1891_A,800.0,"['constructive algorithms', 'sortings']"
1890_B,800.0,"['constructive algorithms', 'implementation']"
1890_A,800.0,['constructive algorithms']
1889_F,3500.0,"['data structures', 'dp', 'greedy', 'trees']"
1889_E,3500.0,"['dfs and similar', 'graphs', 'trees']"
1889_D,3000.0,"['brute force', 'dfs and similar', 'graphs', 'implementation', 'trees']"
1889_C2,2600.0,"['data structures', 'dp']"
1889_C1,2000.0,"['brute force', 'data structures', 'dp', 'greedy', 'sortings']"
1889_B,1700.0,"['constructive algorithms', 'greedy', 'math', 'sortings']"
1889_A,1300.0,"['constructive algorithms', 'greedy', 'implementation']"
1887_F,3400.0,['constructive algorithms']
1887_E,3100.0,"['binary search', 'constructive algorithms', 'graphs', 'interactive']"
1887_D,2700.0,"['binary search', 'data structures', 'divide and conquer', 'dsu', 'math', 'trees', 'two pointers']"
1887_C,2400.0,"['binary search', 'brute force', 'constructive algorithms', 'data structures', 'greedy', 'hashing', 'two pointers']"
1887_B,1900.0,"['binary search', 'graphs', 'shortest paths']"
1886_F,3300.0,"['data structures', 'greedy']"
1886_E,2400.0,"['bitmasks', 'constructive algorithms', 'dp', 'greedy', 'math', 'sortings', 'two pointers']"
1886_D,2100.0,"['combinatorics', 'data structures', 'math']"
1886_C,1600.0,"['implementation', 'strings']"
1886_B,1200.0,"['binary search', 'geometry', 'math']"
1886_A,800.0,"['brute force', 'constructive algorithms', 'math']"
1884_E,2800.0,"['greedy', 'implementation', 'math']"
1884_D,2100.0,"['dp', 'math', 'number theory']"
1884_C,1700.0,"['brute force', 'data structures', 'dp', 'greedy', 'sortings']"
1884_B,1100.0,"['binary search', 'greedy', 'math', 'two pointers']"
1884_A,800.0,"['brute force', 'greedy', 'math']"
1883_G2,1900.0,"['binary search', 'greedy', 'sortings', 'two pointers']"
1883_G1,1400.0,"['binary search', 'greedy', 'two pointers']"
1883_F,1400.0,['data structures']
1883_E,1700.0,"['bitmasks', 'greedy']"
1883_D,1500.0,"['data structures', 'greedy']"
1883_C,1000.0,"['dp', 'math']"
1883_B,900.0,['strings']
1883_A,800.0,['math']
1882_E2,3100.0,['constructive algorithms']
1882_E1,2400.0,"['brute force', 'constructive algorithms', 'greedy', 'number theory']"
1882_D,1900.0,"['bitmasks', 'dfs and similar', 'dp', 'greedy', 'trees']"
1882_C,1500.0,"['brute force', 'greedy']"
1882_B,1300.0,"['bitmasks', 'brute force', 'constructive algorithms', 'greedy']"
1882_A,800.0,['greedy']
1881_G,2000.0,"['binary search', 'data structures']"
1881_F,1700.0,"['dfs and similar', 'dp', 'graphs', 'shortest paths', 'trees']"
1881_E,1500.0,['dp']
1881_D,1300.0,"['math', 'number theory']"
1881_C,1200.0,"['brute force', 'implementation']"
1881_B,900.0,['math']
1881_A,800.0,"['brute force', 'strings']"
1879_F,2800.0,"['brute force', 'data structures', 'number theory']"
1879_E,2400.0,"['brute force', 'constructive algorithms', 'dfs and similar', 'graphs', 'implementation', 'interactive', 'trees']"
1879_D,1700.0,"['bitmasks', 'combinatorics', 'divide and conquer', 'dp', 'math']"
1879_C,1300.0,"['combinatorics', 'dp', 'greedy']"
1879_B,900.0,"['constructive algorithms', 'greedy']"
1879_A,800.0,['greedy']
1878_G,2300.0,"['binary search', 'bitmasks', 'brute force', 'data structures', 'dfs and similar', 'implementation', 'trees']"
1878_F,1900.0,"['brute force', 'math', 'number theory']"
1878_E,1400.0,"['binary search', 'bitmasks', 'data structures', 'greedy']"
1878_D,1600.0,"['data structures', 'greedy']"
1878_C,900.0,['math']
1878_B,800.0,"['constructive algorithms', 'math']"
1878_A,800.0,['greedy']
1877_C,1200.0,"['math', 'number theory']"
1877_A,800.0,['math']
1876_G,3500.0,"['binary search', 'brute force', 'data structures', 'greedy', 'trees']"
1876_F,3500.0,"['binary search', 'graphs']"
1876_E,3300.0,"['constructive algorithms', 'data structures', 'dp', 'trees']"
1876_D,2500.0,"['combinatorics', 'dfs and similar', 'dsu', 'graphs', 'two pointers']"
1876_C,2100.0,"['constructive algorithms', 'dfs and similar', 'graphs', 'greedy', 'sortings']"
1876_B,1500.0,"['combinatorics', 'number theory', 'sortings']"
1876_A,1000.0,"['greedy', 'sortings']"
1875_D,1600.0,['dp']
1875_C,1400.0,"['bitmasks', 'greedy', 'math', 'number theory']"
1875_A,900.0,"['brute force', 'greedy']"
1874_G,3500.0,['dp']
1874_F,3500.0,['dp']
1874_E,3000.0,"['dp', 'math']"
1874_D,2800.0,"['divide and conquer', 'dp', 'math', 'probabilities']"
1874_C,2300.0,"['dp', 'graphs', 'greedy', 'math', 'probabilities']"
1874_B,2400.0,"['bitmasks', 'brute force', 'dfs and similar', 'dp', 'graphs', 'shortest paths']"
1874_A,1200.0,"['brute force', 'games', 'greedy', 'implementation']"
1873_H,1700.0,"['dfs and similar', 'dsu', 'games', 'graphs', 'shortest paths', 'trees']"
1873_G,1500.0,"['constructive algorithms', 'greedy']"
1873_F,1300.0,"['binary search', 'greedy', 'math', 'two pointers']"
1873_E,1100.0,"['binary search', 'sortings']"
1873_D,800.0,"['greedy', 'implementation', 'two pointers']"
1873_C,800.0,"['implementation', 'math']"
1873_B,800.0,"['brute force', 'greedy', 'math']"
1873_A,800.0,"['brute force', 'implementation']"
1872_G,2000.0,"['brute force', 'greedy', 'math']"
1872_F,1800.0,"['dfs and similar', 'dsu', 'graphs', 'implementation', 'math']"
1872_E,1500.0,"['binary search', 'bitmasks', 'data structures', 'dp']"
1872_D,1200.0,['math']
1872_C,1100.0,"['math', 'number theory']"
1872_B,900.0,"['greedy', 'implementation']"
1872_A,800.0,"['brute force', 'greedy', 'math']"
1870_H,3500.0,"['data structures', 'graphs', 'greedy', 'trees']"
1870_G,3300.0,['data structures']
1870_F,2900.0,"['binary search', 'math']"
1870_E,2300.0,"['bitmasks', 'brute force', 'dp', 'shortest paths']"
1870_D,1800.0,"['greedy', 'implementation', 'sortings']"
1870_C,1300.0,"['binary search', 'data structures', 'dp', 'implementation', 'math', 'two pointers']"
1870_B,1200.0,"['bitmasks', 'greedy', 'math']"
1870_A,800.0,"['constructive algorithms', 'greedy', 'math']"
1869_B,1100.0,"['geometry', 'math', 'shortest paths', 'sortings']"
1869_A,900.0,['constructive algorithms']
1868_F,3500.0,"['data structures', 'greedy', 'implementation']"
1868_E,3500.0,"['constructive algorithms', 'dp', 'greedy']"
1868_D,3000.0,"['constructive algorithms', 'graphs', 'greedy', 'implementation', 'trees']"
1868_C,2400.0,"['combinatorics', 'dp', 'implementation', 'math', 'trees']"
1868_B2,2100.0,"['bitmasks', 'constructive algorithms', 'dp', 'greedy', 'implementation', 'math']"
1868_B1,1700.0,"['bitmasks', 'constructive algorithms', 'graphs', 'greedy', 'implementation', 'math']"
1868_A,1300.0,"['constructive algorithms', 'implementation']"
1867_F,2700.0,"['brute force', 'constructive algorithms', 'dfs and similar', 'greedy', 'hashing']"
1867_E2,2200.0,"['constructive algorithms', 'interactive']"
1867_E1,2000.0,"['constructive algorithms', 'interactive', 'math']"
1867_D,1800.0,"['brute force', 'constructive algorithms', 'dfs and similar', 'graphs', 'greedy', 'implementation']"
1867_C,1300.0,"['constructive algorithms', 'data structures', 'games', 'greedy', 'interactive']"
1867_B,1100.0,"['bitmasks', 'constructive algorithms', 'strings']"
1867_A,800.0,"['constructive algorithms', 'sortings']"
1866_M,2400.0,"['brute force', 'combinatorics', 'dp', 'math', 'probabilities']"
1866_L,2400.0,"['binary search', 'brute force', 'math']"
1866_K,2500.0,"['binary search', 'data structures', 'dp', 'geometry', 'graphs', 'implementation', 'trees']"
1866_J,2800.0,['dp']
1866_I,2300.0,"['dp', 'games', 'two pointers']"
1866_H,2100.0,['combinatorics']
1866_G,2100.0,"['binary search', 'data structures', 'dp', 'flows', 'greedy']"
1866_F,3100.0,"['binary search', 'data structures', 'sortings']"
1866_E,2700.0,['dp']
1866_D,2300.0,"['dp', 'greedy']"
1866_C,1900.0,"['dfs and similar', 'dp', 'graphs']"
1866_B,1400.0,"['combinatorics', 'math', 'number theory']"
1866_A,800.0,['math']
1864_I,3500.0,"['graphs', 'greedy']"
1864_H,3200.0,"['dp', 'math', 'matrices']"
1864_G,3100.0,"['combinatorics', 'constructive algorithms', 'implementation']"
1864_F,2300.0,"['data structures', 'implementation', 'sortings']"
1864_E,2100.0,"['bitmasks', 'data structures', 'games', 'math', 'probabilities', 'sortings', 'strings', 'trees']"
1864_D,1700.0,"['brute force', 'constructive algorithms', 'data structures', 'dp', 'greedy', 'math']"
1864_C,1300.0,"['bitmasks', 'constructive algorithms', 'math', 'number theory']"
1864_B,1100.0,"['constructive algorithms', 'greedy', 'sortings', 'strings']"
1864_A,800.0,"['constructive algorithms', 'greedy', 'implementation', 'math']"
1863_I,3500.0,"['constructive algorithms', 'dp', 'trees']"
1863_H,3500.0,"['dp', 'trees']"
1863_G,2800.0,"['combinatorics', 'dp', 'graphs', 'math']"
1863_F,2600.0,"['bitmasks', 'dp', 'math']"
1863_E,2100.0,"['brute force', 'dfs and similar', 'dp', 'graphs', 'greedy', 'math', 'sortings', 'two pointers']"
1863_D,1400.0,"['constructive algorithms', 'greedy']"
1863_C,1100.0,"['implementation', 'math']"
1863_B,1100.0,"['greedy', 'math', 'sortings']"
1863_A,800.0,"['greedy', 'implementation']"
1862_G,2000.0,"['binary search', 'data structures', 'math', 'sortings']"
1862_F,1800.0,"['binary search', 'bitmasks', 'brute force', 'dp']"
1862_E,1600.0,"['constructive algorithms', 'data structures', 'greedy']"
1862_D,1300.0,"['binary search', 'combinatorics', 'constructive algorithms', 'math']"
1862_C,1100.0,"['binary search', 'data structures', 'implementation', 'sortings']"
1862_B,800.0,['constructive algorithms']
1862_A,800.0,"['dp', 'greedy', 'implementation', 'strings']"
1861_F,3200.0,"['binary search', 'bitmasks', 'flows', 'greedy']"
1861_E,2300.0,"['combinatorics', 'dp', 'implementation', 'math']"
1861_D,1800.0,"['dp', 'greedy']"
1861_C,1600.0,"['data structures', 'dfs and similar', 'implementation', 'strings', 'trees']"
1861_B,1000.0,"['constructive algorithms', 'dp', 'greedy']"
1861_A,800.0,"['constructive algorithms', 'math']"
1860_F,2900.0,"['data structures', 'geometry', 'implementation', 'math', 'sortings']"
1860_E,2400.0,"['data structures', 'dfs and similar', 'graphs', 'shortest paths']"
1860_D,2200.0,['dp']
1860_C,1400.0,"['data structures', 'dp', 'games', 'greedy']"
1860_B,1200.0,"['binary search', 'brute force', 'greedy', 'math']"
1860_A,900.0,"['constructive algorithms', 'strings']"
1859_F,3200.0,"['data structures', 'dfs and similar', 'divide and conquer', 'graphs', 'shortest paths', 'trees']"
1859_E,2500.0,"['brute force', 'dp', 'math']"
1859_D,1800.0,"['binary search', 'data structures', 'dp', 'dsu', 'greedy', 'sortings']"
1859_C,1200.0,"['brute force', 'dp', 'greedy', 'math']"
1859_B,1000.0,"['constructive algorithms', 'greedy', 'math', 'sortings']"
1859_A,800.0,"['constructive algorithms', 'math', 'number theory']"
1858_E2,2600.0,"['data structures', 'interactive', 'trees']"
1858_E1,2500.0,"['brute force', 'data structures', 'dfs and similar', 'trees']"
1858_D,2200.0,"['brute force', 'data structures', 'dp', 'greedy', 'two pointers']"
1858_C,1000.0,"['constructive algorithms', 'greedy', 'math', 'number theory']"
1858_B,1500.0,"['brute force', 'dp', 'greedy', 'math', 'number theory']"
1858_A,800.0,"['games', 'greedy', 'math']"
1857_G,2000.0,"['combinatorics', 'divide and conquer', 'dsu', 'graphs', 'greedy', 'sortings', 'trees']"
1857_F,1600.0,"['binary search', 'data structures', 'math']"
1857_E,1500.0,"['math', 'sortings']"
1857_D,1300.0,"['math', 'sortings', 'trees']"
1857_C,1200.0,"['greedy', 'sortings']"
1857_B,1100.0,"['greedy', 'implementation', 'math']"
1857_A,800.0,"['greedy', 'math']"
1856_E2,2700.0,"['bitmasks', 'dfs and similar', 'dp', 'fft', 'greedy', 'implementation', 'math', 'trees']"
1856_E1,1800.0,"['dfs and similar', 'dp', 'trees']"
1856_D,2100.0,"['divide and conquer', 'interactive']"
1856_C,1600.0,"['binary search', 'brute force', 'data structures', 'dp']"
1856_B,900.0,"['implementation', 'math']"
1856_A,800.0,['implementation']
1855_B,900.0,"['brute force', 'combinatorics', 'greedy', 'math', 'number theory']"
1855_A,800.0,"['greedy', 'math']"
1854_F,3500.0,"['brute force', 'dp']"
1854_E,3000.0,"['brute force', 'constructive algorithms', 'dp', 'greedy', 'math']"
1854_D,3000.0,"['binary search', 'interactive', 'trees']"
1854_C,2500.0,"['combinatorics', 'dp', 'math', 'probabilities']"
1854_B,2200.0,"['bitmasks', 'brute force', 'dp']"
1854_A2,1900.0,"['constructive algorithms', 'math']"
1854_A1,1400.0,"['constructive algorithms', 'math']"
1853_B,1200.0,"['binary search', 'brute force', 'math']"
1853_A,800.0,"['brute force', 'greedy', 'math']"
1852_F,3500.0,"['data structures', 'dp', 'flows']"
1852_E,3400.0,"['constructive algorithms', 'data structures', 'greedy']"
1852_D,2800.0,"['constructive algorithms', 'dp', 'greedy']"
1852_C,2400.0,"['data structures', 'dp', 'greedy', 'math']"
1852_B,1800.0,"['constructive algorithms', 'graphs', 'greedy', 'math', 'sortings', 'two pointers']"
1852_A,1800.0,"['binary search', 'math', 'number theory']"
1851_G,2000.0,"['binary search', 'data structures', 'dsu', 'graphs', 'implementation', 'sortings', 'trees', 'two pointers']"
1851_F,1800.0,"['bitmasks', 'greedy', 'math', 'strings', 'trees']"
1851_E,1500.0,"['dfs and similar', 'dp', 'graphs', 'sortings']"
1851_D,1300.0,"['implementation', 'math']"
1851_C,1000.0,['greedy']
1851_B,800.0,"['greedy', 'sortings', 'two pointers']"
1851_A,800.0,"['brute force', 'constructive algorithms', 'math']"
1850_H,1700.0,"['dfs and similar', 'dsu', 'graphs', 'greedy', 'implementation']"
1850_G,1500.0,"['combinatorics', 'data structures', 'geometry', 'implementation', 'math', 'sortings']"
1850_F,1300.0,"['brute force', 'implementation', 'math', 'number theory']"
1850_E,1100.0,"['binary search', 'geometry', 'implementation', 'math']"
1850_D,900.0,"['brute force', 'greedy', 'implementation', 'sortings']"
1850_C,800.0,"['implementation', 'strings']"
1850_B,800.0,"['implementation', 'sortings']"
1850_A,800.0,"['implementation', 'sortings']"
1849_F,2700.0,"['binary search', 'bitmasks', 'data structures', 'divide and conquer', 'greedy', 'trees']"
1849_E,2300.0,"['binary search', 'data structures', 'divide and conquer', 'dp', 'dsu', 'two pointers']"
1849_D,1700.0,"['constructive algorithms', 'greedy', 'two pointers']"
1849_C,1600.0,"['binary search', 'brute force', 'data structures', 'hashing', 'strings']"
1849_B,1000.0,"['greedy', 'math', 'sortings']"
1849_A,800.0,"['implementation', 'math']"
1848_F,2400.0,"['binary search', 'bitmasks', 'combinatorics', 'divide and conquer', 'dp', 'math']"
1848_E,2600.0,"['brute force', 'implementation', 'math', 'number theory']"
1848_D,2200.0,"['binary search', 'brute force', 'math', 'ternary search']"
1848_C,1800.0,"['math', 'number theory']"
1848_B,1200.0,"['binary search', 'data structures', 'greedy', 'implementation', 'math', 'sortings']"
1848_A,900.0,"['games', 'math']"
1847_F,2500.0,"['binary search', 'bitmasks', 'data structures', 'dfs and similar', 'greedy', 'math', 'sortings']"
1847_E,2900.0,"['brute force', 'combinatorics', 'implementation', 'interactive', 'math', 'probabilities']"
1847_D,1900.0,"['data structures', 'dsu', 'greedy', 'implementation', 'strings']"
1847_C,1400.0,"['bitmasks', 'brute force', 'dp', 'greedy']"
1847_B,1000.0,"['bitmasks', 'greedy', 'two pointers']"
1847_A,800.0,"['greedy', 'sortings']"
1846_G,1900.0,"['bitmasks', 'dp', 'graphs', 'greedy', 'shortest paths']"
1846_F,1800.0,"['constructive algorithms', 'implementation', 'interactive']"
1846_E2,1800.0,"['binary search', 'brute force', 'implementation', 'math']"
1846_E1,1300.0,"['brute force', 'implementation', 'math']"
1846_D,1200.0,"['constructive algorithms', 'geometry', 'math']"
1846_C,1200.0,"['constructive algorithms', 'data structures', 'dp', 'greedy', 'sortings']"
1846_B,800.0,"['brute force', 'implementation', 'strings']"
1846_A,800.0,"['implementation', 'math']"
1845_F,2800.0,"['dp', 'fft', 'math', 'number theory']"
1845_E,2500.0,"['dp', 'implementation', 'math']"
1845_D,1800.0,"['binary search', 'brute force', 'data structures', 'dp', 'dsu', 'greedy', 'math', 'two pointers']"
1845_C,1400.0,"['binary search', 'dp', 'greedy', 'strings']"
1845_B,900.0,"['geometry', 'implementation', 'math']"
1845_A,800.0,"['constructive algorithms', 'implementation', 'math', 'number theory']"
1844_H,3400.0,"['combinatorics', 'data structures', 'dp', 'dsu', 'math']"
1844_G,3000.0,"['bitmasks', 'constructive algorithms', 'data structures', 'dfs and similar', 'implementation', 'math', 'matrices', 'number theory', 'trees']"
1844_F2,2800.0,"['binary search', 'constructive algorithms', 'data structures', 'greedy', 'math', 'sortings']"
1844_F1,2600.0,"['brute force', 'constructive algorithms', 'greedy', 'math']"
1844_E,2400.0,"['2-sat', 'constructive algorithms', 'dfs and similar', 'dsu', 'graphs']"
1844_D,1400.0,"['constructive algorithms', 'greedy', 'math', 'number theory', 'strings']"
1844_C,1300.0,"['dp', 'greedy', 'implementation', 'math']"
1844_B,1000.0,"['constructive algorithms', 'math']"
1844_A,800.0,"['constructive algorithms', 'games']"
1843_F2,2300.0,"['data structures', 'dfs and similar', 'divide and conquer', 'dp', 'math', 'trees']"
1843_F1,1800.0,"['data structures', 'dfs and similar', 'dp', 'graphs', 'greedy', 'math', 'trees']"
1843_E,1600.0,"['binary search', 'brute force', 'data structures', 'two pointers']"
1843_D,1200.0,"['combinatorics', 'dfs and similar', 'dp', 'math', 'trees']"
1843_C,800.0,"['bitmasks', 'combinatorics', 'math', 'trees']"
1843_B,800.0,"['greedy', 'math', 'two pointers']"
1843_A,800.0,"['greedy', 'sortings', 'two pointers']"
1842_I,3500.0,"['divide and conquer', 'dp', 'greedy']"
1842_H,3000.0,"['bitmasks', 'dp', 'graphs', 'math', 'probabilities']"
1842_G,2800.0,"['combinatorics', 'dp', 'math', 'probabilities']"
1842_F,2500.0,"['dfs and similar', 'greedy', 'shortest paths', 'sortings', 'trees']"
1842_E,2300.0,"['data structures', 'dp', 'geometry', 'greedy', 'math']"
1842_D,1900.0,"['constructive algorithms', 'graphs', 'greedy']"
1842_C,1500.0,['dp']
1842_B,1100.0,"['bitmasks', 'greedy', 'math']"
1842_A,800.0,"['games', 'math']"
1841_F,2700.0,"['geometry', 'sortings', 'two pointers']"
1841_E,2200.0,"['data structures', 'greedy', 'math']"
1841_D,2000.0,"['data structures', 'greedy', 'sortings', 'two pointers']"
1841_C,1800.0,"['brute force', 'dp', 'greedy', 'math', 'strings']"
1841_B,1000.0,['implementation']
1841_A,800.0,"['constructive algorithms', 'games']"
1840_G2,2500.0,"['constructive algorithms', 'interactive', 'math', 'meet-in-the-middle', 'probabilities']"
1840_G1,2200.0,"['constructive algorithms', 'interactive', 'math', 'meet-in-the-middle', 'probabilities']"
1840_F,2200.0,"['brute force', 'dfs and similar', 'dp', 'graphs']"
1840_E,1600.0,"['data structures', 'hashing', 'implementation']"
1840_D,1400.0,"['binary search', 'greedy', 'sortings']"
1840_C,1000.0,"['combinatorics', 'math', 'two pointers']"
1840_B,1100.0,"['bitmasks', 'combinatorics', 'math']"
1840_A,800.0,"['implementation', 'strings', 'two pointers']"
1839_E,2400.0,"['constructive algorithms', 'dfs and similar', 'dp', 'greedy', 'interactive']"
1839_D,2100.0,"['data structures', 'dp', 'sortings']"
1839_C,1300.0,['constructive algorithms']
1839_B,1100.0,"['greedy', 'sortings']"
1839_A,800.0,"['greedy', 'implementation', 'math']"
1838_F,3000.0,"['binary search', 'constructive algorithms', 'interactive']"
1838_E,2500.0,"['combinatorics', 'dp', 'math']"
1838_D,2100.0,"['data structures', 'greedy', 'strings']"
1838_C,1400.0,"['constructive algorithms', 'math', 'number theory']"
1838_B,1100.0,"['constructive algorithms', 'math']"
1838_A,800.0,"['constructive algorithms', 'math']"
1837_F,2400.0,"['binary search', 'data structures', 'greedy', 'implementation']"
1837_E,2200.0,"['combinatorics', 'trees']"
1837_D,1400.0,"['constructive algorithms', 'greedy']"
1837_C,1000.0,"['constructive algorithms', 'greedy']"
1837_B,900.0,['greedy']
1837_A,800.0,"['constructive algorithms', 'math']"
1836_B,1100.0,"['greedy', 'math']"
1836_A,800.0,"['implementation', 'sortings']"
1835_F,3500.0,"['bitmasks', 'dfs and similar', 'graph matchings', 'graphs', 'implementation']"
1835_E,3500.0,"['combinatorics', 'dp', 'probabilities']"
1835_D,2900.0,"['dfs and similar', 'graphs', 'math', 'number theory']"
1835_C,2600.0,"['bitmasks', 'brute force', 'constructive algorithms', 'math', 'probabilities']"
1835_B,2500.0,"['binary search', 'brute force', 'greedy', 'math', 'two pointers']"
1835_A,1700.0,"['brute force', 'implementation', 'math']"
1834_F,2500.0,"['brute force', 'math']"
1834_E,2300.0,"['binary search', 'data structures', 'implementation', 'math', 'number theory']"
1834_D,1900.0,"['brute force', 'data structures', 'greedy', 'implementation', 'sortings']"
1834_C,1200.0,"['games', 'greedy', 'math', 'strings']"
1834_B,1000.0,"['greedy', 'math']"
1834_A,800.0,"['greedy', 'math']"
1833_G,1800.0,"['constructive algorithms', 'dfs and similar', 'dp', 'dsu', 'greedy', 'implementation', 'trees']"
1833_F,1700.0,"['combinatorics', 'constructive algorithms', 'data structures', 'implementation', 'math', 'sortings', 'two pointers']"
1833_E,1600.0,"['dfs and similar', 'dsu', 'graphs', 'shortest paths']"
1833_D,1400.0,"['brute force', 'constructive algorithms', 'greedy']"
1833_C,800.0,"['greedy', 'math']"
1833_B,900.0,"['greedy', 'sortings']"
1833_A,800.0,"['implementation', 'strings']"
1832_F,3200.0,"['binary search', 'dp']"
1832_E,2200.0,"['brute force', 'combinatorics', 'dp']"
1832_D2,2400.0,"['binary search', 'constructive algorithms', 'greedy', 'implementation', 'math']"
1832_D1,2100.0,"['binary search', 'greedy', 'implementation', 'math']"
1832_C,1200.0,"['greedy', 'implementation']"
1832_B,1100.0,"['brute force', 'sortings', 'two pointers']"
1832_A,800.0,['strings']
1831_B,1000.0,"['constructive algorithms', 'greedy']"
1831_A,800.0,['constructive algorithms']
1830_F,3200.0,"['data structures', 'dp']"
1830_E,3500.0,"['data structures', 'math']"
1830_D,2800.0,"['brute force', 'dp', 'trees']"
1830_C,2400.0,"['combinatorics', 'greedy', 'hashing', 'math', 'number theory', 'sortings']"
1830_B,2000.0,"['brute force', 'math']"
1830_A,1400.0,"['dfs and similar', 'dp', 'graphs', 'trees']"
1829_H,1700.0,"['bitmasks', 'combinatorics', 'dp', 'math']"
1829_G,1600.0,"['data structures', 'dp', 'implementation', 'math']"
1829_F,1300.0,"['dfs and similar', 'graphs', 'math']"
1829_E,1100.0,"['dfs and similar', 'dsu', 'graphs', 'implementation']"
1829_D,1000.0,"['brute force', 'dfs and similar', 'dp', 'implementation']"
1829_C,800.0,"['bitmasks', 'greedy', 'implementation']"
1829_B,800.0,['implementation']
1829_A,800.0,"['implementation', 'strings']"
1828_B,900.0,"['math', 'number theory']"
1828_A,800.0,"['constructive algorithms', 'math']"
1827_F,3500.0,"['constructive algorithms', 'data structures', 'greedy']"
1827_E,3400.0,"['binary search', 'constructive algorithms', 'dfs and similar', 'greedy', 'trees']"
1827_D,2800.0,"['data structures', 'dfs and similar', 'greedy', 'trees']"
1827_C,2600.0,"['binary search', 'brute force', 'data structures', 'dp', 'hashing', 'strings']"
1827_B2,2400.0,"['binary search', 'data structures', 'dp', 'greedy']"
1827_B1,2000.0,"['binary search', 'dp', 'dsu', 'greedy', 'trees', 'two pointers']"
1827_A,1100.0,"['combinatorics', 'math', 'sortings', 'two pointers']"
1826_F,2800.0,"['geometry', 'interactive', 'math', 'probabilities']"
1826_E,2400.0,"['bitmasks', 'brute force', 'data structures', 'dp', 'graphs', 'implementation', 'sortings']"
1826_D,1700.0,"['brute force', 'dp', 'greedy']"
1826_C,1300.0,"['greedy', 'math', 'number theory']"
1826_B,1100.0,"['math', 'number theory']"
1826_A,1200.0,"['brute force', 'greedy', 'implementation', 'sortings']"
1825_B,1000.0,"['greedy', 'math']"
1825_A,800.0,"['greedy', 'strings']"
1824_E,3500.0,"['data structures', 'trees']"
1824_D,3000.0,['data structures']
1824_C,2500.0,"['data structures', 'dfs and similar', 'dp', 'dsu', 'greedy', 'trees']"
1824_B2,2300.0,"['combinatorics', 'dfs and similar', 'math', 'probabilities', 'trees']"
1824_B1,1800.0,"['combinatorics', 'math', 'probabilities', 'trees']"
1824_A,1400.0,"['greedy', 'implementation']"
1823_F,2600.0,"['dp', 'graphs', 'math', 'probabilities', 'trees']"
1823_E,2500.0,"['brute force', 'dp', 'games', 'graphs', 'math']"
1823_D,1900.0,"['constructive algorithms', 'math', 'strings']"
1823_C,1300.0,"['greedy', 'math', 'number theory']"
1823_B,900.0,"['brute force', 'math', 'sortings']"
1823_A,800.0,"['combinatorics', 'constructive algorithms', 'math']"
1822_G2,2200.0,"['brute force', 'data structures', 'math', 'number theory']"
1822_G1,1700.0,"['brute force', 'data structures', 'math', 'number theory']"
1822_F,1700.0,"['brute force', 'dfs and similar', 'dp', 'graphs', 'trees']"
1822_E,1600.0,"['greedy', 'math', 'strings']"
1822_D,1200.0,"['constructive algorithms', 'math']"
1822_C,800.0,['math']
1822_B,800.0,"['greedy', 'math', 'sortings']"
1822_A,800.0,"['brute force', 'implementation']"
1821_F,2600.0,"['combinatorics', 'dp', 'fft', 'math']"
1821_E,2100.0,"['brute force', 'dp', 'greedy', 'sortings', 'strings']"
1821_D,1900.0,"['binary search', 'brute force', 'greedy', 'math']"
1821_C,1300.0,"['brute force', 'implementation', 'math', 'strings']"
1821_B,1100.0,"['brute force', 'greedy']"
1821_A,800.0,"['combinatorics', 'math']"
1820_B,1100.0,"['math', 'strings', 'two pointers']"
1820_A,800.0,"['implementation', 'strings']"
1819_F,3500.0,"['data structures', 'dp']"
1819_E,3200.0,"['interactive', 'math', 'probabilities', 'trees']"
1819_D,2800.0,"['brute force', 'data structures', 'dp', 'two pointers']"
1819_C,2400.0,"['constructive algorithms', 'dp', 'implementation', 'math', 'trees']"
1819_B,1900.0,"['geometry', 'greedy', 'implementation', 'sortings', 'two pointers']"
1819_A,1300.0,"['brute force', 'greedy']"
1818_B,900.0,['constructive algorithms']
1818_A,800.0,"['greedy', 'implementation']"
1817_F,3500.0,"['string suffix structures', 'strings']"
1817_E,3400.0,"['brute force', 'divide and conquer', 'greedy']"
1817_D,2700.0,"['constructive algorithms', 'games', 'implementation']"
1817_C,2400.0,"['combinatorics', 'math']"
1817_B,1900.0,"['brute force', 'constructive algorithms', 'dfs and similar', 'graphs']"
1817_A,1500.0,"['binary search', 'data structures', 'greedy']"
1816_B,1000.0,"['constructive algorithms', 'greedy']"
1816_A,800.0,"['constructive algorithms', 'geometry', 'number theory']"
1815_F,3500.0,"['constructive algorithms', 'graphs', 'math']"
1815_E,3100.0,"['dp', 'math', 'number theory', 'strings']"
1815_D,2600.0,"['bitmasks', 'combinatorics', 'dp', 'math']"
1815_C,2200.0,"['constructive algorithms', 'dfs and similar', 'graphs', 'greedy']"
1815_B,2000.0,"['brute force', 'constructive algorithms', 'graphs', 'implementation', 'interactive', 'shortest paths', 'trees']"
1815_A,1300.0,"['greedy', 'math']"
1814_F,2700.0,"['brute force', 'divide and conquer', 'dsu']"
1814_E,2300.0,"['data structures', 'dp', 'matrices']"
1814_D,2500.0,"['binary search', 'brute force', 'data structures', 'math', 'two pointers']"
1814_C,1500.0,"['constructive algorithms', 'greedy', 'sortings']"
1814_B,1700.0,"['brute force', 'math']"
1814_A,800.0,"['implementation', 'math']"
1811_G2,2200.0,"['binary search', 'combinatorics', 'data structures', 'dp', 'math', 'two pointers']"
1811_G1,2100.0,"['combinatorics', 'dp', 'math']"
1811_F,2100.0,"['dfs and similar', 'graphs', 'implementation']"
1811_E,1500.0,"['binary search', 'dp', 'math', 'number theory']"
1811_D,1600.0,"['constructive algorithms', 'implementation', 'math']"
1811_C,1100.0,"['constructive algorithms', 'greedy']"
1811_B,1000.0,"['implementation', 'math']"
1811_A,800.0,"['greedy', 'math', 'strings']"
1810_H,2900.0,"['combinatorics', 'math']"
1810_G,3200.0,['dp']
1810_F,2800.0,"['data structures', 'math', 'sortings', 'trees']"
1810_E,2100.0,"['brute force', 'data structures', 'dfs and similar', 'dsu', 'graphs', 'greedy']"
1810_D,1700.0,"['binary search', 'math']"
1810_C,1300.0,"['brute force', 'greedy', 'sortings']"
1810_B,800.0,"['constructive algorithms', 'math', 'number theory']"
1810_A,800.0,"['brute force', 'greedy']"
1809_G,2800.0,"['combinatorics', 'dp', 'math']"
1809_F,2500.0,"['binary search', 'data structures', 'graphs', 'greedy', 'implementation']"
1809_E,2400.0,"['binary search', 'dp', 'implementation', 'math']"
1809_D,1800.0,"['constructive algorithms', 'greedy']"
1809_C,1500.0,"['constructive algorithms', 'greedy', 'math']"
1809_B,1000.0,"['binary search', 'greedy', 'math']"
1809_A,800.0,['implementation']
1808_E3,2800.0,"['brute force', 'combinatorics', 'dp', 'math']"
1808_E2,2500.0,"['combinatorics', 'divide and conquer', 'dp', 'matrices']"
1808_E1,2200.0,"['combinatorics', 'divide and conquer', 'dp']"
1808_D,2100.0,"['binary search', 'brute force', 'data structures', 'two pointers']"
1808_C,1900.0,"['brute force', 'dp', 'greedy', 'implementation']"
1808_B,1200.0,"['math', 'sortings']"
1808_A,900.0,"['brute force', 'implementation']"
1807_G2,1100.0,"['bitmasks', 'dp', 'greedy', 'implementation', 'sortings']"
1807_G1,1100.0,"['brute force', 'data structures', 'dp', 'greedy', 'implementation', 'sortings']"
1807_F,1700.0,"['brute force', 'dfs and similar', 'implementation']"
1807_E,1300.0,"['binary search', 'implementation', 'interactive']"
1807_D,900.0,"['data structures', 'implementation']"
1807_C,800.0,"['greedy', 'implementation', 'strings']"
1807_B,800.0,['greedy']
1807_A,800.0,['implementation']
1806_F2,2900.0,"['greedy', 'math', 'sortings']"
1806_F1,2900.0,"['greedy', 'math', 'number theory', 'sortings']"
1806_E,2200.0,"['brute force', 'data structures', 'dfs and similar', 'trees']"
1806_D,2500.0,"['combinatorics', 'dp', 'dsu', 'math']"
1806_C,1600.0,"['brute force', 'constructive algorithms', 'math']"
1806_B,900.0,"['constructive algorithms', 'greedy']"
1806_A,800.0,"['geometry', 'greedy', 'math']"
1805_F2,3100.0,"['greedy', 'math', 'sortings', 'two pointers']"
1805_F1,2600.0,"['binary search', 'brute force', 'implementation', 'math', 'sortings']"
1805_E,2300.0,"['brute force', 'data structures', 'dfs and similar', 'dp', 'trees', 'two pointers']"
1805_D,1800.0,"['dfs and similar', 'dp', 'graphs', 'greedy', 'trees']"
1805_C,1400.0,"['binary search', 'data structures', 'geometry', 'math']"
1805_B,800.0,"['greedy', 'strings']"
1805_A,800.0,"['bitmasks', 'brute force']"
1804_H,3300.0,"['bitmasks', 'dp']"
1804_G,3500.0,"['data structures', 'dsu', 'implementation']"
1804_F,2700.0,"['binary search', 'divide and conquer', 'graphs', 'shortest paths']"
1804_E,2400.0,"['bitmasks', 'brute force', 'dfs and similar', 'dp', 'graphs']"
1804_D,2000.0,"['brute force', 'dp', 'greedy', 'implementation']"
1804_C,1500.0,"['brute force', 'greedy', 'math', 'number theory']"
1804_B,1000.0,"['greedy', 'implementation']"
1804_A,800.0,"['greedy', 'math']"
1802_B,1000.0,"['greedy', 'implementation', 'math']"
1802_A,800.0,"['greedy', 'implementation']"
1801_G,3400.0,"['data structures', 'string suffix structures', 'strings']"
1801_F,2700.0,"['dp', 'math', 'meet-in-the-middle', 'number theory']"
1801_E,3000.0,"['data structures', 'divide and conquer', 'dsu', 'hashing', 'trees']"
1801_D,2100.0,"['binary search', 'data structures', 'dp', 'graphs', 'greedy', 'shortest paths', 'sortings']"
1801_C,1900.0,"['binary search', 'data structures', 'dp', 'greedy', 'sortings']"
1801_B,1800.0,"['data structures', 'greedy', 'sortings']"
1801_A,1600.0,"['bitmasks', 'constructive algorithms']"
1800_G,2200.0,"['dfs and similar', 'hashing', 'implementation', 'trees']"
1800_F,1900.0,"['bitmasks', 'hashing', 'meet-in-the-middle', 'strings']"
1800_E2,1500.0,"['brute force', 'constructive algorithms', 'dfs and similar', 'dsu', 'graphs', 'greedy', 'strings']"
1800_E1,1400.0,"['brute force', 'constructive algorithms', 'dsu', 'graphs', 'greedy', 'strings']"
1800_D,1200.0,"['data structures', 'greedy', 'hashing', 'strings']"
1800_C2,1100.0,"['data structures', 'greedy']"
1800_C1,1000.0,"['data structures', 'greedy']"
1800_B,1000.0,"['greedy', 'strings']"
1800_A,800.0,"['implementation', 'strings']"
1799_H,3200.0,"['bitmasks', 'dfs and similar', 'dp']"
1799_G,2600.0,"['combinatorics', 'dp', 'math']"
1799_F,2700.0,"['binary search', 'brute force', 'dp', 'greedy', 'sortings']"
1799_E,2300.0,"['constructive algorithms', 'dfs and similar', 'dsu', 'geometry', 'greedy', 'implementation', 'math']"
1799_D2,2100.0,"['data structures', 'dp']"
1799_D1,1900.0,['dp']
1799_C,1700.0,"['greedy', 'strings']"
1799_B,1200.0,"['brute force', 'constructive algorithms', 'greedy', 'math']"
1799_A,800.0,"['data structures', 'greedy', 'implementation', 'math']"
1798_F,2500.0,"['dp', 'math', 'number theory']"
1798_E,2300.0,"['brute force', 'dp']"
1798_D,1600.0,"['constructive algorithms', 'greedy', 'math']"
1798_C,1700.0,"['greedy', 'math', 'number theory']"
1798_B,1000.0,"['brute force', 'data structures', 'greedy', 'implementation']"
1798_A,800.0,"['greedy', 'implementation', 'sortings']"
1797_F,3000.0,"['data structures', 'dfs and similar', 'divide and conquer', 'dsu', 'trees']"
1797_E,2300.0,"['brute force', 'data structures', 'dsu', 'math', 'number theory', 'two pointers']"
1797_D,1900.0,"['brute force', 'data structures', 'dfs and similar', 'dp', 'implementation', 'trees']"
1797_C,1600.0,"['constructive algorithms', 'greedy', 'interactive']"
1797_B,1100.0,"['constructive algorithms', 'greedy']"
1797_A,800.0,"['constructive algorithms', 'flows', 'graphs', 'greedy', 'implementation']"
1796_F,2900.0,"['brute force', 'math', 'number theory']"
1796_E,2500.0,"['dfs and similar', 'dp', 'games', 'greedy', 'trees']"
1796_D,2000.0,"['data structures', 'dp', 'greedy', 'two pointers']"
1796_C,1600.0,"['binary search', 'math']"
1796_B,1000.0,"['implementation', 'strings']"
1796_A,800.0,"['brute force', 'implementation', 'strings']"
1795_G,2700.0,"['bitmasks', 'dfs and similar', 'graphs']"
1795_F,2400.0,"['binary search', 'constructive algorithms', 'dfs and similar', 'greedy', 'trees']"
1795_E,2200.0,"['binary search', 'data structures', 'dp', 'greedy', 'math']"
1795_D,1600.0,"['combinatorics', 'math']"
1795_C,1500.0,"['binary search', 'data structures', 'implementation']"
1795_B,900.0,"['brute force', 'geometry', 'greedy']"
1795_A,800.0,"['brute force', 'implementation', 'strings']"
1794_E,2400.0,"['data structures', 'dp', 'greedy', 'hashing', 'implementation', 'trees']"
1794_D,1900.0,"['combinatorics', 'divide and conquer', 'dp', 'math', 'number theory']"
1794_C,1300.0,"['binary search', 'greedy', 'math', 'two pointers']"
1794_B,900.0,"['constructive algorithms', 'greedy', 'math']"
1794_A,800.0,['strings']
1793_F,2600.0,"['brute force', 'data structures', 'divide and conquer', 'implementation']"
1793_E,2600.0,"['binary search', 'data structures', 'dp', 'greedy', 'sortings', 'two pointers']"
1793_D,1800.0,"['binary search', 'dp', 'greedy', 'implementation', 'math', 'two pointers']"
1793_C,1200.0,"['constructive algorithms', 'data structures', 'two pointers']"
1793_B,1100.0,"['constructive algorithms', 'math']"
1793_A,800.0,"['greedy', 'math']"
1792_F2,2900.0,"['brute force', 'combinatorics', 'divide and conquer', 'dp', 'fft', 'graphs']"
1792_F1,2700.0,"['combinatorics', 'dp', 'graphs']"
1792_E,2400.0,"['brute force', 'dfs and similar', 'dp', 'number theory']"
1792_D,1700.0,"['binary search', 'bitmasks', 'data structures', 'hashing', 'math', 'sortings']"
1792_C,1500.0,"['binary search', 'brute force', 'greedy', 'math', 'two pointers']"
1792_B,1200.0,"['greedy', 'math']"
1792_A,800.0,"['greedy', 'sortings']"
1791_G2,1900.0,"['binary search', 'greedy', 'sortings']"
1791_G1,1100.0,"['greedy', 'sortings']"
1791_F,1500.0,"['binary search', 'brute force', 'data structures']"
1791_E,1100.0,"['dp', 'greedy', 'sortings']"
1791_D,1000.0,"['brute force', 'greedy', 'strings']"
1791_C,800.0,"['implementation', 'two pointers']"
1791_B,800.0,"['geometry', 'implementation']"
1791_A,800.0,"['implementation', 'strings']"
1790_G,2300.0,"['constructive algorithms', 'dfs and similar', 'graphs', 'shortest paths']"
1790_F,2100.0,"['brute force', 'dfs and similar', 'divide and conquer', 'graphs', 'greedy', 'math', 'shortest paths', 'trees']"
1790_E,1400.0,"['bitmasks', 'constructive algorithms']"
1790_D,1200.0,"['data structures', 'greedy', 'sortings']"
1790_C,1000.0,"['brute force', 'implementation', 'math']"
1790_B,800.0,"['greedy', 'greedy', 'math']"
1790_A,800.0,"['implementation', 'math', 'strings']"
1789_F,2700.0,"['bitmasks', 'brute force', 'dp', 'greedy', 'implementation', 'strings']"
1789_E,2500.0,"['brute force', 'dp', 'implementation', 'math', 'number theory']"
1789_D,2200.0,"['bitmasks', 'brute force', 'constructive algorithms', 'implementation']"
1789_C,1500.0,"['combinatorics', 'dp', 'implementation', 'math']"
1789_B,800.0,"['brute force', 'implementation', 'strings', 'two pointers']"
1789_A,800.0,"['brute force', 'math', 'number theory']"
1788_F,2500.0,"['bitmasks', 'constructive algorithms', 'dfs and similar', 'dsu', 'graphs', 'greedy', 'implementation', 'trees']"
1788_E,2200.0,"['data structures', 'dfs and similar', 'dp']"
1788_D,2000.0,"['binary search', 'brute force', 'combinatorics', 'math', 'two pointers']"
1788_C,1300.0,"['constructive algorithms', 'greedy', 'math']"
1788_B,1100.0,"['constructive algorithms', 'greedy', 'implementation', 'math', 'probabilities']"
1788_A,800.0,"['brute force', 'implementation', 'math']"
1787_I,3400.0,"['data structures', 'divide and conquer', 'two pointers']"
1787_H,3300.0,"['binary search', 'data structures', 'dp', 'geometry']"
1787_G,3000.0,"['brute force', 'data structures', 'trees']"
1787_F,2500.0,"['constructive algorithms', 'implementation', 'math']"
1787_E,2100.0,"['bitmasks', 'constructive algorithms', 'greedy', 'math']"
1787_D,1900.0,"['combinatorics', 'dfs and similar', 'dsu', 'graphs', 'implementation']"
1787_C,1600.0,"['dp', 'greedy', 'math']"
1787_B,1100.0,"['greedy', 'math', 'number theory']"
1787_A,800.0,"['constructive algorithms', 'math']"
1786_B,1300.0,"['brute force', 'sortings']"
1786_A2,800.0,['implementation']
1786_A1,800.0,['implementation']
1784_F,3400.0,[]
1784_E,3100.0,"['brute force', 'combinatorics', 'dp', 'games', 'probabilities']"
1784_D,2400.0,"['combinatorics', 'dp']"
1784_C,2200.0,"['data structures', 'greedy']"
1784_B,1900.0,['constructive algorithms']
1784_A,1000.0,"['brute force', 'greedy']"
1783_G,2800.0,"['data structures', 'divide and conquer', 'implementation', 'trees']"
1783_F,2500.0,"['dfs and similar', 'flows', 'graph matchings', 'graphs']"
1783_E,2300.0,"['brute force', 'data structures', 'math', 'number theory']"
1783_D,2000.0,"['brute force', 'dp', 'implementation']"
1783_C,1700.0,"['binary search', 'greedy', 'sortings']"
1783_B,1100.0,"['constructive algorithms', 'math']"
1783_A,800.0,"['constructive algorithms', 'math', 'sortings']"
1781_H2,3500.0,[]
1781_H1,3200.0,[]
1781_G,3200.0,"['constructive algorithms', 'trees']"
1781_F,2700.0,"['combinatorics', 'dp', 'math', 'trees']"
1781_E,2300.0,"['binary search', 'brute force', 'data structures', 'greedy', 'implementation', 'two pointers']"
1781_D,1800.0,"['brute force', 'math', 'number theory']"
1781_C,1600.0,"['brute force', 'constructive algorithms', 'greedy', 'implementation', 'sortings', 'strings']"
1781_B,1000.0,"['brute force', 'greedy', 'sortings']"
1781_A,800.0,"['geometry', 'math']"
1780_G,2400.0,"['binary search', 'dsu', 'hashing', 'math', 'number theory', 'string suffix structures']"
1780_F,2300.0,"['bitmasks', 'brute force', 'combinatorics', 'data structures', 'dp', 'number theory', 'sortings']"
1780_E,2400.0,"['binary search', 'brute force', 'data structures', 'math', 'number theory']"
1780_D,1800.0,"['binary search', 'bitmasks', 'constructive algorithms', 'interactive']"
1780_B,1100.0,"['brute force', 'greedy', 'math', 'number theory']"
1780_A,800.0,"['constructive algorithms', 'greedy']"
1779_H,3500.0,"['brute force', 'meet-in-the-middle']"
1779_G,3000.0,"['constructive algorithms', 'graphs', 'shortest paths']"
1779_F,2500.0,"['bitmasks', 'constructive algorithms', 'dp', 'trees']"
1779_E,2400.0,"['constructive algorithms', 'graphs', 'greedy', 'interactive', 'sortings']"
1779_D,1700.0,"['constructive algorithms', 'data structures', 'dp', 'dsu', 'greedy', 'sortings']"
1779_C,1600.0,"['data structures', 'greedy']"
1779_B,900.0,"['constructive algorithms', 'math']"
1779_A,800.0,"['constructive algorithms', 'greedy', 'strings']"
1778_F,2600.0,"['dfs and similar', 'dp', 'graphs', 'math', 'number theory', 'trees']"
1778_E,2500.0,"['bitmasks', 'dfs and similar', 'math', 'trees']"
1778_D,2100.0,"['combinatorics', 'dp', 'math', 'probabilities']"
1778_C,1600.0,"['bitmasks', 'brute force', 'strings']"
1778_B,1300.0,"['greedy', 'math']"
1778_A,800.0,"['greedy', 'implementation']"
1777_F,2400.0,"['bitmasks', 'data structures', 'divide and conquer', 'strings', 'trees']"
1777_E,2200.0,"['binary search', 'dfs and similar', 'graphs', 'trees']"
1777_D,1900.0,"['bitmasks', 'combinatorics', 'dfs and similar', 'dp', 'math', 'probabilities', 'trees']"
1777_C,1700.0,"['binary search', 'math', 'number theory', 'sortings', 'two pointers']"
1777_B,900.0,"['combinatorics', 'greedy', 'math']"
1777_A,800.0,"['greedy', 'math']"
1776_N,3500.0,['math']
1776_M,3000.0,"['binary search', 'dp', 'greedy', 'trees']"
1776_L,1500.0,"['binary search', 'math']"
1776_K,3200.0,"['dp', 'math']"
1776_J,2500.0,"['graphs', 'shortest paths']"
1776_I,2500.0,"['games', 'geometry', 'greedy', 'interactive']"
1776_H,1300.0,['two pointers']
1776_G,2100.0,"['combinatorics', 'constructive algorithms', 'math', 'strings']"
1776_F,1700.0,"['constructive algorithms', 'graphs', 'greedy']"
1776_E,3500.0,"['data structures', 'dp']"
1776_D,2800.0,"['constructive algorithms', 'greedy', 'math']"
1776_C,2500.0,"['games', 'greedy', 'interactive', 'sortings']"
1776_B,2200.0,"['dp', 'geometry']"
1776_A,800.0,['greedy']
1775_F,2500.0,"['constructive algorithms', 'dp', 'greedy', 'math']"
1775_E,2100.0,"['greedy', 'implementation']"
1775_D,1800.0,"['dfs and similar', 'graphs', 'math', 'number theory', 'shortest paths']"
1775_C,1600.0,"['bitmasks', 'math']"
1775_B,1300.0,"['bitmasks', 'constructive algorithms']"
1775_A2,900.0,"['constructive algorithms', 'greedy']"
1775_A1,800.0,"['brute force', 'constructive algorithms', 'implementation']"
1774_H,3500.0,['constructive algorithms']
1774_G,3200.0,"['brute force', 'combinatorics', 'constructive algorithms', 'data structures', 'dp', 'trees']"
1774_F2,2700.0,"['binary search', 'brute force', 'data structures', 'implementation']"
1774_F1,2400.0,"['brute force', 'data structures', 'implementation']"
1774_E,1900.0,"['dfs and similar', 'dp', 'greedy', 'trees']"
1774_D,1600.0,"['brute force', 'constructive algorithms', 'greedy', 'implementation', 'two pointers']"
1774_C,1300.0,"['constructive algorithms', 'dp', 'greedy']"
1774_B,1500.0,"['constructive algorithms', 'greedy', 'math']"
1774_A,800.0,"['constructive algorithms', 'math']"
1773_L,3500.0,['dp']
1773_K,1900.0,['constructive algorithms']
1773_J,2900.0,"['constructive algorithms', 'math']"
1773_I,2500.0,"['brute force', 'games', 'implementation', 'interactive']"
1773_H,2600.0,"['binary search', 'interactive']"
1773_G,2800.0,"['bitmasks', 'combinatorics', 'dp', 'fft', 'math', 'probabilities']"
1773_F,800.0,['constructive algorithms']
1773_E,1400.0,"['greedy', 'sortings']"
1773_D,2600.0,"['combinatorics', 'flows', 'graph matchings', 'greedy']"
1773_C,3500.0,[]
1773_B,2200.0,"['binary search', 'divide and conquer', 'hashing', 'implementation', 'probabilities', 'trees']"
1773_A,1900.0,"['constructive algorithms', 'graph matchings', 'math', 'probabilities']"
1772_G,2200.0,"['binary search', 'greedy', 'implementation', 'math', 'sortings', 'two pointers']"
1772_F,2000.0,"['constructive algorithms', 'dfs and similar', 'graphs', 'implementation', 'sortings']"
1772_E,1700.0,['games']
1772_D,1400.0,"['constructive algorithms', 'math']"
1772_C,1000.0,"['constructive algorithms', 'greedy', 'math']"
1772_B,800.0,"['brute force', 'implementation']"
1772_A,800.0,['implementation']
1771_F,2500.0,"['binary search', 'bitmasks', 'data structures', 'hashing', 'probabilities', 'strings', 'trees']"
1771_E,2500.0,"['brute force', 'dp', 'implementation', 'two pointers']"
1771_D,2100.0,"['brute force', 'data structures', 'dfs and similar', 'dp', 'strings', 'trees']"
1771_C,1600.0,"['greedy', 'math', 'number theory']"
1771_B,1400.0,"['binary search', 'constructive algorithms', 'dp', 'two pointers']"
1771_A,900.0,"['combinatorics', 'math', 'sortings']"
1770_H,3500.0,['constructive algorithms']
1770_G,3400.0,"['divide and conquer', 'fft', 'math']"
1770_F,3100.0,"['bitmasks', 'combinatorics', 'dp', 'math', 'number theory']"
1770_E,2400.0,"['combinatorics', 'dfs and similar', 'dp', 'dsu', 'math', 'probabilities', 'trees']"
1770_D,2000.0,"['constructive algorithms', 'data structures', 'dfs and similar', 'dsu', 'flows', 'games', 'graph matchings', 'graphs', 'implementation']"
1770_C,1700.0,"['brute force', 'chinese remainder theorem', 'math', 'number theory']"
1770_B,1000.0,['constructive algorithms']
1770_A,1000.0,"['brute force', 'greedy']"
1769_D3,2300.0,"['*special', 'brute force']"
1769_D2,2200.0,"['*special', 'brute force']"
1769_D1,1800.0,"['*special', 'brute force', 'dp']"
1769_C2,1300.0,"['*special', 'dp']"
1769_C1,1200.0,"['*special', 'brute force', 'dp', 'greedy']"
1769_B2,1400.0,"['*special', 'binary search', 'brute force', 'math']"
1769_B1,1000.0,"['*special', 'brute force', 'implementation', 'math']"
1769_A,800.0,"['*special', 'math']"
1768_F,2900.0,"['dp', 'greedy']"
1768_E,2300.0,"['combinatorics', 'math', 'number theory']"
1768_D,1800.0,"['constructive algorithms', 'dfs and similar', 'graphs', 'greedy']"
1768_C,1300.0,"['constructive algorithms', 'greedy', 'implementation', 'sortings']"
1768_B,900.0,"['greedy', 'math']"
1768_A,800.0,"['greedy', 'math', 'number theory']"
1767_F,3100.0,"['data structures', 'trees']"
1767_E,2500.0,"['bitmasks', 'brute force', 'dp', 'graphs', 'math', 'meet-in-the-middle', 'trees']"
1767_D,1500.0,"['combinatorics', 'constructive algorithms', 'dp', 'greedy', 'math']"
1767_C,2100.0,"['data structures', 'dp']"
1767_B,800.0,"['data structures', 'greedy', 'sortings']"
1767_A,800.0,['implementation']
1766_F,2800.0,['flows']
1766_E,2300.0,"['binary search', 'brute force', 'data structures', 'divide and conquer', 'dp', 'two pointers']"
1766_D,1600.0,"['math', 'number theory']"
1766_C,1300.0,"['dp', 'implementation']"
1766_B,1000.0,['implementation']
1766_A,800.0,"['brute force', 'implementation']"
1765_N,1500.0,['greedy']
1765_M,1000.0,"['math', 'number theory']"
1765_L,2400.0,"['brute force', 'data structures', 'implementation']"
1765_K,1500.0,"['greedy', 'math']"
1765_J,2900.0,"['graph matchings', 'math']"
1765_I,2800.0,"['implementation', 'shortest paths']"
1765_H,2200.0,"['binary search', 'graphs', 'greedy', 'implementation']"
1765_G,2600.0,"['constructive algorithms', 'interactive', 'probabilities']"
1765_F,2200.0,"['dp', 'geometry', 'probabilities']"
1765_E,1000.0,"['brute force', 'math']"
1765_D,1700.0,"['binary search', 'constructive algorithms', 'two pointers']"
1765_C,2600.0,"['combinatorics', 'dp', 'probabilities']"
1765_B,800.0,['greedy']
1765_A,2400.0,"['bitmasks', 'dsu', 'flows', 'graph matchings']"
1764_H,3400.0,['data structures']
1764_G3,3300.0,"['binary search', 'interactive']"
1764_G2,3000.0,"['binary search', 'interactive']"
1764_G1,2900.0,"['binary search', 'interactive']"
1764_F,2500.0,"['brute force', 'constructive algorithms', 'dfs and similar', 'dsu', 'sortings', 'trees']"
1764_E,2400.0,"['dp', 'greedy', 'sortings']"
1764_D,2000.0,"['combinatorics', 'dp', 'math']"
1764_C,1400.0,"['graphs', 'greedy']"
1764_B,900.0,"['math', 'number theory']"
1764_A,800.0,['greedy']
1763_F,3000.0,"['data structures', 'dfs and similar', 'dp', 'dsu', 'graphs', 'trees']"
1763_E,2200.0,"['dp', 'graphs', 'math', 'number theory']"
1763_D,2200.0,"['combinatorics', 'dp', 'implementation', 'math', 'number theory']"
1763_C,2000.0,"['brute force', 'constructive algorithms', 'greedy']"
1763_B,1200.0,"['binary search', 'brute force', 'data structures', 'implementation', 'math', 'sortings']"
1763_A,800.0,"['bitmasks', 'constructive algorithms', 'greedy', 'math']"
1762_G,3100.0,"['constructive algorithms', 'sortings']"
1762_F,2600.0,"['binary search', 'data structures', 'dp']"
1762_E,2600.0,"['combinatorics', 'math', 'trees']"
1762_D,2100.0,"['constructive algorithms', 'interactive', 'number theory']"
1762_C,1400.0,"['combinatorics', 'math']"
1762_B,1100.0,"['constructive algorithms', 'implementation', 'number theory', 'sortings']"
1762_A,800.0,"['greedy', 'math', 'number theory']"
1761_G,3500.0,"['interactive', 'probabilities', 'trees']"
1761_F2,3500.0,"['combinatorics', 'dp', 'math']"
1761_F1,3100.0,"['dp', 'math']"
1761_E,2400.0,"['binary search', 'brute force', 'constructive algorithms', 'dsu', 'graphs', 'greedy', 'matrices', 'trees', 'two pointers']"
1761_D,2100.0,"['combinatorics', 'math']"
1761_C,1400.0,"['constructive algorithms', 'dfs and similar', 'graphs', 'greedy']"
1761_B,1000.0,"['constructive algorithms', 'greedy', 'implementation']"
1761_A,800.0,"['brute force', 'constructive algorithms']"
1760_G,1700.0,"['bitmasks', 'dfs and similar', 'graphs']"
1760_F,1500.0,"['binary search', 'greedy', 'sortings']"
1760_E,1100.0,"['data structures', 'greedy', 'math']"
1760_D,1000.0,"['implementation', 'two pointers']"
1760_C,800.0,"['data structures', 'implementation', 'sortings']"
1760_B,800.0,"['greedy', 'implementation', 'strings']"
1760_A,800.0,"['implementation', 'sortings']"
1759_G,1900.0,"['binary search', 'constructive algorithms', 'data structures', 'greedy', 'math']"
1759_F,1800.0,"['binary search', 'data structures', 'greedy', 'math', 'number theory']"
1759_E,1500.0,"['brute force', 'dp', 'sortings']"
1759_D,1400.0,"['brute force', 'number theory']"
1759_C,1100.0,"['greedy', 'math', 'shortest paths']"
1759_B,800.0,['math']
1759_A,800.0,"['implementation', 'strings']"
1758_F,3000.0,"['constructive algorithms', 'data structures']"
1758_E,2500.0,"['combinatorics', 'dfs and similar', 'dsu', 'graphs']"
1758_D,1800.0,"['binary search', 'brute force', 'constructive algorithms', 'math', 'two pointers']"
1758_C,1400.0,"['greedy', 'number theory']"
1758_B,900.0,['constructive algorithms']
1758_A,800.0,"['constructive algorithms', 'strings']"
1754_B,800.0,"['constructive algorithms', 'greedy', 'math']"
1754_A,800.0,['greedy']
1753_F,3500.0,"['brute force', 'two pointers']"
1753_E,3300.0,"['binary search', 'brute force', 'greedy']"
1753_D,2400.0,"['constructive algorithms', 'dfs and similar', 'graphs', 'shortest paths']"
1753_C,2000.0,"['dp', 'math', 'probabilities']"
1753_B,1600.0,"['math', 'number theory']"
1753_A2,1500.0,"['constructive algorithms', 'dp', 'greedy']"
1753_A1,1300.0,"['constructive algorithms', 'dp', 'greedy']"
1750_H,3500.0,"['constructive algorithms', 'data structures', 'dp']"
1750_G,3300.0,"['combinatorics', 'dp', 'math']"
1750_F,2700.0,"['combinatorics', 'dp', 'math', 'strings']"
1750_E,2400.0,"['binary search', 'data structures', 'divide and conquer', 'dp', 'greedy', 'strings']"
1750_D,1800.0,"['combinatorics', 'math', 'number theory']"
1750_C,1400.0,"['constructive algorithms', 'implementation']"
1750_B,800.0,"['brute force', 'greedy', 'implementation']"
1750_A,800.0,"['constructive algorithms', 'implementation', 'math']"
1749_F,2800.0,"['data structures', 'dfs and similar', 'trees']"
1749_E,2400.0,"['constructive algorithms', 'dfs and similar', 'graphs', 'shortest paths']"
1749_D,1900.0,"['combinatorics', 'dp', 'math', 'number theory']"
1749_C,1400.0,"['binary search', 'data structures', 'games', 'greedy', 'implementation']"
1749_B,900.0,['greedy']
1749_A,800.0,"['greedy', 'implementation']"
1748_F,3000.0,"['bitmasks', 'constructive algorithms']"
1748_E,2300.0,"['binary search', 'data structures', 'divide and conquer', 'dp', 'flows', 'math', 'trees']"
1748_D,2100.0,"['bitmasks', 'chinese remainder theorem', 'combinatorics', 'constructive algorithms', 'math', 'number theory']"
1748_C,1600.0,"['brute force', 'data structures', 'dp', 'greedy', 'implementation']"
1748_B,1400.0,"['brute force', 'implementation', 'strings']"
1748_A,800.0,['math']
1747_E,2900.0,"['combinatorics', 'dp', 'math']"
1747_D,1900.0,"['binary search', 'bitmasks', 'constructive algorithms', 'data structures']"
1747_C,1200.0,['games']
1747_B,900.0,['constructive algorithms']
1747_A,800.0,"['constructive algorithms', 'greedy']"
1746_G,3500.0,"['binary search', 'data structures', 'dp', 'flows', 'geometry', 'implementation', 'sortings']"
1746_F,2800.0,"['data structures', 'hashing', 'probabilities']"
1746_E2,3200.0,"['dp', 'interactive']"
1746_E1,2500.0,"['binary search', 'constructive algorithms', 'interactive', 'ternary search']"
1746_D,1900.0,"['dfs and similar', 'dp', 'greedy', 'sortings', 'trees']"
1746_C,1300.0,"['constructive algorithms', 'greedy', 'implementation', 'math']"
1746_B,800.0,"['constructive algorithms', 'greedy', 'two pointers']"
1746_A,800.0,"['constructive algorithms', 'greedy']"
1744_F,2000.0,"['math', 'two pointers']"
1744_E2,1900.0,"['brute force', 'math', 'number theory']"
1744_E1,1500.0,"['brute force', 'math', 'number theory']"
1744_D,1200.0,"['greedy', 'math', 'sortings']"
1744_C,1000.0,"['binary search', 'implementation', 'two pointers']"
1744_B,800.0,"['implementation', 'math']"
1744_A,800.0,"['greedy', 'implementation']"
1743_G,3000.0,"['bitmasks', 'combinatorics', 'constructive algorithms', 'data structures', 'dp', 'hashing', 'math']"
1743_F,2300.0,"['data structures', 'dp', 'matrices', 'probabilities']"
1743_E,2400.0,"['binary search', 'dp']"
1743_D,1700.0,"['brute force', 'dp', 'greedy', 'probabilities']"
1743_C,1100.0,"['constructive algorithms', 'dp', 'greedy']"
1743_B,800.0,"['constructive algorithms', 'greedy']"
1743_A,800.0,"['brute force', 'combinatorics', 'implementation', 'math']"
1742_G,1500.0,"['bitmasks', 'brute force', 'greedy', 'math', 'sortings']"
1742_F,1500.0,"['constructive algorithms', 'greedy', 'strings']"
1742_E,1200.0,"['binary search', 'greedy', 'math']"
1742_D,1100.0,"['brute force', 'greedy', 'number theory']"
1742_C,900.0,['implementation']
1742_B,800.0,"['greedy', 'implementation', 'sortings']"
1742_A,800.0,['implementation']
1741_G,2200.0,"['bitmasks', 'brute force', 'dfs and similar', 'dp', 'flows', 'graphs', 'shortest paths']"
1741_F,2000.0,"['binary search', 'data structures', 'math', 'sortings']"
1741_E,1600.0,['dp']
1741_D,1300.0,"['dfs and similar', 'divide and conquer', 'graphs', 'sortings', 'trees']"
1741_C,1100.0,"['brute force', 'greedy', 'math', 'two pointers']"
1741_B,800.0,"['constructive algorithms', 'math']"
1741_A,800.0,"['implementation', 'implementation', 'strings']"
1740_I,3500.0,"['data structures', 'divide and conquer', 'divide and conquer', 'dp', 'geometry', 'graphs', 'number theory']"
1740_H,3300.0,"['data structures', 'trees']"
1740_G,3100.0,"['constructive algorithms', 'dsu', 'sortings']"
1740_F,2600.0,"['combinatorics', 'dp', 'math']"
1740_E,1800.0,"['constructive algorithms', 'data structures', 'dfs and similar', 'dp', 'greedy', 'trees']"
1740_D,1500.0,"['constructive algorithms', 'data structures']"
1740_C,1400.0,"['constructive algorithms', 'games', 'greedy', 'sortings']"
1740_B,800.0,"['geometry', 'greedy', 'sortings']"
1740_A,800.0,"['constructive algorithms', 'number theory']"
1739_F,2600.0,"['bitmasks', 'data structures', 'dp', 'string suffix structures', 'strings']"
1739_E,2400.0,"['bitmasks', 'dp']"
1739_D,1900.0,"['binary search', 'data structures', 'dfs and similar', 'graphs', 'greedy', 'trees']"
1739_C,1500.0,"['combinatorics', 'constructive algorithms', 'dp', 'games']"
1739_B,1100.0,"['constructive algorithms', 'greedy', 'math']"
1739_A,800.0,['implementation']
1738_H,3300.0,"['data structures', 'strings']"
1738_G,2900.0,"['constructive algorithms', 'dp', 'greedy', 'math']"
1738_F,2400.0,"['constructive algorithms', 'dsu', 'graphs', 'greedy', 'interactive', 'shortest paths', 'trees']"
1738_E,2300.0,"['combinatorics', 'dp', 'math', 'two pointers']"
1738_D,1900.0,"['constructive algorithms', 'data structures', 'dfs and similar', 'dsu', 'graphs', 'trees']"
1738_C,1500.0,"['dp', 'games', 'greedy', 'math']"
1738_B,1200.0,"['constructive algorithms', 'greedy', 'math', 'sortings']"
1738_A,800.0,"['greedy', 'implementation', 'sortings']"
1737_G,3500.0,"['binary search', 'data structures']"
1737_F,3300.0,"['constructive algorithms', 'math', 'number theory']"
1737_E,2500.0,"['combinatorics', 'dp', 'math', 'probabilities']"
1737_D,2200.0,"['brute force', 'dp', 'graphs', 'greedy', 'implementation', 'shortest paths']"
1737_C,1500.0,"['constructive algorithms', 'games', 'implementation', 'math']"
1737_B,1300.0,"['binary search', 'implementation', 'math']"
1737_A,900.0,"['greedy', 'implementation', 'strings']"
1736_E,2600.0,"['dp', 'greedy']"
1736_D,2200.0,"['constructive algorithms', 'geometry', 'greedy', 'implementation', 'strings']"
1736_C2,2400.0,"['binary search', 'data structures', 'dp', 'two pointers']"
1736_C1,1300.0,"['binary search', 'data structures', 'schedules', 'two pointers']"
1736_B,1200.0,"['math', 'number theory']"
1736_A,800.0,"['brute force', 'greedy', 'sortings']"
1735_F,2900.0,"['data structures', 'geometry']"
1735_E,2400.0,"['constructive algorithms', 'data structures', 'graph matchings', 'greedy']"
1735_D,1700.0,"['brute force', 'combinatorics', 'data structures', 'hashing', 'math']"
1735_C,1400.0,"['dfs and similar', 'dsu', 'graphs', 'greedy', 'implementation', 'strings']"
1735_B,900.0,"['greedy', 'math']"
1735_A,800.0,"['constructive algorithms', 'greedy', 'math']"
1734_F,2500.0,"['bitmasks', 'divide and conquer', 'dp', 'math']"
1734_E,2100.0,"['constructive algorithms', 'number theory']"
1734_D,1800.0,"['data structures', 'dp', 'greedy', 'two pointers']"
1734_C,1200.0,"['greedy', 'math']"
1734_B,800.0,['constructive algorithms']
1734_A,800.0,"['brute force', 'greedy', 'sortings']"
1733_E,2700.0,"['constructive algorithms', 'dp', 'math']"
1733_D2,2000.0,"['dp', 'greedy']"
1733_D1,1400.0,"['constructive algorithms', 'greedy', 'math']"
1733_C,1300.0,"['constructive algorithms', 'sortings']"
1733_B,900.0,"['constructive algorithms', 'math']"
1733_A,800.0,"['greedy', 'sortings']"
1732_E,2800.0,"['data structures', 'dp', 'math', 'number theory']"
1732_D2,2400.0,"['brute force', 'data structures', 'number theory']"
1732_D1,1500.0,"['brute force', 'data structures', 'implementation', 'number theory']"
1732_C2,2100.0,"['binary search', 'bitmasks', 'brute force', 'greedy', 'implementation', 'two pointers']"
1732_C1,1800.0,"['binary search', 'bitmasks', 'greedy', 'two pointers']"
1732_B,900.0,"['brute force', 'dp', 'greedy', 'implementation']"
1732_A,1000.0,"['brute force', 'combinatorics', 'constructive algorithms', 'implementation', 'math', 'number theory']"
1731_F,2500.0,"['brute force', 'combinatorics', 'dp', 'fft', 'math']"
1731_E,2000.0,"['dp', 'greedy', 'math', 'number theory']"
1731_D,1700.0,"['binary search', 'brute force', 'data structures', 'dp', 'two pointers']"
1731_C,1700.0,"['bitmasks', 'brute force', 'hashing', 'math', 'number theory']"
1731_B,1100.0,"['greedy', 'math']"
1731_A,800.0,"['greedy', 'math']"
1730_F,2700.0,"['bitmasks', 'data structures', 'dp']"
1730_E,2700.0,"['combinatorics', 'data structures', 'divide and conquer', 'number theory']"
1730_D,2200.0,"['constructive algorithms', 'strings', 'two pointers']"
1730_C,1200.0,"['data structures', 'greedy', 'math', 'sortings']"
1730_B,1600.0,"['binary search', 'geometry', 'greedy', 'implementation', 'math', 'ternary search']"
1730_A,800.0,"['data structures', 'greedy', 'sortings']"
1729_G,2100.0,"['combinatorics', 'dp', 'hashing', 'strings', 'two pointers']"
1729_F,1900.0,"['hashing', 'math']"
1729_E,1800.0,"['interactive', 'probabilities']"
1729_D,1200.0,"['greedy', 'sortings', 'two pointers']"
1729_C,1100.0,"['constructive algorithms', 'strings']"
1729_B,800.0,"['greedy', 'strings']"
1729_A,800.0,['math']
1728_G,2700.0,"['binary search', 'bitmasks', 'brute force', 'combinatorics', 'dp', 'math', 'two pointers']"
1728_F,3100.0,"['flows', 'graph matchings', 'greedy']"
1728_E,2300.0,"['brute force', 'data structures', 'greedy', 'math', 'number theory']"
1728_D,1800.0,"['constructive algorithms', 'dp', 'games', 'two pointers']"
1728_C,1400.0,"['data structures', 'greedy', 'sortings']"
1728_B,800.0,"['constructive algorithms', 'greedy']"
1728_A,800.0,"['brute force', 'greedy', 'implementation', 'sortings']"
1726_H,3500.0,"['binary search', 'geometry', 'implementation', 'math']"
1726_G,3300.0,"['combinatorics', 'data structures', 'greedy', 'sortings']"
1726_F,2900.0,"['data structures', 'greedy', 'schedules', 'shortest paths']"
1726_E,2400.0,"['combinatorics', 'fft', 'math']"
1726_D,2000.0,"['brute force', 'constructive algorithms', 'dfs and similar', 'dsu', 'graphs', 'probabilities', 'trees']"
1726_C,1300.0,"['data structures', 'dsu', 'graphs', 'greedy']"
1726_B,1100.0,"['bitmasks', 'constructive algorithms', 'math']"
1726_A,900.0,"['greedy', 'math']"
1725_M,1800.0,"['dp', 'graphs', 'shortest paths']"
1725_L,2400.0,['data structures']
1725_K,2500.0,"['data structures', 'dsu']"
1725_J,2500.0,"['dp', 'trees']"
1725_I,2800.0,"['combinatorics', 'dsu', 'trees']"
1725_H,1800.0,"['constructive algorithms', 'math']"
1725_G,1500.0,"['binary search', 'geometry', 'math']"
1725_F,2100.0,"['bitmasks', 'data structures', 'sortings']"
1725_E,2500.0,"['combinatorics', 'data structures', 'dp', 'math', 'number theory', 'trees']"
1725_D,2900.0,"['binary search', 'bitmasks', 'math']"
1725_C,2000.0,"['binary search', 'combinatorics', 'geometry', 'math', 'two pointers']"
1725_B,1000.0,"['binary search', 'greedy', 'sortings']"
1725_A,800.0,['math']
1722_G,1500.0,"['bitmasks', 'constructive algorithms', 'greedy']"
1722_F,1700.0,"['dfs and similar', 'implementation']"
1722_E,1600.0,"['brute force', 'data structures', 'dp', 'implementation']"
1722_D,1100.0,"['greedy', 'sortings']"
1722_C,800.0,"['data structures', 'implementation']"
1722_B,800.0,['implementation']
1722_A,800.0,['implementation']
1721_F,2800.0,"['brute force', 'constructive algorithms', 'dfs and similar', 'flows', 'graph matchings', 'graphs', 'interactive']"
1721_E,2200.0,"['dfs and similar', 'dp', 'hashing', 'string suffix structures', 'strings', 'trees']"
1721_D,1800.0,"['bitmasks', 'dfs and similar', 'divide and conquer', 'greedy', 'sortings']"
1721_C,1400.0,"['binary search', 'greedy', 'two pointers']"
1721_B,1000.0,['implementation']
1721_A,800.0,"['greedy', 'implementation']"
1720_E,2700.0,"['constructive algorithms', 'data structures', 'greedy', 'implementation', 'math']"
1720_D2,2400.0,"['bitmasks', 'data structures', 'dp', 'strings', 'trees']"
1720_D1,1800.0,"['bitmasks', 'brute force', 'dp', 'strings', 'trees', 'two pointers']"
1720_C,1200.0,"['greedy', 'implementation']"
1720_B,800.0,"['brute force', 'data structures', 'greedy', 'math', 'sortings']"
1720_A,900.0,"['math', 'number theory']"
1719_C,1400.0,"['binary search', 'data structures', 'implementation', 'two pointers']"
1719_B,800.0,"['constructive algorithms', 'math']"
1719_A,800.0,"['games', 'math']"
1718_F,3300.0,"['data structures', 'math', 'number theory']"
1718_E,3500.0,"['constructive algorithms', 'graphs', 'implementation', 'math']"
1718_D,3300.0,"['data structures', 'graph matchings', 'greedy', 'math', 'trees']"
1718_C,2400.0,"['data structures', 'greedy', 'math', 'number theory']"
1718_B,2000.0,"['greedy', 'implementation', 'math', 'number theory']"
1718_A2,1900.0,"['data structures', 'dp', 'greedy']"
1718_A1,1800.0,"['dp', 'greedy']"
1717_F,2500.0,"['constructive algorithms', 'flows', 'graph matchings', 'graphs', 'implementation']"
1717_E,2200.0,"['math', 'number theory']"
1717_D,1900.0,"['combinatorics', 'constructive algorithms', 'greedy', 'math']"
1717_C,1300.0,['greedy']
1717_B,1100.0,"['constructive algorithms', 'implementation']"
1717_A,800.0,"['math', 'number theory']"
1716_F,2500.0,"['combinatorics', 'dp', 'math', 'number theory']"
1716_E,2500.0,"['bitmasks', 'data structures', 'dfs and similar', 'divide and conquer', 'dp']"
1716_D,2000.0,"['brute force', 'dp', 'math']"
1716_C,2000.0,"['data structures', 'dp', 'greedy', 'implementation', 'ternary search']"
1716_B,800.0,"['constructive algorithms', 'math']"
1716_A,800.0,"['greedy', 'math']"
1715_F,2700.0,"['constructive algorithms', 'geometry', 'interactive', 'math']"
1715_E,2400.0,"['data structures', 'divide and conquer', 'dp', 'geometry', 'graphs', 'greedy', 'shortest paths']"
1715_D,1900.0,"['2-sat', 'bitmasks', 'graphs', 'greedy']"
1715_C,1700.0,"['combinatorics', 'data structures', 'implementation', 'math']"
1715_B,1000.0,"['constructive algorithms', 'greedy', 'math']"
1715_A,800.0,"['constructive algorithms', 'greedy', 'math']"
1714_G,1700.0,"['binary search', 'data structures', 'dfs and similar', 'trees']"
1714_F,1900.0,"['constructive algorithms', 'implementation', 'trees']"
1714_E,1400.0,"['brute force', 'math', 'number theory']"
1714_D,1600.0,"['brute force', 'data structures', 'dp', 'greedy', 'strings']"
1714_C,800.0,['greedy']
1714_B,800.0,"['data structures', 'greedy', 'implementation']"
1714_A,900.0,"['implementation', 'math']"
1713_F,2900.0,"['bitmasks', 'combinatorics', 'constructive algorithms', 'dp', 'math']"
1713_E,2400.0,"['2-sat', 'data structures', 'dsu', 'greedy', 'matrices']"
1713_D,1800.0,"['constructive algorithms', 'greedy', 'interactive', 'number theory', 'probabilities']"
1713_C,1200.0,"['constructive algorithms', 'dp', 'math']"
1713_B,1000.0,"['constructive algorithms', 'sortings']"
1713_A,800.0,"['geometry', 'greedy', 'implementation']"
1712_F,3200.0,"['binary search', 'data structures', 'dfs and similar', 'trees']"
1712_E2,2500.0,"['brute force', 'data structures', 'math', 'number theory', 'two pointers']"
1712_E1,2300.0,"['binary search', 'brute force', 'combinatorics', 'math', 'number theory', 'two pointers']"
1712_D,2000.0,"['binary search', 'constructive algorithms', 'data structures', 'greedy', 'shortest paths']"
1712_C,1100.0,"['greedy', 'sortings']"
1712_B,800.0,"['constructive algorithms', 'greedy', 'number theory']"
1712_A,800.0,"['greedy', 'implementation']"
1711_B,1300.0,"['brute force', 'graphs']"
1711_A,800.0,['constructive algorithms']
1710_E,2400.0,"['binary search', 'games', 'graph matchings']"
1710_D,3400.0,"['constructive algorithms', 'trees']"
1710_C,2500.0,"['bitmasks', 'brute force', 'constructive algorithms', 'dp', 'greedy', 'math']"
1710_B,2100.0,"['binary search', 'brute force', 'data structures', 'geometry', 'greedy', 'implementation', 'math']"
1710_A,1500.0,"['constructive algorithms', 'greedy', 'math']"
1709_F,2500.0,"['bitmasks', 'brute force', 'dp', 'fft', 'flows', 'graphs', 'math', 'meet-in-the-middle', 'trees']"
1709_E,2400.0,"['bitmasks', 'data structures', 'dfs and similar', 'dsu', 'greedy', 'trees']"
1709_D,1700.0,"['binary search', 'data structures', 'greedy', 'math']"
1709_C,1800.0,"['constructive algorithms', 'greedy', 'implementation', 'strings']"
1709_B,900.0,"['data structures', 'dp', 'implementation']"
1709_A,800.0,"['brute force', 'greedy', 'implementation', 'math']"
1708_B,1100.0,"['constructive algorithms', 'math']"
1708_A,800.0,"['greedy', 'math']"
1707_F,3500.0,"['bitmasks', 'constructive algorithms', 'dp', 'number theory']"
1707_E,3500.0,"['binary search', 'data structures']"
1707_D,3000.0,"['combinatorics', 'dfs and similar', 'dp', 'math', 'trees']"
1707_C,2400.0,"['dfs and similar', 'dsu', 'graphs', 'greedy', 'sortings', 'trees']"
1707_B,1900.0,"['brute force', 'data structures', 'implementation', 'sortings']"
1707_A,1600.0,"['binary search', 'constructive algorithms', 'greedy', 'implementation']"
1706_E,2300.0,"['binary search', 'data structures', 'dfs and similar', 'divide and conquer', 'dsu', 'greedy', 'trees']"
1706_D2,2400.0,"['brute force', 'constructive algorithms', 'data structures', 'dp', 'greedy', 'math', 'number theory', 'two pointers']"
1706_D1,1700.0,"['binary search', 'brute force', 'constructive algorithms', 'greedy', 'number theory']"
1706_C,1400.0,"['dp', 'flows', 'greedy', 'implementation']"
1706_B,1100.0,"['dp', 'greedy', 'math']"
1706_A,800.0,"['2-sat', 'constructive algorithms', 'greedy', 'string suffix structures', 'strings']"
1705_F,2900.0,"['bitmasks', 'constructive algorithms', 'interactive', 'probabilities']"
1705_E,2300.0,"['binary search', 'bitmasks', 'brute force', 'combinatorics', 'data structures', 'greedy']"
1705_D,1800.0,"['combinatorics', 'constructive algorithms', 'greedy', 'math', 'sortings']"
1705_C,1400.0,"['brute force', 'implementation']"
1705_B,900.0,"['constructive algorithms', 'greedy', 'implementation']"
1705_A,800.0,"['greedy', 'sortings']"
1704_H2,3500.0,"['combinatorics', 'fft', 'math']"
1704_H1,3200.0,"['combinatorics', 'constructive algorithms', 'dp', 'fft', 'math']"
1704_G,3500.0,"['constructive algorithms', 'fft', 'math', 'strings']"
1704_F,2600.0,"['constructive algorithms', 'dp', 'games']"
1704_E,2200.0,"['brute force', 'constructive algorithms', 'dp', 'graphs', 'implementation', 'math']"
1704_D,1900.0,"['constructive algorithms', 'hashing', 'implementation', 'math']"
1704_C,1200.0,"['greedy', 'implementation', 'sortings']"
1704_B,1000.0,"['brute force', 'greedy', 'implementation']"
1704_A,800.0,"['constructive algorithms', 'greedy']"
1703_G,1600.0,"['bitmasks', 'brute force', 'dp', 'greedy', 'math']"
1703_F,1300.0,"['binary search', 'data structures', 'dp', 'greedy', 'sortings']"
1703_E,1200.0,['implementation']
1703_D,1100.0,"['brute force', 'data structures', 'strings']"
1703_C,800.0,"['brute force', 'implementation', 'strings']"
1703_B,800.0,"['data structures', 'implementation']"
1703_A,800.0,"['brute force', 'implementation', 'strings']"
1702_G2,2000.0,"['data structures', 'dfs and similar', 'trees']"
1702_G1,1900.0,"['dfs and similar', 'trees']"
1702_F,1700.0,"['constructive algorithms', 'data structures', 'greedy', 'math', 'number theory']"
1702_E,1600.0,"['dfs and similar', 'dsu', 'graphs']"
1702_D,1000.0,['greedy']
1702_C,1100.0,"['data structures', 'greedy']"
1702_B,800.0,['greedy']
1702_A,800.0,['constructive algorithms']
1701_F,2500.0,"['combinatorics', 'data structures', 'implementation', 'math', 'matrices']"
1701_E,2500.0,"['brute force', 'dp', 'greedy', 'strings']"
1701_D,1900.0,"['binary search', 'data structures', 'greedy', 'math', 'sortings', 'two pointers']"
1701_C,1400.0,"['binary search', 'greedy', 'implementation', 'two pointers']"
1701_B,800.0,['greedy']
1701_A,800.0,['implementation']
1700_F,2600.0,"['constructive algorithms', 'dp', 'greedy']"
1700_E,2600.0,"['brute force', 'constructive algorithms']"
1700_D,1900.0,"['binary search', 'dp', 'greedy', 'math']"
1700_C,1700.0,"['constructive algorithms', 'data structures', 'greedy']"
1700_B,1100.0,"['constructive algorithms', 'implementation', 'math']"
1700_A,800.0,"['constructive algorithms', 'greedy', 'math']"
1699_E,2600.0,"['data structures', 'dp', 'greedy', 'math', 'number theory', 'two pointers']"
1699_D,2300.0,"['data structures', 'dp', 'greedy']"
1699_C,1700.0,"['combinatorics', 'constructive algorithms', 'math']"
1699_B,900.0,"['bitmasks', 'constructive algorithms', 'matrices']"
1699_A,800.0,"['constructive algorithms', 'math']"
1698_G,2900.0,"['bitmasks', 'math', 'matrices', 'meet-in-the-middle', 'number theory']"
1698_F,2800.0,"['constructive algorithms', 'graphs', 'implementation', 'math']"
1698_E,2300.0,"['brute force', 'combinatorics', 'greedy', 'sortings', 'trees', 'two pointers']"
1698_D,1600.0,"['binary search', 'constructive algorithms', 'interactive']"
1698_C,1300.0,"['brute force', 'data structures']"
1698_B,800.0,"['constructive algorithms', 'greedy', 'implementation']"
1698_A,800.0,"['bitmasks', 'brute force']"
1697_F,2800.0,"['2-sat', 'constructive algorithms', 'graphs', 'implementation']"
1697_E,2400.0,"['brute force', 'combinatorics', 'constructive algorithms', 'dp', 'geometry', 'graphs', 'greedy', 'implementation', 'math']"
1697_D,1900.0,"['binary search', 'constructive algorithms', 'interactive']"
1697_C,1400.0,"['binary search', 'constructive algorithms', 'data structures', 'greedy', 'implementation', 'strings', 'two pointers']"
1697_B,900.0,"['greedy', 'sortings']"
1697_A,800.0,"['greedy', 'implementation']"
1696_H,3500.0,"['brute force', 'combinatorics', 'dp', 'greedy', 'implementation', 'math', 'two pointers']"
1696_G,3300.0,"['brute force', 'data structures', 'geometry', 'math']"
1696_F,2600.0,"['brute force', 'constructive algorithms', 'dfs and similar', 'dsu', 'graphs', 'trees']"
1696_E,2000.0,"['combinatorics', 'math']"
1696_D,1900.0,"['binary search', 'constructive algorithms', 'data structures', 'divide and conquer', 'greedy', 'shortest paths']"
1696_C,1400.0,"['constructive algorithms', 'greedy', 'implementation', 'math']"
1696_B,900.0,['greedy']
1696_A,800.0,"['bitmasks', 'greedy']"
1695_E,2700.0,"['constructive algorithms', 'dfs and similar', 'graphs']"
1695_D2,2300.0,"['constructive algorithms', 'dfs and similar', 'dp', 'greedy', 'trees']"
1695_D1,2200.0,"['brute force', 'constructive algorithms', 'dfs and similar', 'dp', 'greedy', 'trees']"
1695_C,1700.0,"['brute force', 'data structures', 'dp', 'graphs', 'greedy', 'shortest paths']"
1695_B,1000.0,"['games', 'greedy']"
1695_A,800.0,['games']
1694_B,1200.0,"['constructive algorithms', 'greedy']"
1694_A,800.0,"['greedy', 'implementation']"
1693_F,3400.0,"['binary search', 'greedy', 'two pointers']"
1693_E,3400.0,"['data structures', 'greedy']"
1693_D,2800.0,"['brute force', 'data structures', 'divide and conquer', 'dp', 'greedy']"
1693_C,2300.0,"['graphs', 'greedy', 'shortest paths']"
1693_B,1700.0,"['dfs and similar', 'dp', 'greedy', 'trees']"
1693_A,1300.0,['greedy']
1692_H,1700.0,"['data structures', 'dp', 'greedy', 'math']"
1692_G,1400.0,"['data structures', 'dp', 'sortings', 'two pointers']"
1692_F,1300.0,"['brute force', 'math']"
1692_E,1200.0,"['binary search', 'implementation', 'two pointers']"
1692_D,1100.0,"['brute force', 'implementation']"
1692_C,800.0,['implementation']
1692_B,800.0,"['greedy', 'sortings']"
1692_A,800.0,['implementation']
1691_F,2500.0,"['combinatorics', 'dfs and similar', 'dp', 'math', 'trees']"
1691_E,2300.0,"['data structures', 'dfs and similar', 'dsu', 'graphs', 'greedy', 'sortings']"
1691_D,1800.0,"['binary search', 'constructive algorithms', 'data structures', 'divide and conquer', 'implementation', 'two pointers']"
1691_C,1400.0,"['brute force', 'constructive algorithms', 'greedy', 'math', 'strings']"
1691_B,1000.0,"['constructive algorithms', 'greedy', 'implementation', 'two pointers']"
1691_A,800.0,"['brute force', 'greedy', 'math']"
1690_G,2000.0,"['binary search', 'data structures', 'greedy', 'sortings']"
1690_F,1700.0,"['graphs', 'math', 'number theory', 'strings']"
1690_E,1500.0,"['binary search', 'greedy', 'math', 'two pointers']"
1690_D,1000.0,"['implementation', 'two pointers']"
1690_C,800.0,"['data structures', 'greedy', 'implementation']"
1690_B,800.0,"['greedy', 'implementation']"
1690_A,800.0,"['constructive algorithms', 'greedy']"
1689_E,2500.0,"['bitmasks', 'brute force', 'constructive algorithms', 'dfs and similar', 'dsu', 'graphs']"
1689_D,1900.0,"['data structures', 'dp', 'geometry', 'shortest paths']"
1689_C,1600.0,"['dfs and similar', 'dp', 'trees']"
1689_B,900.0,"['data structures', 'greedy']"
1689_A,800.0,"['brute force', 'greedy', 'implementation', 'sortings', 'two pointers']"
1688_C,1700.0,"['constructive algorithms', 'greedy', 'strings']"
1688_B,800.0,"['bitmasks', 'constructive algorithms', 'greedy', 'sortings']"
1688_A,800.0,"['bitmasks', 'brute force']"
1687_F,3500.0,"['fft', 'math']"
1687_E,3500.0,"['combinatorics', 'constructive algorithms', 'greedy', 'math', 'number theory']"
1687_D,2900.0,"['binary search', 'brute force', 'data structures', 'dsu', 'implementation', 'math']"
1687_C,2500.0,"['binary search', 'brute force', 'data structures', 'dsu', 'greedy', 'sortings']"
1687_B,1700.0,"['constructive algorithms', 'graphs', 'greedy', 'interactive', 'sortings']"
1687_A,1600.0,"['brute force', 'greedy']"
1686_B,800.0,"['dp', 'greedy']"
1686_A,800.0,['greedy']
1685_E,3500.0,"['data structures', 'greedy']"
1685_D2,3500.0,"['constructive algorithms', 'greedy']"
1685_D1,2800.0,"['constructive algorithms', 'dfs and similar', 'dsu']"
1685_C,2600.0,"['brute force', 'constructive algorithms', 'greedy']"
1685_B,2000.0,"['greedy', 'implementation', 'sortings', 'strings']"
1685_A,1100.0,"['constructive algorithms', 'greedy', 'sortings']"
1684_H,3400.0,"['constructive algorithms', 'dfs and similar', 'divide and conquer', 'math']"
1684_G,2800.0,"['constructive algorithms', 'flows', 'graph matchings', 'math', 'number theory']"
1684_F,2600.0,"['data structures', 'two pointers']"
1684_E,2100.0,"['binary search', 'brute force', 'constructive algorithms', 'data structures', 'greedy', 'two pointers']"
1684_D,1700.0,"['constructive algorithms', 'greedy', 'sortings']"
1684_C,1400.0,"['brute force', 'constructive algorithms', 'greedy', 'implementation', 'sortings']"
1684_B,800.0,"['constructive algorithms', 'math']"
1684_A,800.0,"['constructive algorithms', 'games', 'math', 'strings']"
1682_F,2700.0,"['data structures', 'flows', 'graphs', 'greedy', 'sortings', 'two pointers']"
1682_E,2700.0,"['constructive algorithms', 'dfs and similar', 'graphs', 'greedy', 'math', 'sortings', 'trees']"
1682_D,2000.0,"['constructive algorithms', 'implementation', 'trees']"
1682_C,1400.0,"['constructive algorithms', 'greedy', 'implementation', 'math']"
1682_B,1100.0,"['bitmasks', 'constructive algorithms', 'sortings']"
1682_A,800.0,"['greedy', 'strings']"
1681_F,2300.0,"['data structures', 'dfs and similar', 'divide and conquer', 'dp', 'dsu', 'trees']"
1681_E,2600.0,"['data structures', 'dp', 'matrices', 'shortest paths']"
1681_D,1700.0,"['brute force', 'dfs and similar', 'dp', 'hashing', 'shortest paths']"
1681_C,1200.0,"['implementation', 'sortings']"
1681_B,800.0,"['implementation', 'math']"
1681_A,800.0,"['games', 'greedy']"
1680_F,2600.0,"['dfs and similar', 'divide and conquer', 'dsu', 'graphs', 'trees']"
1680_E,2000.0,"['bitmasks', 'dp', 'greedy']"
1680_D,2400.0,"['brute force', 'greedy', 'math']"
1680_C,1600.0,"['binary search', 'greedy', 'strings', 'two pointers']"
1680_B,800.0,['implementation']
1680_A,800.0,"['brute force', 'math']"
1679_F,2600.0,"['bitmasks', 'dp', 'math']"
1679_E,2400.0,"['bitmasks', 'combinatorics', 'dp', 'strings']"
1679_D,1900.0,"['binary search', 'dfs and similar', 'dp', 'graphs']"
1679_C,1400.0,"['data structures', 'implementation']"
1679_B,1200.0,"['data structures', 'implementation']"
1679_A,900.0,"['brute force', 'greedy', 'math', 'number theory']"
1678_B2,1800.0,"['dp', 'greedy', 'implementation']"
1678_B1,800.0,['implementation']
1678_A,800.0,['implementation']
1677_F,3500.0,"['dp', 'math']"
1677_E,2900.0,['data structures']
1677_D,2500.0,"['dp', 'math']"
1677_C,1900.0,"['constructive algorithms', 'dfs and similar', 'graphs', 'greedy']"
1677_B,1700.0,"['data structures', 'implementation', 'math']"
1677_A,1600.0,"['brute force', 'data structures', 'dp']"
1676_H2,1500.0,"['data structures', 'divide and conquer', 'sortings']"
1676_H1,1400.0,['brute force']
1676_G,1300.0,"['dfs and similar', 'dp', 'graphs', 'trees']"
1676_F,1300.0,"['data structures', 'greedy', 'implementation', 'sortings', 'two pointers']"
1676_E,1100.0,"['binary search', 'greedy', 'sortings']"
1676_D,1000.0,"['brute force', 'greedy', 'implementation']"
1676_C,800.0,"['brute force', 'greedy', 'implementation', 'implementation', 'math', 'strings']"
1676_B,800.0,"['greedy', 'math', 'sortings']"
1676_A,800.0,['implementation']
1675_G,2300.0,['dp']
1675_F,1800.0,"['dfs and similar', 'dp', 'greedy', 'trees']"
1675_E,1500.0,"['dsu', 'greedy', 'strings']"
1675_D,1300.0,"['graphs', 'implementation', 'trees']"
1675_C,1100.0,['implementation']
1675_B,900.0,"['greedy', 'implementation']"
1675_A,800.0,"['greedy', 'math']"
1674_G,2000.0,"['dfs and similar', 'dp', 'graphs']"
1674_F,1800.0,"['data structures', 'greedy', 'implementation']"
1674_E,2000.0,"['binary search', 'brute force', 'constructive algorithms', 'greedy', 'math']"
1674_D,1200.0,"['constructive algorithms', 'implementation', 'sortings']"
1674_C,1000.0,"['combinatorics', 'implementation', 'strings']"
1674_B,800.0,"['combinatorics', 'math']"
1674_A,800.0,"['constructive algorithms', 'math']"
1673_F,2400.0,"['bitmasks', 'constructive algorithms', 'divide and conquer', 'greedy', 'interactive', 'math']"
1673_E,2500.0,"['bitmasks', 'combinatorics', 'math', 'number theory']"
1673_D,1900.0,"['combinatorics', 'math', 'number theory']"
1673_C,1500.0,"['brute force', 'dp', 'math', 'number theory']"
1673_B,1100.0,"['brute force', 'greedy', 'strings']"
1673_A,800.0,"['games', 'greedy', 'strings']"
1672_I,3000.0,"['data structures', 'greedy']"
1672_H,2700.0,"['constructive algorithms', 'data structures', 'greedy']"
1672_G,3200.0,"['constructive algorithms', 'graphs', 'math', 'matrices']"
1672_F2,2800.0,"['constructive algorithms', 'dfs and similar', 'graphs']"
1672_F1,2000.0,"['constructive algorithms', 'graphs', 'greedy']"
1672_E,2200.0,"['binary search', 'constructive algorithms', 'greedy', 'interactive']"
1672_D,1700.0,"['constructive algorithms', 'greedy', 'implementation', 'two pointers']"
1672_C,1100.0,"['constructive algorithms', 'greedy', 'implementation']"
1672_B,800.0,"['constructive algorithms', 'implementation']"
1672_A,800.0,"['games', 'implementation', 'math']"
1671_F,2700.0,"['brute force', 'combinatorics', 'dp', 'fft', 'math']"
1671_E,2100.0,"['combinatorics', 'divide and conquer', 'dp', 'dsu', 'hashing', 'sortings', 'trees']"
1671_D,1600.0,"['brute force', 'constructive algorithms', 'greedy']"
1671_C,1200.0,"['binary search', 'brute force', 'greedy', 'math']"
1671_B,1000.0,"['brute force', 'math', 'sortings']"
1671_A,800.0,['implementation']
1670_F,2400.0,"['bitmasks', 'combinatorics', 'dp']"
1670_E,2200.0,"['bitmasks', 'constructive algorithms', 'dfs and similar', 'trees']"
1670_D,1700.0,"['binary search', 'brute force', 'geometry', 'greedy', 'implementation', 'math']"
1670_C,1400.0,"['data structures', 'dfs and similar', 'dsu', 'graphs', 'implementation', 'math']"
1670_B,1100.0,"['brute force', 'implementation', 'strings']"
1670_A,800.0,"['greedy', 'implementation', 'sortings']"
1669_H,1300.0,"['bitmasks', 'greedy', 'math']"
1669_G,1200.0,"['dfs and similar', 'implementation']"
1669_F,1100.0,"['binary search', 'data structures', 'greedy', 'two pointers']"
1669_E,1200.0,"['data structures', 'math', 'strings']"
1669_D,1100.0,['implementation']
1669_C,800.0,"['greedy', 'greedy', 'implementation', 'math']"
1669_B,800.0,"['implementation', 'sortings']"
1669_A,800.0,['implementation']
1668_B,900.0,"['greedy', 'math', 'sortings']"
1668_A,800.0,"['implementation', 'math']"
1667_F,3500.0,['implementation']
1667_E,3000.0,"['combinatorics', 'dp', 'fft', 'math']"
1667_D,2900.0,"['constructive algorithms', 'dfs and similar', 'dp', 'trees']"
1667_C,2400.0,"['constructive algorithms', 'math']"
1667_B,2100.0,"['data structures', 'dp']"
1667_A,1300.0,"['brute force', 'greedy', 'math']"
1666_L,1800.0,"['dfs and similar', 'graphs']"
1666_K,3200.0,['flows']
1666_J,2100.0,"['constructive algorithms', 'dp', 'shortest paths', 'trees']"
1666_I,2200.0,"['brute force', 'constructive algorithms', 'geometry', 'interactive', 'math']"
1666_H,3500.0,['math']
1666_G,3100.0,"['geometry', 'math']"
1666_F,2200.0,"['combinatorics', 'dp', 'implementation']"
1666_E,2500.0,"['binary search', 'constructive algorithms', 'greedy', 'math']"
1666_D,900.0,['greedy']
1666_C,1800.0,"['brute force', 'constructive algorithms', 'geometry']"
1666_B,3300.0,[]
1666_A,3300.0,[]
1665_E,2500.0,"['bitmasks', 'brute force', 'data structures', 'divide and conquer', 'greedy', 'implementation', 'two pointers']"
1665_D,2000.0,"['bitmasks', 'chinese remainder theorem', 'constructive algorithms', 'games', 'interactive', 'math', 'number theory']"
1665_C,1600.0,"['binary search', 'greedy', 'sortings', 'trees']"
1665_B,900.0,"['constructive algorithms', 'greedy', 'sortings']"
1665_A,800.0,"['constructive algorithms', 'math']"
1661_F,2600.0,"['binary search', 'greedy']"
1661_E,2500.0,"['brute force', 'data structures', 'dp', 'dsu', 'math', 'trees']"
1661_D,1900.0,"['data structures', 'greedy']"
1661_C,1700.0,"['binary search', 'greedy', 'math']"
1661_B,1300.0,"['bitmasks', 'brute force', 'dfs and similar', 'dp', 'graphs', 'greedy', 'shortest paths']"
1661_A,800.0,"['greedy', 'math']"
1660_F2,2100.0,"['data structures', 'implementation', 'math', 'strings']"
1660_F1,1700.0,"['brute force', 'implementation', 'math', 'strings']"
1660_E,1600.0,"['brute force', 'constructive algorithms', 'greedy', 'implementation']"
1660_D,1600.0,"['brute force', 'implementation', 'math', 'two pointers']"
1660_C,1300.0,"['dp', 'greedy', 'strings']"
1660_B,800.0,['math']
1660_A,800.0,"['greedy', 'math']"
1659_F,3000.0,"['dfs and similar', 'games', 'graphs', 'trees']"
1659_E,2200.0,"['bitmasks', 'brute force', 'constructive algorithms', 'dfs and similar', 'dsu', 'graphs']"
1659_D,1900.0,"['constructive algorithms', 'data structures', 'greedy', 'implementation', 'math', 'two pointers']"
1659_C,1500.0,"['binary search', 'brute force', 'dp', 'greedy', 'implementation', 'math']"
1659_B,1300.0,"['bitmasks', 'constructive algorithms', 'greedy', 'strings']"
1659_A,1000.0,"['constructive algorithms', 'greedy', 'implementation', 'math']"
1658_F,2700.0,"['brute force', 'constructive algorithms', 'greedy', 'math']"
1658_E,2500.0,"['data structures', 'dp', 'games', 'hashing', 'implementation', 'math', 'number theory', 'sortings']"
1658_D2,2300.0,"['bitmasks', 'brute force', 'data structures', 'math']"
1658_D1,1600.0,"['bitmasks', 'math']"
1658_C,1700.0,"['constructive algorithms', 'math']"
1658_B,800.0,"['combinatorics', 'math', 'number theory']"
1658_A,800.0,"['constructive algorithms', 'implementation', 'math']"
1657_F,2600.0,"['2-sat', 'dfs and similar', 'dsu', 'graphs', 'trees']"
1657_E,2200.0,"['combinatorics', 'dp', 'graph matchings', 'math']"
1657_D,2000.0,"['binary search', 'brute force', 'greedy', 'math', 'sortings']"
1657_C,1200.0,"['greedy', 'implementation']"
1657_B,800.0,['greedy']
1657_A,800.0,"['brute force', 'math']"
1656_I,3500.0,"['constructive algorithms', 'graphs']"
1656_H,3200.0,"['data structures', 'math', 'number theory']"
1656_G,3200.0,"['constructive algorithms', 'graphs', 'math']"
1656_F,2600.0,"['binary search', 'constructive algorithms', 'graphs', 'greedy', 'math', 'sortings']"
1656_E,2200.0,"['constructive algorithms', 'dfs and similar', 'math', 'trees']"
1656_D,1900.0,"['constructive algorithms', 'math', 'number theory']"
1656_C,1200.0,"['constructive algorithms', 'math', 'number theory', 'sortings']"
1656_B,1100.0,"['data structures', 'greedy', 'math', 'two pointers']"
1656_A,800.0,"['math', 'sortings']"
1654_H,3500.0,"['combinatorics', 'constructive algorithms', 'divide and conquer', 'dp', 'fft', 'math']"
1654_G,2900.0,"['data structures', 'dfs and similar', 'graphs', 'greedy', 'shortest paths', 'trees']"
1654_F,2800.0,"['bitmasks', 'data structures', 'divide and conquer', 'greedy', 'hashing', 'sortings', 'strings']"
1654_E,2300.0,"['brute force', 'data structures', 'graphs', 'math']"
1654_D,2100.0,"['dfs and similar', 'math', 'number theory', 'trees']"
1654_C,1400.0,"['data structures', 'greedy', 'implementation', 'sortings']"
1654_B,800.0,['strings']
1654_A,800.0,"['brute force', 'greedy', 'implementation', 'sortings']"
1651_F,3000.0,"['binary search', 'brute force', 'data structures']"
1651_E,2600.0,"['brute force', 'combinatorics', 'constructive algorithms', 'dfs and similar', 'graph matchings', 'greedy', 'math']"
1651_D,1900.0,"['binary search', 'data structures', 'dfs and similar', 'graphs', 'shortest paths']"
1651_C,1500.0,"['brute force', 'data structures', 'implementation']"
1651_B,800.0,"['constructive algorithms', 'greedy']"
1651_A,800.0,['implementation']
1650_G,2100.0,"['data structures', 'dfs and similar', 'dp', 'graphs', 'shortest paths']"
1650_F,2200.0,"['dp', 'greedy', 'implementation']"
1650_E,1900.0,"['binary search', 'data structures', 'greedy', 'implementation', 'math', 'sortings']"
1650_D,1300.0,"['brute force', 'constructive algorithms', 'implementation', 'math']"
1650_C,1200.0,"['greedy', 'hashing', 'implementation', 'sortings']"
1650_B,900.0,['math']
1650_A,800.0,"['implementation', 'strings']"
1649_B,1300.0,"['greedy', 'implementation']"
1649_A,800.0,['implementation']
1648_F,3500.0,"['data structures', 'dfs and similar', 'graphs']"
1648_E,3200.0,"['data structures', 'dfs and similar', 'divide and conquer', 'dsu', 'graphs', 'implementation', 'trees']"
1648_D,2800.0,"['data structures', 'divide and conquer', 'dp', 'implementation', 'shortest paths']"
1648_C,1900.0,"['combinatorics', 'data structures', 'implementation']"
1648_B,1800.0,"['brute force', 'constructive algorithms', 'data structures', 'math']"
1648_A,1400.0,"['combinatorics', 'data structures', 'geometry', 'math', 'matrices', 'sortings']"
1647_F,3100.0,"['dp', 'greedy']"
1647_E,2500.0,"['data structures', 'dfs and similar', 'greedy']"
1647_D,1900.0,"['constructive algorithms', 'dp', 'math', 'number theory']"
1647_C,1300.0,"['constructive algorithms', 'greedy']"
1647_B,1200.0,"['brute force', 'constructive algorithms', 'graphs', 'implementation']"
1647_A,800.0,"['implementation', 'math']"
1646_F,2900.0,"['constructive algorithms', 'greedy', 'implementation']"
1646_E,2200.0,"['brute force', 'dp', 'math', 'number theory']"
1646_D,2000.0,"['constructive algorithms', 'dfs and similar', 'dp', 'implementation', 'trees']"
1646_C,1500.0,"['bitmasks', 'brute force', 'constructive algorithms', 'dp', 'math']"
1646_B,800.0,"['brute force', 'constructive algorithms', 'greedy', 'sortings', 'two pointers']"
1646_A,800.0,['math']
1644_F,2900.0,"['combinatorics', 'fft', 'math', 'number theory']"
1644_E,1900.0,"['brute force', 'combinatorics', 'data structures', 'implementation', 'math']"
1644_D,1700.0,"['data structures', 'implementation', 'math']"
1644_C,1400.0,"['brute force', 'dp', 'greedy', 'implementation']"
1644_B,800.0,"['brute force', 'constructive algorithms', 'implementation']"
1644_A,800.0,['implementation']
1642_B,900.0,['greedy']
1642_A,800.0,['geometry']
1641_F,3500.0,['geometry']
1641_E,3300.0,"['combinatorics', 'divide and conquer', 'fft', 'math']"
1641_D,2700.0,"['bitmasks', 'brute force', 'combinatorics', 'greedy', 'hashing', 'math', 'two pointers']"
1641_C,2200.0,"['binary search', 'brute force', 'data structures', 'dsu', 'greedy', 'sortings']"
1641_B,2000.0,"['constructive algorithms', 'implementation', 'sortings']"
1641_A,1200.0,"['brute force', 'greedy', 'sortings']"
1638_F,3200.0,"['brute force', 'data structures', 'greedy', 'two pointers']"
1638_E,2400.0,"['brute force', 'data structures', 'implementation']"
1638_D,2000.0,"['constructive algorithms', 'data structures', 'greedy', 'implementation']"
1638_C,1300.0,"['data structures', 'dsu', 'graphs', 'math']"
1638_B,1100.0,"['data structures', 'math', 'sortings']"
1638_A,800.0,"['constructive algorithms', 'greedy', 'math']"
1637_H,3500.0,"['data structures', 'greedy', 'math', 'sortings']"
1637_G,3000.0,"['constructive algorithms', 'greedy', 'math']"
1637_F,2500.0,"['constructive algorithms', 'dfs and similar', 'dp', 'greedy', 'trees']"
1637_E,2100.0,"['binary search', 'brute force', 'implementation']"
1637_D,1800.0,"['dp', 'greedy', 'math']"
1637_C,1200.0,"['greedy', 'implementation']"
1637_B,1100.0,"['brute force', 'dp', 'greedy', 'math']"
1637_A,800.0,"['brute force', 'sortings']"
1635_F,2800.0,"['data structures', 'greedy']"
1635_E,2200.0,"['2-sat', 'constructive algorithms', 'dfs and similar', 'dsu', 'graphs', 'greedy', 'sortings']"
1635_D,1800.0,"['bitmasks', 'dp', 'math', 'matrices', 'number theory', 'strings']"
1635_C,1200.0,"['constructive algorithms', 'greedy']"
1635_B,800.0,['greedy']
1635_A,800.0,"['bitmasks', 'greedy']"
1634_F,2700.0,"['brute force', 'data structures', 'hashing', 'implementation', 'math']"
1634_E,2400.0,"['constructive algorithms', 'data structures', 'dfs and similar', 'graph matchings', 'graphs']"
1634_D,2000.0,"['constructive algorithms', 'interactive', 'math']"
1634_C,1000.0,['constructive algorithms']
1634_B,1400.0,"['bitmasks', 'math']"
1634_A,800.0,"['greedy', 'strings']"
1633_F,2800.0,"['data structures', 'divide and conquer', 'interactive', 'trees']"
1633_E,2400.0,"['binary search', 'data structures', 'dfs and similar', 'dsu', 'graphs', 'greedy', 'math', 'sortings', 'trees']"
1633_D,1600.0,"['dp', 'greedy']"
1633_C,1100.0,"['brute force', 'math']"
1633_B,800.0,['greedy']
1633_A,800.0,['brute force']
1632_E2,2700.0,"['binary search', 'dfs and similar', 'shortest paths', 'trees']"
1632_E1,2400.0,"['binary search', 'data structures', 'dfs and similar', 'graphs', 'shortest paths', 'trees']"
1632_D,2000.0,"['binary search', 'data structures', 'greedy', 'math', 'number theory', 'two pointers']"
1632_C,1600.0,"['binary search', 'bitmasks', 'brute force', 'dp', 'math']"
1632_B,1000.0,"['bitmasks', 'constructive algorithms']"
1632_A,800.0,['implementation']
1631_B,1100.0,"['dp', 'greedy']"
1631_A,800.0,['greedy']
1630_F,3400.0,"['flows', 'graph matchings', 'graphs', 'number theory']"
1630_E,2900.0,"['combinatorics', 'math', 'number theory', 'probabilities']"
1630_D,2400.0,"['constructive algorithms', 'dp', 'greedy', 'number theory']"
1630_C,2200.0,"['dp', 'greedy', 'sortings', 'two pointers']"
1630_B,1800.0,"['binary search', 'constructive algorithms', 'data structures', 'greedy', 'two pointers']"
1630_A,1500.0,"['bitmasks', 'constructive algorithms']"
1629_B,800.0,"['greedy', 'math', 'number theory']"
1629_A,800.0,"['brute force', 'greedy', 'sortings']"
1628_F,3500.0,"['binary search', 'data structures', 'geometry', 'sortings']"
1628_E,3100.0,"['binary search', 'data structures', 'dsu', 'trees']"
1628_D2,2400.0,"['combinatorics', 'dp', 'games', 'math']"
1628_D1,2100.0,"['combinatorics', 'dp', 'games', 'math']"
1628_C,2300.0,"['constructive algorithms', 'greedy', 'implementation', 'interactive', 'math']"
1628_B,1700.0,"['greedy', 'strings']"
1628_A,1400.0,"['binary search', 'constructive algorithms', 'greedy', 'implementation', 'math', 'two pointers']"
1627_F,2700.0,"['geometry', 'graphs', 'greedy', 'implementation', 'shortest paths']"
1627_E,2200.0,"['data structures', 'dp', 'implementation', 'shortest paths', 'two pointers']"
1627_D,1900.0,"['brute force', 'dp', 'math', 'number theory']"
1627_C,1400.0,"['constructive algorithms', 'dfs and similar', 'number theory', 'trees']"
1627_B,1300.0,"['games', 'greedy', 'sortings']"
1627_A,800.0,"['constructive algorithms', 'implementation']"
1626_F,2800.0,"['combinatorics', 'dp', 'math', 'number theory', 'probabilities']"
1626_E,2400.0,"['dfs and similar', 'greedy', 'trees']"
1626_D,2100.0,"['binary search', 'brute force', 'greedy', 'math']"
1626_C,1700.0,"['binary search', 'data structures', 'dp', 'greedy', 'implementation', 'math', 'two pointers']"
1626_B,1100.0,"['greedy', 'strings']"
1626_A,800.0,"['constructive algorithms', 'sortings']"
1625_E2,2800.0,"['binary search', 'data structures', 'dfs and similar', 'graphs', 'trees']"
1625_E1,2500.0,"['brute force', 'data structures', 'dfs and similar', 'divide and conquer', 'dp', 'graphs', 'trees']"
1625_D,2300.0,"['bitmasks', 'data structures', 'implementation', 'math', 'sortings', 'trees']"
1625_C,1700.0,['dp']
1625_B,1100.0,"['brute force', 'greedy', 'sortings']"
1625_A,800.0,"['bitmasks', 'greedy', 'math']"
1624_G,1900.0,"['bitmasks', 'dfs and similar', 'dsu', 'graphs', 'greedy']"
1624_F,2000.0,"['binary search', 'constructive algorithms', 'interactive']"
1624_E,2000.0,"['brute force', 'constructive algorithms', 'dp', 'hashing', 'implementation', 'strings']"
1624_D,1400.0,"['binary search', 'greedy', 'sortings', 'strings']"
1624_C,1100.0,"['constructive algorithms', 'flows', 'graph matchings', 'greedy', 'math']"
1624_B,900.0,"['implementation', 'math']"
1624_A,800.0,['math']
1623_E,2500.0,"['data structures', 'dfs and similar', 'greedy', 'strings', 'trees']"
1623_D,2300.0,"['implementation', 'math', 'probabilities']"
1623_C,1600.0,"['binary search', 'greedy']"
1623_B,1100.0,"['brute force', 'dfs and similar', 'implementation', 'sortings']"
1623_A,800.0,"['brute force', 'implementation', 'math']"
1622_F,2900.0,"['constructive algorithms', 'hashing', 'math', 'number theory']"
1622_E,2200.0,"['bitmasks', 'brute force', 'greedy']"
1622_D,2000.0,"['combinatorics', 'math', 'two pointers']"
1622_C,1600.0,"['binary search', 'brute force', 'greedy', 'sortings']"
1622_B,1000.0,"['data structures', 'greedy', 'math', 'sortings']"
1622_A,800.0,"['geometry', 'math']"
1621_I,3500.0,"['data structures', 'hashing', 'string suffix structures']"
1621_H,3500.0,"['dfs and similar', 'graphs', 'shortest paths', 'trees']"
1621_G,3200.0,"['data structures', 'dp', 'math']"
1621_F,2700.0,"['data structures', 'greedy', 'implementation']"
1621_E,2300.0,"['binary search', 'data structures', 'dp', 'greedy', 'implementation', 'sortings']"
1621_D,2100.0,"['constructive algorithms', 'greedy', 'math']"
1621_C,1700.0,"['dfs and similar', 'interactive', 'math']"
1621_B,1500.0,"['data structures', 'greedy', 'implementation']"
1621_A,800.0,['constructive algorithms']
1620_G,2400.0,"['bitmasks', 'combinatorics', 'dp']"
1620_F,2800.0,"['dp', 'greedy']"
1620_E,1900.0,"['constructive algorithms', 'data structures', 'dsu', 'implementation']"
1620_D,2000.0,"['brute force', 'constructive algorithms', 'greedy']"
1620_C,1800.0,"['brute force', 'dp', 'greedy', 'implementation', 'math']"
1620_B,1000.0,"['geometry', 'greedy', 'math']"
1620_A,800.0,"['constructive algorithms', 'dsu', 'implementation']"
1619_H,2400.0,"['brute force', 'data structures', 'divide and conquer', 'two pointers']"
1619_G,2000.0,"['binary search', 'dfs and similar', 'dsu', 'greedy', 'sortings']"
1619_F,2000.0,"['brute force', 'constructive algorithms', 'greedy', 'math']"
1619_E,1700.0,"['constructive algorithms', 'data structures', 'dp', 'greedy', 'implementation', 'math', 'sortings']"
1619_D,1800.0,"['binary search', 'greedy', 'sortings']"
1619_C,1200.0,['implementation']
1619_B,800.0,"['implementation', 'math']"
1619_A,800.0,"['implementation', 'strings']"
1618_G,2200.0,"['data structures', 'dsu', 'greedy', 'sortings']"
1618_F,2000.0,"['bitmasks', 'constructive algorithms', 'dfs and similar', 'implementation', 'math', 'strings']"
1618_E,1700.0,"['constructive algorithms', 'math']"
1618_D,1300.0,"['dp', 'greedy', 'math']"
1618_C,1100.0,['math']
1618_B,800.0,['implementation']
1618_A,800.0,"['math', 'sortings']"
1617_E,2700.0,"['dfs and similar', 'dp', 'games', 'graphs', 'implementation', 'math', 'number theory', 'shortest paths', 'trees']"
1617_D2,2400.0,"['constructive algorithms', 'implementation', 'interactive', 'math']"
1617_D1,1800.0,"['constructive algorithms', 'implementation', 'interactive']"
1617_C,1300.0,"['binary search', 'greedy', 'math', 'sortings']"
1617_B,900.0,"['brute force', 'constructive algorithms', 'math', 'number theory']"
1617_A,800.0,"['constructive algorithms', 'greedy', 'sortings', 'strings']"
1616_H,3000.0,"['bitmasks', 'combinatorics', 'data structures', 'divide and conquer', 'dp', 'math']"
1616_G,3500.0,"['dfs and similar', 'dp', 'graphs']"
1616_F,2900.0,"['brute force', 'graphs', 'math', 'matrices']"
1616_E,2200.0,"['brute force', 'data structures', 'greedy', 'strings']"
1616_D,2000.0,"['dp', 'greedy', 'math']"
1616_C,1500.0,"['brute force', 'geometry', 'implementation', 'math']"
1616_B,1100.0,"['greedy', 'strings']"
1616_A,800.0,['implementation']
1615_H,3000.0,"['binary search', 'constructive algorithms', 'data structures', 'divide and conquer', 'flows', 'graphs', 'shortest paths']"
1615_G,3300.0,"['constructive algorithms', 'graph matchings']"
1615_F,2800.0,"['combinatorics', 'dp', 'math']"
1615_E,2400.0,"['data structures', 'dfs and similar', 'games', 'graphs', 'greedy', 'math', 'sortings', 'trees']"
1615_D,2200.0,"['bitmasks', 'dfs and similar', 'dsu', 'graphs', 'trees']"
1615_C,1600.0,"['brute force', 'graphs', 'greedy', 'math']"
1615_B,1300.0,"['bitmasks', 'greedy', 'math']"
1615_A,800.0,"['greedy', 'math']"
1614_E,2600.0,"['binary search', 'data structures']"
1614_D2,2300.0,"['dp', 'number theory']"
1614_D1,2100.0,"['dp', 'number theory']"
1614_C,1500.0,"['bitmasks', 'combinatorics', 'constructive algorithms', 'dp', 'math']"
1614_B,1000.0,"['constructive algorithms', 'sortings']"
1614_A,800.0,"['brute force', 'constructive algorithms', 'greedy']"
1613_F,2600.0,"['combinatorics', 'divide and conquer', 'fft']"
1613_E,2000.0,"['dfs and similar', 'graphs']"
1613_D,1900.0,"['dp', 'math']"
1613_C,1200.0,['binary search']
1613_B,1000.0,"['greedy', 'implementation', 'sortings']"
1613_A,900.0,"['implementation', 'math']"
1612_G,2500.0,"['combinatorics', 'constructive algorithms', 'greedy', 'sortings']"
1612_F,2800.0,"['brute force', 'dp', 'greedy', 'shortest paths']"
1612_E,2000.0,"['brute force', 'dp', 'greedy', 'probabilities', 'sortings']"
1612_D,1600.0,"['math', 'number theory']"
1612_C,1300.0,"['binary search', 'math']"
1612_B,900.0,"['constructive algorithms', 'greedy']"
1612_A,800.0,"['brute force', 'constructive algorithms']"
1611_G,2500.0,"['data structures', 'graph matchings', 'greedy']"
1611_F,1800.0,"['binary search', 'data structures', 'two pointers']"
1611_E2,1900.0,"['dfs and similar', 'dp', 'greedy', 'shortest paths', 'trees']"
1611_E1,1700.0,"['dfs and similar', 'greedy', 'shortest paths', 'trees', 'two pointers']"
1611_D,1500.0,"['constructive algorithms', 'trees']"
1611_C,1000.0,['constructive algorithms']
1611_B,800.0,"['binary search', 'constructive algorithms', 'math']"
1611_A,800.0,"['constructive algorithms', 'math']"
1610_I,3100.0,"['games', 'trees']"
1610_H,3100.0,"['data structures', 'dfs and similar', 'greedy', 'trees']"
1610_G,3300.0,"['data structures', 'greedy', 'hashing']"
1610_F,3000.0,"['constructive algorithms', 'dfs and similar', 'graphs']"
1610_E,2300.0,"['binary search', 'brute force', 'greedy', 'implementation', 'math']"
1610_D,2000.0,"['combinatorics', 'dp', 'math', 'number theory']"
1610_C,1600.0,"['binary search', 'greedy']"
1610_B,1100.0,"['greedy', 'two pointers']"
1610_A,900.0,['math']
1609_H,3500.0,[]
1609_G,3000.0,"['data structures', 'greedy', 'math']"
1609_F,2800.0,"['data structures', 'divide and conquer', 'meet-in-the-middle', 'two pointers']"
1609_E,2400.0,"['bitmasks', 'data structures', 'dp', 'matrices']"
1609_D,1600.0,"['dsu', 'graphs', 'greedy', 'implementation', 'trees']"
1609_C,1400.0,"['binary search', 'dp', 'implementation', 'number theory', 'schedules', 'two pointers']"
1609_B,1100.0,"['implementation', 'strings']"
1609_A,900.0,"['greedy', 'implementation', 'math', 'number theory']"
1608_G,3500.0,"['binary search', 'data structures', 'dfs and similar', 'hashing', 'string suffix structures', 'strings', 'trees']"
1608_F,3200.0,"['combinatorics', 'dp', 'implementation']"
1608_E,2800.0,"['binary search', 'implementation', 'sortings']"
1608_D,2400.0,"['combinatorics', 'fft', 'graphs', 'math', 'number theory']"
1608_C,1700.0,"['data structures', 'dfs and similar', 'dp', 'graphs', 'greedy', 'two pointers']"
1608_B,1200.0,"['constructive algorithms', 'greedy']"
1608_A,800.0,"['constructive algorithms', 'math']"
1607_H,2200.0,"['greedy', 'sortings', 'two pointers']"
1607_G,2200.0,['greedy']
1607_F,2300.0,"['brute force', 'dfs and similar', 'graphs', 'implementation']"
1607_E,1600.0,['implementation']
1607_D,1300.0,"['greedy', 'math', 'sortings']"
1607_C,1000.0,"['brute force', 'sortings']"
1607_B,900.0,['math']
1607_A,800.0,"['implementation', 'strings']"
1606_F,2800.0,"['brute force', 'dp', 'trees']"
1606_E,2100.0,"['combinatorics', 'dp', 'math']"
1606_D,2400.0,"['brute force', 'constructive algorithms', 'implementation', 'sortings']"
1606_C,1400.0,"['greedy', 'number theory']"
1606_B,1100.0,"['greedy', 'implementation', 'math']"
1606_A,900.0,['strings']
1605_F,2900.0,"['combinatorics', 'dp']"
1605_E,2400.0,"['binary search', 'greedy', 'implementation', 'math', 'number theory', 'sortings', 'two pointers']"
1605_D,2100.0,"['bitmasks', 'constructive algorithms', 'dfs and similar', 'games', 'greedy', 'implementation', 'trees']"
1605_C,1400.0,"['brute force', 'greedy', 'implementation', 'strings']"
1605_B,1000.0,"['greedy', 'sortings']"
1605_A,800.0,"['math', 'number theory']"
1604_B,1100.0,[]
1604_A,800.0,['greedy']
1603_F,2700.0,"['combinatorics', 'dp', 'implementation', 'math']"
1603_E,3200.0,"['combinatorics', 'dp', 'math']"
1603_D,3000.0,"['divide and conquer', 'dp', 'number theory']"
1603_C,2300.0,"['dp', 'greedy', 'math', 'number theory']"
1603_B,1600.0,"['constructive algorithms', 'math', 'number theory']"
1603_A,1300.0,"['constructive algorithms', 'math', 'number theory']"
1602_B,1100.0,"['constructive algorithms', 'implementation']"
1602_A,800.0,['implementation']
1601_F,3400.0,"['binary search', 'dfs and similar', 'math', 'meet-in-the-middle']"
1601_E,2900.0,"['data structures', 'dp', 'greedy']"
1601_D,2700.0,"['data structures', 'dp', 'greedy', 'sortings']"
1601_C,2300.0,"['data structures', 'divide and conquer', 'dp', 'greedy', 'sortings']"
1601_B,1900.0,"['data structures', 'dfs and similar', 'dp', 'graphs', 'shortest paths', 'two pointers']"
1601_A,1300.0,"['bitmasks', 'greedy', 'math', 'number theory']"
1600_J,1400.0,"['bitmasks', 'dfs and similar']"
1600_F,2300.0,"['brute force', 'math', 'probabilities']"
1600_E,1900.0,"['games', 'greedy', 'two pointers']"
1599_J,2600.0,"['bitmasks', 'brute force', 'greedy']"
1599_I,2700.0,"['data structures', 'graphs']"
1599_H,2100.0,"['interactive', 'math']"
1599_G,2700.0,"['brute force', 'geometry', 'math', 'shortest paths']"
1599_F,2700.0,['hashing']
1599_E,3200.0,"['data structures', 'matrices']"
1599_D,3200.0,[]
1599_C,2000.0,"['combinatorics', 'math', 'probabilities', 'ternary search']"
1599_B,3100.0,[]
1599_A,2600.0,"['constructive algorithms', 'greedy', 'two pointers']"
1598_G,3200.0,"['hashing', 'math', 'string suffix structures', 'strings']"
1598_F,2400.0,"['binary search', 'bitmasks', 'brute force', 'data structures', 'dp']"
1598_E,2100.0,"['brute force', 'combinatorics', 'data structures', 'dfs and similar', 'dp', 'implementation', 'math']"
1598_D,1700.0,"['combinatorics', 'data structures', 'geometry', 'implementation', 'math']"
1598_C,1200.0,"['data structures', 'dp', 'implementation', 'math', 'two pointers']"
1598_B,1000.0,"['brute force', 'implementation']"
1598_A,800.0,"['brute force', 'dfs and similar', 'dp', 'implementation']"
1594_F,2400.0,"['constructive algorithms', 'math']"
1594_E2,2300.0,"['brute force', 'dp', 'implementation', 'math', 'trees']"
1594_E1,1300.0,"['combinatorics', 'math']"
1594_D,1700.0,"['constructive algorithms', 'dfs and similar', 'dp', 'dsu', 'graphs']"
1594_C,1200.0,"['brute force', 'greedy', 'math', 'strings']"
1594_B,1100.0,"['bitmasks', 'math']"
1594_A,800.0,['math']
1593_G,2200.0,"['constructive algorithms', 'data structures', 'dp', 'greedy']"
1593_F,2100.0,"['dfs and similar', 'dp', 'implementation', 'math', 'meet-in-the-middle']"
1593_E,1600.0,"['brute force', 'data structures', 'dfs and similar', 'greedy', 'implementation', 'trees']"
1593_D2,1900.0,"['brute force', 'math', 'number theory']"
1593_D1,1100.0,"['math', 'number theory']"
1593_C,1000.0,"['binary search', 'greedy', 'greedy']"
1593_B,900.0,"['dfs and similar', 'dp', 'greedy', 'math', 'math']"
1593_A,800.0,['math']
1592_F2,2800.0,"['constructive algorithms', 'flows', 'graph matchings', 'greedy']"
1592_F1,2600.0,"['constructive algorithms', 'greedy']"
1592_E,2400.0,"['bitmasks', 'greedy', 'math', 'two pointers']"
1592_D,2300.0,"['binary search', 'dfs and similar', 'implementation', 'interactive', 'math', 'number theory', 'trees']"
1592_C,1700.0,"['bitmasks', 'constructive algorithms', 'dfs and similar', 'dp', 'graphs', 'trees']"
1592_B,1200.0,"['constructive algorithms', 'dsu', 'math', 'sortings']"
1592_A,800.0,"['binary search', 'greedy', 'math', 'sortings']"
1588_F,3500.0,"['binary search', 'data structures', 'graphs', 'two pointers']"
1586_I,3500.0,"['combinatorics', 'constructive algorithms', 'math']"
1585_G,2500.0,"['dp', 'games', 'graphs', 'trees']"
1585_F,2400.0,"['combinatorics', 'dp', 'math']"
1585_E,2400.0,"['data structures', 'dfs and similar', 'trees']"
1585_D,1900.0,"['data structures', 'math']"
1585_C,1300.0,['greedy']
1585_B,900.0,['greedy']
1585_A,800.0,['implementation']
1584_G,3200.0,['geometry']
1584_F,2600.0,"['bitmasks', 'dp', 'graphs', 'greedy', 'strings']"
1584_E,2300.0,"['binary search', 'data structures', 'games', 'greedy']"
1584_D,2000.0,"['binary search', 'combinatorics', 'interactive', 'math']"
1584_C,900.0,"['greedy', 'math', 'sortings']"
1584_B,1000.0,"['greedy', 'math']"
1584_A,800.0,['math']
1583_H,3300.0,"['data structures', 'divide and conquer', 'sortings', 'trees']"
1583_G,3000.0,"['data structures', 'math']"
1583_F,2500.0,"['bitmasks', 'constructive algorithms', 'divide and conquer']"
1583_E,2200.0,"['constructive algorithms', 'dfs and similar', 'graph matchings', 'graphs', 'greedy', 'trees']"
1583_D,1800.0,"['constructive algorithms', 'greedy', 'interactive']"
1583_C,1700.0,"['data structures', 'dp']"
1583_B,1200.0,"['constructive algorithms', 'trees']"
1583_A,800.0,"['math', 'number theory']"
1582_G,2600.0,"['data structures', 'number theory']"
1582_F2,2400.0,"['binary search', 'brute force', 'dp', 'greedy', 'two pointers']"
1582_F1,1800.0,"['bitmasks', 'dp', 'greedy']"
1582_E,2000.0,"['binary search', 'data structures', 'dp', 'greedy', 'math']"
1582_D,1600.0,"['constructive algorithms', 'math']"
1582_C,1200.0,"['brute force', 'data structures', 'greedy', 'strings', 'two pointers']"
1582_B,900.0,"['combinatorics', 'math']"
1582_A,800.0,['math']
1581_B,1200.0,"['constructive algorithms', 'graphs', 'greedy', 'math']"
1581_A,800.0,"['combinatorics', 'math', 'number theory']"
1580_F,3300.0,"['combinatorics', 'fft', 'math']"
1580_E,3400.0,"['brute force', 'constructive algorithms', 'data structures', 'graphs', 'shortest paths']"
1580_D,2900.0,"['brute force', 'divide and conquer', 'dp', 'greedy', 'trees']"
1580_C,2200.0,"['brute force', 'data structures', 'implementation']"
1580_B,2600.0,"['brute force', 'combinatorics', 'dp', 'trees']"
1580_A,1700.0,"['brute force', 'data structures', 'dp', 'greedy', 'implementation']"
1579_G,2200.0,['dp']
1579_F,1700.0,"['brute force', 'graphs', 'math', 'number theory', 'shortest paths']"
1579_E2,1700.0,"['data structures', 'greedy']"
1579_E1,1000.0,"['constructive algorithms', 'greedy', 'math']"
1579_D,1400.0,"['constructive algorithms', 'graphs', 'greedy']"
1579_C,1500.0,"['greedy', 'implementation']"
1579_B,1100.0,"['implementation', 'sortings']"
1579_A,800.0,"['math', 'strings']"
1578_M,2700.0,"['constructive algorithms', 'interactive', 'probabilities']"
1578_L,2400.0,"['binary search', 'dsu', 'greedy']"
1578_K,2800.0,"['brute force', 'graphs', 'implementation']"
1578_J,3100.0,"['brute force', 'data structures', 'dfs and similar']"
1578_I,3300.0,"['geometry', 'interactive']"
1578_H,1700.0,"['implementation', 'strings']"
1578_G,3500.0,"['math', 'probabilities']"
1578_F,2900.0,['geometry']
1578_E,1200.0,"['implementation', 'math']"
1578_D,3200.0,[]
1578_C,3500.0,[]
1578_B,2800.0,"['data structures', 'dsu']"
1578_A,2800.0,"['constructive algorithms', 'graphs', 'shortest paths']"
1575_M,2400.0,"['data structures', 'geometry']"
1575_L,2100.0,"['data structures', 'divide and conquer', 'dp', 'sortings']"
1575_K,2200.0,"['implementation', 'math']"
1575_J,1500.0,"['binary search', 'brute force', 'dsu', 'implementation']"
1575_I,2300.0,"['data structures', 'trees']"
1575_H,2200.0,"['dp', 'strings']"
1575_G,2200.0,"['math', 'number theory']"
1575_F,2900.0,['math']
1575_E,2600.0,"['data structures', 'trees']"
1575_D,1800.0,"['brute force', 'dfs and similar', 'dp']"
1575_C,3000.0,"['data structures', 'fft', 'number theory']"
1575_B,2300.0,"['binary search', 'geometry']"
1575_A,1100.0,"['data structures', 'sortings', 'strings']"
1574_F,2700.0,"['combinatorics', 'dfs and similar', 'dp', 'dsu', 'fft', 'graphs']"
1574_E,2500.0,"['combinatorics', 'constructive algorithms', 'implementation', 'math']"
1574_D,2000.0,"['binary search', 'brute force', 'data structures', 'dfs and similar', 'graphs', 'greedy', 'hashing', 'implementation']"
1574_C,1300.0,"['binary search', 'greedy', 'sortings', 'ternary search']"
1574_B,1100.0,"['combinatorics', 'greedy', 'math']"
1574_A,800.0,['constructive algorithms']
1573_B,1400.0,"['greedy', 'math', 'sortings']"
1573_A,800.0,['greedy']
1572_F,3400.0,['data structures']
1572_E,3000.0,"['binary search', 'dp', 'geometry']"
1572_D,2800.0,"['flows', 'graph matchings', 'graphs', 'greedy']"
1572_C,2700.0,"['dp', 'greedy']"
1572_B,2500.0,"['brute force', 'constructive algorithms', 'greedy', 'two pointers']"
1572_A,1800.0,"['binary search', 'brute force', 'data structures', 'dp', 'graphs', 'implementation', 'sortings']"
1571_J,3000.0,['*special']
1571_I,3200.0,"['*special', 'binary search', 'data structures']"
1571_H,2900.0,"['*special', 'geometry', 'probabilities']"
1571_G,2500.0,"['*special', 'data structures', 'dp']"
1571_F,2000.0,"['*special', 'constructive algorithms', 'dp']"
1571_E,1700.0,"['*special', 'bitmasks', 'dp', 'greedy']"
1571_D,1800.0,"['*special', 'brute force', 'constructive algorithms', 'implementation', 'math']"
1571_C,1800.0,"['*special', 'implementation']"
1571_B,1300.0,"['*special', 'math']"
1571_A,800.0,['*special']
1569_F,3000.0,"['brute force', 'dfs and similar', 'dp', 'graphs', 'hashing']"
1569_E,2600.0,"['bitmasks', 'brute force', 'hashing', 'implementation', 'meet-in-the-middle']"
1569_D,1900.0,"['binary search', 'data structures', 'implementation', 'sortings', 'two pointers']"
1569_C,1500.0,"['combinatorics', 'math']"
1569_B,1000.0,['constructive algorithms']
1569_A,800.0,['implementation']
1567_F,2700.0,"['2-sat', 'constructive algorithms', 'dfs and similar', 'dsu', 'graphs', 'implementation']"
1567_E,2200.0,"['data structures', 'divide and conquer', 'math']"
1567_D,2000.0,"['constructive algorithms', 'greedy', 'implementation', 'math']"
1567_C,1600.0,"['bitmasks', 'combinatorics', 'dp', 'math']"
1567_B,1000.0,"['bitmasks', 'greedy']"
1567_A,800.0,"['implementation', 'strings']"
1566_H,3200.0,"['constructive algorithms', 'dp', 'interactive', 'math', 'number theory']"
1566_G,3100.0,"['constructive algorithms', 'data structures', 'graphs', 'greedy', 'implementation', 'shortest paths']"
1566_F,2600.0,"['data structures', 'dp', 'greedy', 'implementation', 'sortings']"
1566_E,2000.0,"['constructive algorithms', 'dfs and similar', 'dp', 'greedy', 'trees']"
1566_D2,1600.0,"['data structures', 'greedy', 'implementation', 'sortings', 'two pointers']"
1566_D1,1100.0,"['data structures', 'greedy', 'sortings']"
1566_C,1000.0,"['bitmasks', 'constructive algorithms', 'dp', 'greedy']"
1566_B,800.0,"['bitmasks', 'constructive algorithms', 'dp', 'greedy']"
1566_A,800.0,"['binary search', 'greedy', 'math']"
1562_F,2900.0,"['interactive', 'math', 'number theory', 'probabilities']"
1562_E,2500.0,"['dp', 'greedy', 'string suffix structures', 'strings']"
1562_D2,2200.0,"['data structures', 'math']"
1562_D1,1700.0,"['data structures', 'dp', 'math']"
1562_C,1500.0,"['constructive algorithms', 'math']"
1562_B,1000.0,"['brute force', 'constructive algorithms', 'implementation', 'math', 'number theory']"
1562_A,800.0,"['greedy', 'math']"
1561_D1,1700.0,"['brute force', 'data structures', 'dp', 'math', 'number theory']"
1561_C,1300.0,"['binary search', 'greedy', 'sortings']"
1561_A,800.0,"['brute force', 'implementation', 'sortings']"
1560_F2,2100.0,"['bitmasks', 'brute force', 'constructive algorithms', 'dfs and similar', 'dp', 'greedy']"
1560_F1,1900.0,"['binary search', 'bitmasks', 'brute force', 'constructive algorithms', 'dfs and similar', 'greedy']"
1560_E,1800.0,"['binary search', 'implementation', 'sortings', 'strings']"
1560_D,1300.0,"['greedy', 'math', 'strings']"
1560_C,800.0,"['implementation', 'math']"
1560_B,800.0,['math']
1560_A,800.0,['implementation']
1559_E,2200.0,"['combinatorics', 'dp', 'fft', 'math', 'number theory']"
1559_D2,2500.0,"['brute force', 'constructive algorithms', 'dfs and similar', 'dsu', 'graphs', 'greedy', 'trees', 'two pointers']"
1559_D1,1400.0,"['brute force', 'constructive algorithms', 'dsu', 'graphs', 'greedy', 'trees']"
1559_C,1200.0,"['constructive algorithms', 'graphs']"
1559_B,900.0,"['dp', 'greedy']"
1559_A,900.0,"['bitmasks', 'constructive algorithms', 'math']"
1558_F,3300.0,"['data structures', 'sortings']"
1558_E,3000.0,"['binary search', 'dfs and similar', 'graphs', 'greedy', 'meet-in-the-middle', 'shortest paths']"
1558_D,2600.0,"['combinatorics', 'data structures']"
1558_C,2000.0,"['constructive algorithms', 'greedy']"
1558_B,1900.0,"['brute force', 'dp', 'math', 'number theory', 'two pointers']"
1558_A,1300.0,"['brute force', 'math']"
1557_E,2800.0,"['brute force', 'constructive algorithms', 'interactive']"
1557_D,2200.0,"['data structures', 'dp', 'greedy']"
1557_C,1700.0,"['bitmasks', 'combinatorics', 'dp', 'math', 'matrices']"
1557_B,1100.0,"['greedy', 'sortings']"
1557_A,800.0,"['brute force', 'math', 'sortings']"
1556_H,3300.0,"['graphs', 'greedy', 'math', 'probabilities']"
1556_G,3300.0,"['bitmasks', 'data structures', 'dsu', 'two pointers']"
1556_F,2500.0,"['bitmasks', 'combinatorics', 'dp', 'graphs', 'math', 'probabilities']"
1556_E,2200.0,"['data structures', 'dp', 'greedy']"
1556_D,1800.0,"['bitmasks', 'constructive algorithms', 'interactive', 'math']"
1556_C,1800.0,"['brute force', 'implementation']"
1556_B,1300.0,['implementation']
1556_A,800.0,['math']
1555_F,2700.0,"['data structures', 'dsu', 'graphs', 'trees']"
1555_E,2100.0,"['data structures', 'sortings', 'trees', 'two pointers']"
1555_D,1600.0,"['brute force', 'constructive algorithms', 'dp', 'strings']"
1555_C,1300.0,"['brute force', 'constructive algorithms', 'dp', 'implementation']"
1555_B,1300.0,['brute force']
1555_A,900.0,"['brute force', 'math']"
1554_E,2600.0,"['dfs and similar', 'dp', 'math', 'number theory']"
1554_D,1800.0,"['constructive algorithms', 'greedy', 'strings']"
1554_C,1800.0,"['binary search', 'bitmasks', 'greedy', 'implementation']"
1554_B,1700.0,"['bitmasks', 'brute force', 'greedy', 'math']"
1554_A,800.0,['greedy']
1553_I,3400.0,"['combinatorics', 'divide and conquer', 'dp', 'fft', 'math']"
1553_H,2900.0,"['bitmasks', 'divide and conquer', 'trees']"
1553_G,2700.0,"['brute force', 'constructive algorithms', 'dsu', 'graphs', 'hashing', 'math', 'number theory']"
1553_F,2300.0,"['data structures', 'math']"
1553_E,2100.0,"['brute force', 'combinatorics', 'constructive algorithms', 'dfs and similar', 'dsu', 'graphs', 'math']"
1553_D,1500.0,"['dp', 'greedy', 'strings', 'two pointers']"
1553_C,1200.0,"['bitmasks', 'brute force', 'dp', 'greedy']"
1553_B,1300.0,"['brute force', 'dp', 'hashing', 'implementation', 'strings']"
1553_A,800.0,"['math', 'number theory']"
1552_I,3400.0,"['dfs and similar', 'math']"
1552_H,3300.0,"['binary search', 'interactive', 'number theory']"
1552_G,3000.0,"['bitmasks', 'brute force', 'dfs and similar', 'sortings']"
1552_F,2200.0,"['binary search', 'data structures', 'dp', 'sortings']"
1552_E,2300.0,"['constructive algorithms', 'data structures', 'greedy', 'sortings']"
1552_D,1800.0,"['bitmasks', 'brute force', 'constructive algorithms', 'dfs and similar', 'dp', 'graphs', 'math']"
1552_C,1800.0,"['combinatorics', 'constructive algorithms', 'geometry', 'greedy', 'sortings']"
1552_B,1500.0,"['combinatorics', 'graphs', 'greedy', 'sortings']"
1552_A,800.0,"['sortings', 'strings']"
1551_F,2200.0,"['brute force', 'combinatorics', 'dfs and similar', 'dp', 'trees']"
1551_E,2000.0,"['binary search', 'brute force', 'dp']"
1551_D2,2100.0,"['constructive algorithms', 'implementation', 'math']"
1551_D1,1700.0,"['constructive algorithms', 'math']"
1551_C,1500.0,"['greedy', 'sortings', 'strings']"
1551_B2,1400.0,"['binary search', 'constructive algorithms', 'data structures', 'greedy']"
1551_B1,800.0,"['greedy', 'strings']"
1551_A,800.0,"['greedy', 'math']"
1550_F,2700.0,"['binary search', 'data structures', 'divide and conquer', 'dp', 'dsu', 'graphs', 'shortest paths']"
1550_E,2500.0,"['binary search', 'bitmasks', 'brute force', 'dp', 'strings', 'two pointers']"
1550_D,2300.0,"['binary search', 'combinatorics', 'constructive algorithms', 'implementation', 'math', 'sortings', 'two pointers']"
1550_C,1700.0,"['brute force', 'geometry', 'greedy', 'implementation']"
1550_B,1000.0,"['greedy', 'math']"
1550_A,800.0,"['greedy', 'math']"
1549_B,800.0,"['dfs and similar', 'dp', 'flows', 'graph matchings', 'graphs', 'greedy', 'implementation']"
1549_A,800.0,"['math', 'number theory']"
1548_E,3400.0,"['data structures', 'divide and conquer', 'graphs', 'greedy', 'math']"
1548_D2,3300.0,"['brute force', 'geometry', 'math', 'number theory']"
1548_D1,2300.0,"['bitmasks', 'geometry', 'math', 'number theory']"
1548_C,2500.0,"['combinatorics', 'dp', 'fft', 'math']"
1548_B,1800.0,"['binary search', 'data structures', 'divide and conquer', 'math', 'number theory', 'two pointers']"
1548_A,1400.0,"['brute force', 'graphs', 'greedy']"
1547_G,2100.0,"['dfs and similar', 'dp', 'graphs', 'trees']"
1547_F,1900.0,"['binary search', 'brute force', 'data structures', 'divide and conquer', 'number theory', 'two pointers']"
1547_E,1500.0,"['data structures', 'dp', 'implementation', 'shortest paths', 'sortings', 'two pointers']"
1547_D,1300.0,"['bitmasks', 'constructive algorithms', 'greedy']"
1547_C,1100.0,"['greedy', 'two pointers']"
1547_B,800.0,"['greedy', 'implementation', 'strings']"
1547_A,800.0,"['implementation', 'math']"
1546_B,1200.0,"['interactive', 'math']"
1546_A,800.0,"['brute force', 'greedy']"
1545_F,3500.0,"['brute force', 'data structures', 'dp']"
1545_E2,3500.0,"['data structures', 'dp']"
1545_E1,3500.0,"['data structures', 'dp']"
1545_D,3000.0,"['constructive algorithms', 'interactive', 'math']"
1545_C,2800.0,"['2-sat', 'brute force', 'combinatorics', 'constructive algorithms', 'graph matchings', 'graphs']"
1545_B,1900.0,"['combinatorics', 'math']"
1545_A,1500.0,['sortings']
1543_E,2700.0,"['bitmasks', 'constructive algorithms', 'divide and conquer', 'graphs', 'greedy', 'math']"
1543_D2,2200.0,"['brute force', 'constructive algorithms', 'interactive', 'math']"
1543_D1,1700.0,"['bitmasks', 'constructive algorithms', 'interactive', 'math']"
1543_C,1900.0,"['bitmasks', 'brute force', 'dfs and similar', 'implementation', 'math', 'probabilities']"
1543_B,900.0,"['combinatorics', 'greedy', 'math']"
1543_A,900.0,"['greedy', 'math', 'number theory']"
1542_E2,2700.0,"['combinatorics', 'dp', 'fft', 'math']"
1542_E1,2400.0,"['combinatorics', 'dp', 'fft', 'math']"
1542_D,2200.0,"['combinatorics', 'dp', 'implementation', 'math', 'ternary search']"
1542_C,1600.0,"['math', 'number theory']"
1542_B,1500.0,"['constructive algorithms', 'math', 'number theory']"
1542_A,800.0,['math']
1541_B,1200.0,"['brute force', 'implementation', 'math', 'number theory']"
1541_A,800.0,"['constructive algorithms', 'greedy', 'implementation']"
1540_E,3500.0,"['math', 'matrices']"
1540_D,3200.0,"['binary search', 'brute force', 'data structures']"
1540_C2,2900.0,"['dp', 'math']"
1540_C1,2700.0,"['dp', 'math']"
1540_B,2300.0,"['brute force', 'combinatorics', 'dp', 'graphs', 'math', 'probabilities', 'trees']"
1540_A,1400.0,"['constructive algorithms', 'graphs', 'greedy', 'shortest paths', 'sortings']"
1539_F,2600.0,"['data structures', 'greedy', 'sortings']"
1539_E,2500.0,"['binary search', 'constructive algorithms', 'data structures', 'dp', 'greedy', 'implementation']"
1539_D,1600.0,"['binary search', 'greedy', 'implementation', 'sortings', 'two pointers']"
1539_C,1200.0,"['greedy', 'sortings']"
1539_B,800.0,"['dp', 'implementation', 'strings']"
1539_A,1000.0,"['combinatorics', 'geometry', 'greedy', 'math']"
1538_G,2100.0,"['binary search', 'greedy', 'math', 'ternary search']"
1538_F,1500.0,"['binary search', 'dp', 'math', 'number theory']"
1538_E,2100.0,"['data structures', 'hashing', 'implementation', 'matrices', 'strings']"
1538_D,1700.0,"['constructive algorithms', 'math', 'number theory']"
1538_C,1300.0,"['binary search', 'data structures', 'math', 'two pointers']"
1538_B,800.0,"['greedy', 'math']"
1538_A,800.0,"['brute force', 'dp', 'greedy']"
1537_F,2200.0,"['constructive algorithms', 'dfs and similar', 'dsu', 'graphs', 'greedy', 'math']"
1537_E2,2200.0,"['binary search', 'data structures', 'greedy', 'hashing', 'string suffix structures', 'strings', 'two pointers']"
1537_E1,1600.0,"['binary search', 'brute force', 'dp', 'greedy', 'hashing', 'implementation', 'string suffix structures', 'strings', 'two pointers']"
1537_D,1700.0,"['games', 'math', 'number theory']"
1537_C,1200.0,"['constructive algorithms', 'greedy', 'implementation', 'math']"
1537_B,900.0,"['constructive algorithms', 'greedy', 'math']"
1537_A,800.0,"['greedy', 'math']"
1536_F,2600.0,"['chinese remainder theorem', 'combinatorics', 'constructive algorithms', 'fft', 'games', 'geometry', 'math', 'meet-in-the-middle', 'string suffix structures']"
1536_E,2300.0,"['combinatorics', 'graphs', 'math', 'shortest paths']"
1536_D,2000.0,"['data structures', 'greedy', 'implementation']"
1536_C,1500.0,"['data structures', 'dp', 'hashing', 'number theory']"
1536_B,1200.0,"['brute force', 'constructive algorithms', 'strings']"
1536_A,800.0,"['brute force', 'constructive algorithms']"
1535_F,3000.0,"['binary search', 'brute force', 'data structures', 'hashing', 'implementation', 'strings']"
1535_E,2200.0,"['binary search', 'data structures', 'dp', 'greedy', 'interactive', 'trees']"
1535_D,1800.0,"['data structures', 'dfs and similar', 'dp', 'implementation', 'trees']"
1535_C,1400.0,"['binary search', 'dp', 'greedy', 'implementation', 'strings', 'two pointers']"
1535_B,900.0,"['brute force', 'greedy', 'math', 'number theory', 'sortings']"
1535_A,800.0,"['brute force', 'implementation']"
1534_H,3500.0,"['constructive algorithms', 'dp', 'graphs', 'interactive', 'sortings', 'trees']"
1534_G,3300.0,"['data structures', 'dp', 'geometry', 'sortings']"
1534_F2,3000.0,"['dfs and similar', 'dp', 'graphs', 'greedy']"
1534_F1,2500.0,"['dfs and similar', 'graphs', 'greedy']"
1534_E,2300.0,"['graphs', 'greedy', 'interactive', 'shortest paths']"
1534_D,1800.0,"['constructive algorithms', 'interactive', 'trees']"
1534_C,1300.0,"['combinatorics', 'dp', 'dsu', 'graphs', 'math']"
1534_B,1100.0,"['greedy', 'implementation', 'math']"
1534_A,800.0,"['brute force', 'implementation']"
1530_H,3400.0,"['data structures', 'dp']"
1530_G,3300.0,['constructive algorithms']
1530_F,2600.0,"['bitmasks', 'combinatorics', 'dp', 'math', 'probabilities']"
1530_E,2100.0,"['constructive algorithms', 'greedy', 'strings']"
1530_D,1600.0,"['constructive algorithms', 'flows', 'graphs', 'greedy', 'math']"
1530_C,1200.0,"['binary search', 'brute force', 'greedy', 'sortings']"
1530_B,800.0,"['constructive algorithms', 'implementation']"
1530_A,800.0,"['greedy', 'math']"
1529_B,1100.0,"['greedy', 'math', 'sortings']"
1529_A,800.0,"['constructive algorithms', 'greedy', 'math']"
1528_F,3300.0,"['combinatorics', 'fft', 'math']"
1528_E,2900.0,"['combinatorics', 'dp', 'trees']"
1528_D,2500.0,"['constructive algorithms', 'graphs', 'shortest paths']"
1528_C,2300.0,"['data structures', 'dfs and similar', 'greedy', 'trees']"
1528_B,1700.0,"['combinatorics', 'dp', 'math']"
1528_A,1600.0,"['dfs and similar', 'divide and conquer', 'dp', 'greedy', 'trees']"
1527_E,2500.0,"['binary search', 'data structures', 'divide and conquer', 'dp']"
1527_D,2400.0,"['combinatorics', 'dfs and similar', 'implementation', 'math', 'trees']"
1527_C,1600.0,"['hashing', 'implementation', 'math']"
1527_B2,1900.0,"['constructive algorithms', 'games']"
1527_B1,1200.0,"['constructive algorithms', 'games']"
1527_A,800.0,['bitmasks']
1526_F,3000.0,"['constructive algorithms', 'interactive', 'probabilities']"
1526_E,2400.0,"['combinatorics', 'constructive algorithms', 'math']"
1526_D,2200.0,"['brute force', 'constructive algorithms', 'data structures', 'math', 'strings']"
1526_C2,1600.0,"['data structures', 'greedy']"
1526_C1,1500.0,"['brute force', 'data structures', 'dp', 'greedy']"
1526_B,1400.0,"['dp', 'math', 'number theory']"
1526_A,800.0,"['constructive algorithms', 'sortings']"
1525_F,2800.0,"['brute force', 'dp', 'flows', 'graph matchings']"
1525_E,2100.0,"['combinatorics', 'dp', 'math', 'probabilities', 'two pointers']"
1525_D,1800.0,"['dp', 'flows', 'graph matchings', 'greedy']"
1525_C,2000.0,"['data structures', 'greedy', 'implementation', 'sortings']"
1525_B,900.0,"['constructive algorithms', 'greedy']"
1525_A,800.0,"['math', 'number theory']"
1523_H,3500.0,"['data structures', 'dp']"
1523_G,3200.0,"['data structures', 'divide and conquer']"
1523_F,3300.0,"['bitmasks', 'dp']"
1523_E,2600.0,"['combinatorics', 'dp', 'math', 'probabilities']"
1523_D,2400.0,"['bitmasks', 'brute force', 'dp', 'probabilities']"
1523_C,1600.0,"['brute force', 'data structures', 'greedy', 'implementation', 'trees']"
1523_B,1100.0,['constructive algorithms']
1523_A,800.0,['implementation']
1521_E,2700.0,"['binary search', 'constructive algorithms', 'dp', 'greedy']"
1521_D,2500.0,"['constructive algorithms', 'data structures', 'dfs and similar', 'dp', 'dsu', 'greedy', 'implementation', 'trees']"
1521_C,2000.0,"['constructive algorithms', 'interactive']"
1521_B,1300.0,"['constructive algorithms', 'math', 'number theory']"
1521_A,1000.0,"['constructive algorithms', 'math', 'number theory']"
1520_G,2200.0,"['brute force', 'dfs and similar', 'graphs', 'greedy', 'implementation', 'shortest paths']"
1520_F2,2200.0,"['binary search', 'constructive algorithms', 'data structures', 'interactive']"
1520_F1,1600.0,"['binary search', 'interactive']"
1520_E,1400.0,"['greedy', 'math']"
1520_D,1200.0,"['data structures', 'hashing', 'math']"
1520_C,1000.0,['constructive algorithms']
1520_B,800.0,"['brute force', 'math', 'number theory']"
1520_A,800.0,"['brute force', 'implementation']"
1519_F,3200.0,"['bitmasks', 'brute force', 'dfs and similar', 'dp', 'flows']"
1519_E,2700.0,"['constructive algorithms', 'dfs and similar', 'geometry', 'graphs', 'sortings', 'trees']"
1519_D,1600.0,"['brute force', 'dp', 'implementation', 'math', 'two pointers']"
1519_C,1400.0,"['brute force', 'data structures', 'greedy', 'number theory', 'sortings']"
1519_B,800.0,"['dp', 'math']"
1519_A,800.0,['math']
1517_H,3500.0,"['dp', 'geometry']"
1517_G,3300.0,"['constructive algorithms', 'flows', 'graphs']"
1517_F,3200.0,"['combinatorics', 'dp', 'trees']"
1517_E,2500.0,"['binary search', 'data structures', 'implementation', 'two pointers']"
1517_D,1800.0,"['dp', 'graphs', 'shortest paths']"
1517_C,1400.0,"['constructive algorithms', 'dfs and similar', 'greedy', 'implementation']"
1517_B,1200.0,"['constructive algorithms', 'greedy', 'sortings']"
1517_A,800.0,"['greedy', 'math']"
1516_E,2500.0,"['combinatorics', 'dp', 'math']"
1516_D,2100.0,"['binary search', 'data structures', 'dp', 'graphs', 'number theory', 'two pointers']"
1516_C,1700.0,"['bitmasks', 'constructive algorithms', 'dp', 'math']"
1516_B,1500.0,"['bitmasks', 'brute force', 'dp', 'greedy']"
1516_A,800.0,['greedy']
1515_I,3400.0,"['binary search', 'data structures', 'sortings']"
1515_H,3500.0,"['bitmasks', 'brute force', 'data structures', 'sortings']"
1515_G,2700.0,"['dfs and similar', 'graphs', 'math', 'number theory']"
1515_F,2600.0,"['constructive algorithms', 'dfs and similar', 'dsu', 'graphs', 'greedy', 'trees']"
1515_E,2200.0,"['combinatorics', 'dp', 'math']"
1515_D,1500.0,"['greedy', 'sortings', 'two pointers']"
1515_C,1400.0,"['constructive algorithms', 'data structures', 'greedy']"
1515_B,1000.0,"['brute force', 'geometry', 'math', 'number theory']"
1515_A,800.0,"['constructive algorithms', 'greedy', 'math']"
1514_E,2700.0,"['binary search', 'graphs', 'interactive', 'sortings', 'two pointers']"
1514_D,2000.0,"['binary search', 'data structures', 'greedy', 'implementation', 'sortings']"
1514_C,1600.0,"['greedy', 'number theory']"
1514_B,1200.0,"['bitmasks', 'combinatorics', 'math']"
1514_A,800.0,"['math', 'number theory']"
1513_F,2500.0,"['brute force', 'constructive algorithms', 'data structures', 'sortings']"
1513_E,2300.0,"['combinatorics', 'constructive algorithms', 'math', 'sortings']"
1513_D,2000.0,"['constructive algorithms', 'dsu', 'graphs', 'greedy', 'number theory', 'sortings']"
1513_C,1600.0,"['dp', 'matrices']"
1513_B,1400.0,"['bitmasks', 'combinatorics', 'constructive algorithms', 'math']"
1513_A,800.0,"['constructive algorithms', 'implementation']"
1512_G,1700.0,"['brute force', 'dp', 'math', 'number theory']"
1512_F,1900.0,"['brute force', 'dp', 'greedy', 'implementation']"
1512_E,1600.0,"['brute force', 'greedy', 'math']"
1512_D,1200.0,"['constructive algorithms', 'data structures', 'greedy']"
1512_C,1200.0,"['constructive algorithms', 'implementation', 'strings']"
1512_B,800.0,['implementation']
1512_A,800.0,"['brute force', 'implementation']"
1511_G,2700.0,"['bitmasks', 'brute force', 'data structures', 'dp', 'games', 'two pointers']"
1511_F,2700.0,"['brute force', 'data structures', 'dp', 'matrices', 'string suffix structures', 'strings']"
1511_E,2100.0,"['combinatorics', 'dp', 'greedy', 'math']"
1511_D,1600.0,"['brute force', 'constructive algorithms', 'graphs', 'greedy', 'strings']"
1511_C,1100.0,"['brute force', 'data structures', 'implementation', 'trees']"
1511_B,1100.0,"['constructive algorithms', 'math', 'number theory']"
1511_A,800.0,['greedy']
1510_K,1200.0,"['brute force', 'graphs', 'implementation']"
1510_J,2700.0,"['constructive algorithms', 'math']"
1510_I,2700.0,"['greedy', 'interactive', 'math', 'probabilities']"
1510_H,3200.0,['dp']
1510_G,2100.0,[]
1510_F,2800.0,[]
1510_E,2700.0,[]
1510_D,2100.0,"['dp', 'math', 'number theory']"
1510_C,2900.0,"['dfs and similar', 'graph matchings', 'graphs']"
1510_B,2600.0,"['flows', 'graph matchings', 'graphs']"
1510_A,3100.0,[]
1509_C,1800.0,"['dp', 'greedy']"
1509_B,1100.0,['greedy']
1509_A,800.0,['constructive algorithms']
1508_F,3500.0,"['brute force', 'data structures']"
1508_E,3100.0,"['brute force', 'constructive algorithms', 'data structures', 'dfs and similar', 'sortings', 'trees']"
1508_D,3000.0,"['constructive algorithms', 'geometry', 'sortings']"
1508_C,2500.0,"['bitmasks', 'brute force', 'data structures', 'dfs and similar', 'dsu', 'graphs', 'greedy', 'trees']"
1508_B,1800.0,"['binary search', 'combinatorics', 'constructive algorithms', 'implementation']"
1508_A,1900.0,"['constructive algorithms', 'greedy', 'implementation', 'strings', 'two pointers']"
1506_G,2000.0,"['brute force', 'data structures', 'dp', 'greedy', 'strings']"
1506_F,2000.0,"['constructive algorithms', 'graphs', 'math', 'shortest paths', 'sortings']"
1506_E,1500.0,"['constructive algorithms', 'implementation']"
1506_D,1400.0,"['constructive algorithms', 'data structures', 'greedy']"
1506_C,1000.0,"['brute force', 'implementation', 'strings']"
1506_B,1100.0,"['greedy', 'implementation']"
1506_A,800.0,['math']
1505_I,2200.0,['*special']
1505_H,2500.0,['*special']
1505_G,2600.0,"['*special', 'implementation']"
1505_F,2200.0,"['*special', 'math']"
1505_E,1800.0,"['*special', 'greedy', 'implementation', 'shortest paths']"
1505_D,1800.0,"['*special', 'number theory']"
1505_C,1400.0,"['*special', 'implementation']"
1505_B,1600.0,"['*special', 'implementation', 'number theory']"
1505_A,900.0,"['*special', 'implementation', 'interactive']"
1504_B,1200.0,"['constructive algorithms', 'greedy', 'implementation', 'math']"
1504_A,800.0,"['constructive algorithms', 'strings']"
1503_F,3500.0,"['constructive algorithms', 'data structures', 'divide and conquer', 'geometry', 'graphs', 'implementation']"
1503_E,3100.0,"['combinatorics', 'dp', 'math']"
1503_D,2600.0,"['2-sat', 'constructive algorithms', 'data structures', 'greedy', 'sortings', 'two pointers']"
1503_C,2200.0,"['binary search', 'data structures', 'dp', 'greedy', 'shortest paths', 'sortings', 'two pointers']"
1503_B,1700.0,"['constructive algorithms', 'games', 'interactive']"
1503_A,1600.0,"['constructive algorithms', 'greedy']"
1501_B,900.0,"['dp', 'implementation', 'sortings']"
1501_A,800.0,['implementation']
1500_F,3500.0,['dp']
1500_E,3300.0,"['binary search', 'data structures']"
1500_D,2900.0,"['data structures', 'sortings', 'two pointers']"
1500_C,2600.0,"['bitmasks', 'brute force', 'constructive algorithms', 'greedy', 'two pointers']"
1500_B,2200.0,"['binary search', 'brute force', 'chinese remainder theorem', 'math', 'number theory']"
1500_A,1800.0,"['brute force', 'hashing', 'implementation', 'math']"
1499_G,3100.0,"['data structures', 'graphs', 'interactive']"
1499_F,2400.0,"['combinatorics', 'dfs and similar', 'dp', 'trees']"
1499_E,2400.0,"['combinatorics', 'dp', 'math', 'strings']"
1499_D,2100.0,"['dp', 'math', 'number theory']"
1499_C,1500.0,"['brute force', 'data structures', 'greedy', 'math']"
1499_B,1000.0,"['brute force', 'dp', 'greedy', 'implementation']"
1499_A,800.0,"['combinatorics', 'constructive algorithms', 'math']"
1498_F,2500.0,"['bitmasks', 'data structures', 'dfs and similar', 'dp', 'games', 'math', 'trees']"
1498_E,2200.0,"['brute force', 'graphs', 'greedy', 'interactive', 'sortings']"
1498_D,2200.0,"['dfs and similar', 'dp', 'graphs', 'implementation']"
1498_C,1600.0,"['brute force', 'data structures', 'dp']"
1498_B,1300.0,"['binary search', 'bitmasks', 'data structures', 'greedy']"
1498_A,800.0,"['brute force', 'math']"
1497_E2,2500.0,"['data structures', 'dp', 'greedy', 'math', 'number theory', 'two pointers']"
1497_E1,1700.0,"['data structures', 'dp', 'greedy', 'math', 'number theory', 'two pointers']"
1497_D,2500.0,"['bitmasks', 'dp', 'graphs', 'number theory']"
1497_C2,1600.0,"['constructive algorithms', 'math']"
1497_C1,1200.0,"['constructive algorithms', 'math']"
1497_B,1200.0,"['constructive algorithms', 'greedy', 'math']"
1497_A,800.0,"['brute force', 'data structures', 'greedy', 'sortings']"
1496_B,1100.0,['math']
1496_A,900.0,"['brute force', 'constructive algorithms', 'greedy', 'strings']"
1495_F,3300.0,"['constructive algorithms', 'data structures', 'dp', 'graphs', 'trees']"
1495_E,3200.0,"['brute force', 'data structures', 'greedy', 'implementation']"
1495_D,2600.0,"['combinatorics', 'dfs and similar', 'graphs', 'math', 'shortest paths', 'trees']"
1495_C,2300.0,"['constructive algorithms', 'graphs']"
1495_B,1900.0,"['games', 'greedy']"
1495_A,1200.0,"['geometry', 'greedy', 'math', 'sortings']"
1494_F,2900.0,"['brute force', 'constructive algorithms', 'dfs and similar', 'graphs', 'implementation']"
1494_E,2400.0,"['constructive algorithms', 'data structures', 'graphs', 'hashing']"
1494_D,2300.0,"['constructive algorithms', 'data structures', 'dfs and similar', 'divide and conquer', 'dsu', 'greedy', 'sortings', 'trees']"
1494_C,1900.0,"['binary search', 'dp', 'greedy', 'implementation', 'two pointers']"
1494_B,1400.0,"['bitmasks', 'brute force', 'greedy', 'implementation']"
1494_A,900.0,"['bitmasks', 'brute force', 'implementation']"
1493_F,2600.0,"['bitmasks', 'interactive', 'number theory']"
1493_E,2600.0,"['bitmasks', 'constructive algorithms', 'greedy', 'math', 'strings', 'two pointers']"
1493_D,2100.0,"['brute force', 'data structures', 'hashing', 'implementation', 'math', 'number theory', 'sortings', 'two pointers']"
1493_C,2000.0,"['binary search', 'brute force', 'constructive algorithms', 'greedy', 'strings']"
1493_B,1300.0,"['brute force', 'implementation']"
1493_A,800.0,"['constructive algorithms', 'greedy']"
1492_E,2500.0,"['brute force', 'constructive algorithms', 'dfs and similar', 'greedy', 'implementation']"
1492_D,1900.0,"['bitmasks', 'constructive algorithms', 'greedy', 'math']"
1492_C,1500.0,"['binary search', 'data structures', 'dp', 'greedy', 'two pointers']"
1492_B,1100.0,"['data structures', 'greedy', 'math']"
1492_A,800.0,['math']
1491_I,3500.0,"['brute force', 'data structures']"
1491_H,3400.0,"['data structures', 'trees']"
1491_G,2800.0,"['constructive algorithms', 'graphs', 'math']"
1491_F,2700.0,"['binary search', 'constructive algorithms', 'interactive']"
1491_E,2400.0,"['brute force', 'dfs and similar', 'divide and conquer', 'number theory', 'trees']"
1491_D,1800.0,"['bitmasks', 'constructive algorithms', 'dp', 'greedy', 'math']"
1491_C,1700.0,"['brute force', 'data structures', 'dp', 'greedy', 'implementation']"
1491_B,1200.0,"['brute force', 'math']"
1491_A,800.0,"['brute force', 'greedy', 'implementation']"
1490_G,1900.0,"['binary search', 'data structures', 'math']"
1490_F,1500.0,"['binary search', 'data structures', 'greedy', 'math', 'sortings']"
1490_E,1400.0,"['binary search', 'data structures', 'greedy']"
1490_D,1200.0,"['dfs and similar', 'divide and conquer', 'implementation']"
1490_C,1100.0,"['binary search', 'brute force', 'brute force', 'math']"
1490_B,1000.0,"['brute force', 'constructive algorithms', 'math']"
1490_A,800.0,"['greedy', 'math']"
1488_J,3100.0,"['*special', 'data structures', 'fft', 'math']"
1488_I,3100.0,"['*special', 'flows']"
1488_H,2800.0,"['*special', 'combinatorics', 'data structures']"
1488_G,2500.0,"['*special', 'data structures', 'greedy', 'number theory']"
1488_F,2300.0,"['*special', '*special', 'binary search', 'data structures']"
1488_E,2200.0,"['*special', 'data structures', 'dp']"
1488_D,1900.0,"['*special', 'binary search', 'greedy']"
1488_C,1900.0,"['*special', 'binary search', 'brute force', 'math']"
1488_B,1800.0,"['*special', 'greedy']"
1488_A,900.0,"['*special', 'math']"
1487_G,2700.0,"['combinatorics', 'dp', 'fft', 'math']"
1487_F,2900.0,"['dp', 'greedy', 'shortest paths']"
1487_E,2000.0,"['brute force', 'data structures', 'graphs', 'greedy', 'implementation', 'sortings', 'two pointers']"
1487_D,1500.0,"['binary search', 'brute force', 'math', 'number theory']"
1487_C,1500.0,"['brute force', 'constructive algorithms', 'dfs and similar', 'graphs', 'greedy', 'implementation', 'math']"
1487_B,1200.0,"['math', 'number theory']"
1487_A,800.0,"['implementation', 'sortings']"
1486_F,2600.0,"['combinatorics', 'data structures', 'dfs and similar', 'dp', 'trees']"
1486_E,2200.0,"['binary search', 'brute force', 'constructive algorithms', 'dp', 'flows', 'graphs', 'shortest paths']"
1486_D,2100.0,"['binary search', 'data structures', 'dp']"
1486_C2,1900.0,"['binary search', 'interactive']"
1486_C1,1600.0,"['binary search', 'interactive']"
1486_B,1500.0,"['binary search', 'geometry', 'shortest paths', 'sortings']"
1486_A,900.0,"['greedy', 'implementation']"
1485_F,2400.0,"['combinatorics', 'data structures', 'dp', 'sortings']"
1485_E,2500.0,"['dfs and similar', 'dp', 'greedy', 'trees']"
1485_D,2200.0,"['constructive algorithms', 'graphs', 'math', 'number theory']"
1485_C,1700.0,"['binary search', 'brute force', 'math', 'number theory']"
1485_B,1200.0,"['dp', 'implementation', 'math']"
1485_A,1000.0,"['brute force', 'greedy', 'math', 'number theory']"
1482_H,3400.0,"['data structures', 'string suffix structures', 'trees']"
1482_G,3200.0,"['binary search', 'interactive']"
1482_F,2400.0,"['graphs', 'shortest paths']"
1482_E,2100.0,"['data structures', 'divide and conquer', 'dp']"
1482_D,1900.0,"['data structures', 'dsu', 'implementation', 'shortest paths']"
1482_C,1600.0,"['brute force', 'constructive algorithms', 'greedy', 'implementation']"
1482_B,1500.0,"['implementation', 'math']"
1482_A,800.0,['math']
1481_F,3100.0,"['dp', 'greedy', 'trees']"
1481_E,2500.0,"['data structures', 'dp', 'greedy']"
1481_D,2000.0,"['brute force', 'constructive algorithms', 'graphs', 'greedy', 'implementation']"
1481_C,1600.0,"['brute force', 'constructive algorithms', 'greedy']"
1481_B,1100.0,"['brute force', 'greedy', 'implementation']"
1481_A,800.0,"['greedy', 'strings']"
1480_B,900.0,"['greedy', 'implementation', 'sortings']"
1480_A,800.0,"['games', 'greedy', 'strings']"
1479_E,3500.0,"['dp', 'fft', 'math', 'number theory', 'probabilities']"
1479_D,2900.0,"['binary search', 'bitmasks', 'brute force', 'data structures', 'probabilities', 'trees']"
1479_C,2500.0,"['bitmasks', 'constructive algorithms']"
1479_B2,2100.0,"['constructive algorithms', 'data structures', 'dp', 'greedy', 'implementation']"
1479_B1,1900.0,"['constructive algorithms', 'data structures', 'dp', 'greedy', 'implementation']"
1479_A,1700.0,"['binary search', 'interactive', 'ternary search']"
1478_C,1700.0,"['implementation', 'math', 'sortings']"
1478_B,1100.0,"['brute force', 'dp', 'greedy', 'math']"
1478_A,800.0,"['brute force', 'greedy']"
1477_F,3500.0,"['combinatorics', 'fft', 'math', 'probabilities']"
1477_E,3300.0,"['data structures', 'greedy']"
1477_D,2800.0,"['constructive algorithms', 'dfs and similar', 'graphs']"
1477_C,2200.0,"['constructive algorithms', 'geometry', 'greedy', 'math', 'sortings']"
1477_B,1900.0,"['data structures', 'greedy']"
1477_A,1800.0,"['constructive algorithms', 'math', 'number theory']"
1476_G,3100.0,"['data structures', 'hashing', 'sortings', 'two pointers']"
1476_F,3000.0,"['binary search', 'data structures', 'dp']"
1476_E,2300.0,"['bitmasks', 'data structures', 'dfs and similar', 'graphs', 'hashing', 'sortings', 'strings']"
1476_D,1700.0,"['dfs and similar', 'dp', 'dsu', 'implementation']"
1476_C,1600.0,"['dp', 'graphs', 'greedy']"
1476_B,1300.0,"['binary search', 'brute force', 'greedy', 'math']"
1476_A,1000.0,"['binary search', 'constructive algorithms', 'greedy', 'math']"
1475_G,1900.0,"['dp', 'math', 'number theory', 'sortings']"
1475_F,1900.0,"['2-sat', 'brute force', 'constructive algorithms']"
1475_E,1600.0,"['combinatorics', 'math', 'sortings']"
1475_D,1800.0,"['binary search', 'dp', 'sortings', 'two pointers']"
1475_C,1400.0,"['combinatorics', 'graphs', 'math']"
1475_B,900.0,"['brute force', 'dp', 'math']"
1475_A,900.0,"['math', 'number theory']"
1474_F,3000.0,"['dp', 'math', 'matrices']"
1474_E,2500.0,"['constructive algorithms', 'greedy']"
1474_D,2200.0,"['data structures', 'dp', 'greedy', 'math']"
1474_C,1700.0,"['brute force', 'constructive algorithms', 'data structures', 'greedy', 'implementation', 'sortings']"
1474_B,1000.0,"['binary search', 'constructive algorithms', 'greedy', 'math', 'number theory']"
1474_A,800.0,['greedy']
1473_G,2800.0,"['combinatorics', 'dp', 'fft', 'math']"
1473_F,2700.0,"['flows', 'math']"
1473_E,2400.0,"['graphs', 'shortest paths']"
1473_D,1700.0,"['data structures', 'dp', 'implementation', 'strings']"
1473_C,1500.0,"['constructive algorithms', 'math']"
1473_B,1000.0,"['brute force', 'math', 'number theory', 'strings']"
1473_A,800.0,"['greedy', 'implementation', 'math', 'sortings']"
1472_G,2100.0,"['dfs and similar', 'dp', 'graphs', 'shortest paths']"
1472_F,2100.0,"['brute force', 'dp', 'graph matchings', 'greedy', 'sortings']"
1472_E,1700.0,"['binary search', 'data structures', 'dp', 'sortings', 'two pointers']"
1472_D,1200.0,"['dp', 'games', 'greedy', 'sortings']"
1472_C,1100.0,"['dp', 'graphs']"
1472_B,800.0,"['dp', 'greedy', 'math']"
1472_A,800.0,"['greedy', 'math']"
1471_B,1100.0,"['brute force', 'greedy', 'implementation', 'math']"
1471_A,900.0,"['greedy', 'math', 'number theory']"
1470_F,3500.0,['divide and conquer']
1470_E,3200.0,"['binary search', 'combinatorics', 'data structures', 'dp', 'graphs', 'implementation', 'two pointers']"
1470_D,2200.0,"['constructive algorithms', 'dfs and similar', 'graph matchings', 'graphs', 'greedy']"
1470_C,2500.0,"['binary search', 'brute force', 'constructive algorithms', 'interactive']"
1470_B,1900.0,"['bitmasks', 'graphs', 'hashing', 'math', 'number theory']"
1470_A,1300.0,"['binary search', 'dp', 'greedy', 'sortings', 'two pointers']"
1469_F,2600.0,"['binary search', 'data structures', 'greedy']"
1469_E,2400.0,"['bitmasks', 'brute force', 'hashing', 'string suffix structures', 'strings', 'two pointers']"
1469_D,1700.0,"['brute force', 'constructive algorithms', 'math', 'number theory']"
1469_C,1600.0,"['dp', 'greedy', 'implementation', 'two pointers']"
1469_B,1000.0,"['dp', 'greedy']"
1469_A,1000.0,"['constructive algorithms', 'greedy']"
1468_N,900.0,"['greedy', 'implementation']"
1468_M,2300.0,"['data structures', 'graphs', 'implementation']"
1468_L,2700.0,"['binary search', 'greedy', 'math', 'number theory']"
1468_K,1600.0,"['brute force', 'implementation']"
1468_J,1800.0,"['dsu', 'graphs', 'greedy']"
1468_I,2500.0,"['geometry', 'implementation', 'math']"
1468_H,2200.0,"['constructive algorithms', 'greedy', 'math']"
1468_G,2500.0,"['binary search', 'geometry']"
1468_F,1700.0,"['geometry', 'hashing', 'number theory']"
1468_E,800.0,['greedy']
1468_D,1700.0,"['binary search', 'sortings']"
1468_C,1400.0,"['data structures', 'implementation']"
1468_B,2900.0,"['data structures', 'dsu']"
1468_A,2200.0,"['data structures', 'dp', 'greedy']"
1467_E,2500.0,"['data structures', 'dfs and similar', 'dp', 'trees']"
1467_D,2200.0,"['combinatorics', 'dp', 'math']"
1467_C,1900.0,"['constructive algorithms', 'greedy']"
1467_B,1700.0,"['brute force', 'implementation']"
1467_A,900.0,"['constructive algorithms', 'greedy', 'math']"
1466_I,3400.0,"['binary search', 'data structures', 'data structures', 'interactive']"
1466_H,3300.0,"['combinatorics', 'dp', 'graphs', 'greedy', 'math']"
1466_G,2600.0,"['combinatorics', 'divide and conquer', 'hashing', 'math', 'string suffix structures', 'strings']"
1466_F,2100.0,"['bitmasks', 'dfs and similar', 'dsu', 'graphs', 'greedy', 'math', 'sortings']"
1466_E,1800.0,"['bitmasks', 'brute force', 'math']"
1466_D,1500.0,"['data structures', 'greedy', 'sortings', 'trees']"
1466_C,1300.0,"['dp', 'greedy', 'strings']"
1466_B,800.0,"['dp', 'greedy']"
1466_A,800.0,"['brute force', 'geometry', 'math']"
1464_F,3500.0,"['data structures', 'trees']"
1463_F,3100.0,"['bitmasks', 'dp', 'math']"
1463_E,2400.0,"['constructive algorithms', 'dfs and similar', 'dsu', 'graphs', 'implementation', 'sortings', 'trees']"
1463_D,1900.0,"['binary search', 'constructive algorithms', 'greedy', 'two pointers']"
1463_C,1800.0,['implementation']
1463_B,1400.0,"['bitmasks', 'constructive algorithms', 'greedy']"
1463_A,1100.0,"['binary search', 'math']"
1462_F,1800.0,"['binary search', 'data structures', 'greedy']"
1462_E2,1700.0,"['binary search', 'combinatorics', 'implementation', 'math', 'sortings', 'two pointers']"
1462_E1,1500.0,"['binary search', 'combinatorics', 'math', 'sortings', 'two pointers']"
1462_D,1400.0,"['greedy', 'math', 'number theory']"
1462_C,900.0,"['brute force', 'greedy', 'math']"
1462_B,800.0,"['dp', 'implementation', 'strings']"
1462_A,800.0,"['implementation', 'two pointers']"
1461_F,2700.0,"['constructive algorithms', 'dp', 'greedy']"
1461_E,2200.0,"['brute force', 'graphs', 'greedy', 'implementation', 'math']"
1461_D,1600.0,"['binary search', 'brute force', 'data structures', 'divide and conquer', 'implementation', 'sortings']"
1461_C,1500.0,"['dp', 'math', 'probabilities']"
1461_B,1400.0,"['brute force', 'dp', 'implementation']"
1461_A,800.0,"['constructive algorithms', 'greedy']"
1459_B,1300.0,"['dp', 'math']"
1459_A,800.0,"['math', 'probabilities']"
1458_F,3500.0,"['data structures', 'trees']"
1458_E,3100.0,"['data structures', 'games']"
1458_D,3100.0,"['data structures', 'graphs', 'greedy']"
1458_C,2700.0,"['math', 'matrices']"
1458_B,2000.0,['dp']
1458_A,1600.0,"['math', 'number theory']"
1456_E,3500.0,"['dp', 'greedy']"
1455_G,2900.0,"['data structures', 'dp']"
1455_F,2800.0,"['dp', 'greedy']"
1455_E,2400.0,"['brute force', 'constructive algorithms', 'flows', 'geometry', 'greedy', 'implementation', 'math', 'ternary search']"
1455_D,1600.0,"['dp', 'greedy', 'sortings']"
1455_C,1100.0,"['constructive algorithms', 'games', 'math']"
1455_B,1200.0,"['constructive algorithms', 'math']"
1455_A,800.0,"['math', 'number theory']"
1454_F,2100.0,"['binary search', 'data structures', 'greedy', 'two pointers']"
1454_E,2000.0,"['combinatorics', 'dfs and similar', 'graphs', 'trees']"
1454_D,1300.0,"['constructive algorithms', 'math', 'number theory']"
1454_C,1200.0,"['greedy', 'implementation']"
1454_B,800.0,['implementation']
1454_A,800.0,"['constructive algorithms', 'probabilities']"
1453_F,2700.0,['dp']
1453_E,2300.0,"['binary search', 'dfs and similar', 'dp', 'greedy', 'trees']"
1453_D,1900.0,"['brute force', 'constructive algorithms', 'greedy', 'math', 'probabilities']"
1453_C,1700.0,"['greedy', 'implementation']"
1453_B,1400.0,"['constructive algorithms', 'implementation']"
1453_A,800.0,['implementation']
1452_G,2700.0,"['data structures', 'dfs and similar', 'greedy', 'trees']"
1452_F,2900.0,"['constructive algorithms', 'greedy']"
1452_E,2500.0,"['brute force', 'dp', 'greedy', 'sortings', 'two pointers']"
1452_D,1600.0,"['combinatorics', 'dp', 'math']"
1452_C,800.0,['greedy']
1452_B,1400.0,"['binary search', 'greedy', 'math', 'sortings']"
1452_A,800.0,['math']
1451_F,2700.0,"['constructive algorithms', 'games']"
1451_E2,2300.0,"['bitmasks', 'constructive algorithms', 'interactive', 'math']"
1451_E1,2000.0,"['bitmasks', 'constructive algorithms', 'interactive', 'math']"
1451_D,1700.0,"['games', 'geometry', 'math']"
1451_C,1400.0,"['dp', 'greedy', 'hashing', 'implementation', 'strings']"
1451_B,900.0,"['dp', 'greedy', 'implementation', 'strings']"
1451_A,800.0,"['greedy', 'math']"
1450_H2,3300.0,"['combinatorics', 'implementation', 'math']"
1450_H1,2900.0,"['combinatorics', 'fft', 'math']"
1450_G,3500.0,"['bitmasks', 'dp', 'trees']"
1450_F,2400.0,"['constructive algorithms', 'greedy']"
1450_E,2700.0,"['constructive algorithms', 'dfs and similar', 'graphs', 'shortest paths']"
1450_D,1800.0,"['binary search', 'data structures', 'greedy', 'implementation', 'two pointers']"
1450_C2,2300.0,"['constructive algorithms', 'math']"
1450_C1,2100.0,"['constructive algorithms', 'math']"
1450_B,1000.0,"['brute force', 'geometry', 'greedy']"
1450_A,800.0,"['constructive algorithms', 'sortings']"
1447_B,1000.0,"['greedy', 'math']"
1447_A,800.0,"['constructive algorithms', 'math']"
1446_F,3200.0,"['binary search', 'data structures', 'geometry']"
1446_E,3500.0,"['constructive algorithms', 'dfs and similar']"
1446_D2,3000.0,"['data structures', 'greedy', 'two pointers']"
1446_D1,2600.0,"['data structures', 'greedy']"
1446_C,2100.0,"['binary search', 'bitmasks', 'data structures', 'divide and conquer', 'dp', 'trees']"
1446_B,1800.0,"['dp', 'strings']"
1446_A,1300.0,"['constructive algorithms', 'greedy', 'sortings']"
1445_B,900.0,"['greedy', 'math']"
1445_A,800.0,"['greedy', 'sortings']"
1444_E,3500.0,"['brute force', 'dfs and similar', 'dp', 'interactive', 'trees']"
1444_D,2900.0,"['constructive algorithms', 'dp', 'geometry']"
1444_C,2500.0,"['data structures', 'dfs and similar', 'dsu', 'graphs']"
1444_B,1900.0,"['combinatorics', 'math', 'sortings']"
1444_A,1500.0,"['brute force', 'math', 'number theory']"
1443_E,2400.0,"['brute force', 'math', 'two pointers']"
1443_C,1400.0,"['binary search', 'greedy', 'sortings']"
1443_B,1300.0,"['dp', 'greedy', 'math', 'sortings']"
1443_A,800.0,"['constructive algorithms', 'math']"
1442_F,3400.0,"['games', 'interactive']"
1442_E,3000.0,"['binary search', 'constructive algorithms', 'dfs and similar', 'dp', 'greedy', 'trees']"
1442_D,2800.0,"['data structures', 'divide and conquer', 'dp', 'greedy']"
1442_C,2400.0,"['dfs and similar', 'graphs', 'greedy', 'shortest paths']"
1442_B,1800.0,"['combinatorics', 'data structures', 'dsu', 'greedy', 'implementation']"
1442_A,1800.0,"['constructive algorithms', 'dp', 'greedy']"
1440_B,900.0,"['greedy', 'math']"
1440_A,800.0,"['implementation', 'math']"
1439_E,3500.0,"['bitmasks', 'data structures', 'games', 'trees']"
1439_D,3100.0,"['combinatorics', 'dp', 'fft']"
1439_C,2600.0,"['binary search', 'data structures', 'divide and conquer', 'greedy', 'implementation']"
1439_B,2600.0,"['constructive algorithms', 'data structures', 'graphs']"
1439_A2,1900.0,"['constructive algorithms', 'graphs', 'greedy', 'implementation']"
1439_A1,1500.0,"['constructive algorithms', 'implementation']"
1438_F,3000.0,"['interactive', 'probabilities', 'trees']"
1438_E,2500.0,"['binary search', 'bitmasks', 'brute force', 'constructive algorithms', 'divide and conquer', 'two pointers']"
1438_D,2200.0,"['bitmasks', 'constructive algorithms', 'math']"
1438_C,2000.0,"['2-sat', 'chinese remainder theorem', 'constructive algorithms', 'fft', 'flows']"
1438_B,1000.0,"['constructive algorithms', 'data structures', 'greedy', 'sortings']"
1438_A,800.0,"['constructive algorithms', 'implementation']"
1437_G,2600.0,"['data structures', 'string suffix structures', 'strings', 'trees']"
1437_F,2600.0,"['combinatorics', 'dp', 'math', 'two pointers']"
1437_E,2200.0,"['binary search', 'constructive algorithms', 'data structures', 'dp', 'implementation']"
1437_D,1600.0,"['graphs', 'greedy', 'shortest paths', 'trees']"
1437_C,1800.0,"['dp', 'flows', 'graph matchings', 'greedy', 'math', 'sortings']"
1437_B,1200.0,"['constructive algorithms', 'greedy']"
1437_A,800.0,"['brute force', 'constructive algorithms', 'greedy', 'math']"
1436_F,2800.0,"['combinatorics', 'math', 'number theory']"
1436_E,2400.0,"['binary search', 'data structures', 'two pointers']"
1436_D,1900.0,"['binary search', 'dfs and similar', 'graphs', 'greedy', 'trees']"
1436_C,1500.0,"['binary search', 'combinatorics']"
1436_B,900.0,"['constructive algorithms', 'math']"
1436_A,800.0,['math']
1434_E,3500.0,"['dsu', 'games']"
1433_G,2100.0,"['brute force', 'graphs', 'shortest paths']"
1433_F,2100.0,['dp']
1433_E,1300.0,"['combinatorics', 'math']"
1433_D,1200.0,"['constructive algorithms', 'dfs and similar']"
1433_C,900.0,"['constructive algorithms', 'greedy']"
1433_B,800.0,"['greedy', 'implementation']"
1433_A,800.0,"['implementation', 'math']"
1431_J,3400.0,"['*special', 'dp']"
1431_I,2900.0,"['*special', 'strings']"
1431_H,2600.0,"['*special', 'brute force', 'greedy', 'two pointers']"
1431_G,2100.0,"['*special', 'dp', 'games', 'greedy']"
1431_F,2100.0,"['*special', 'binary search', 'greedy']"
1431_E,2000.0,['*special']
1431_D,1500.0,"['*special', 'greedy']"
1431_C,1600.0,"['*special', 'implementation']"
1431_B,1400.0,"['*special', 'implementation', 'two pointers']"
1431_A,800.0,['*special']
1430_G,2600.0,"['bitmasks', 'dfs and similar', 'dp', 'flows', 'graphs', 'math']"
1430_F,2600.0,"['dp', 'greedy']"
1430_E,1900.0,"['data structures', 'greedy', 'strings']"
1430_D,1700.0,"['binary search', 'data structures', 'greedy', 'two pointers']"
1430_C,1000.0,"['constructive algorithms', 'data structures', 'greedy', 'implementation', 'math']"
1430_B,800.0,"['greedy', 'implementation', 'sortings']"
1430_A,900.0,"['brute force', 'constructive algorithms', 'math']"
1428_H,3500.0,"['binary search', 'interactive']"
1428_G2,3000.0,"['dp', 'greedy']"
1428_G1,2900.0,"['dp', 'greedy']"
1428_F,2400.0,"['binary search', 'data structures', 'divide and conquer', 'dp', 'two pointers']"
1428_E,2200.0,"['binary search', 'data structures', 'greedy', 'math', 'sortings']"
1428_D,1900.0,"['constructive algorithms', 'greedy', 'implementation']"
1428_C,1100.0,"['brute force', 'data structures', 'greedy', 'strings']"
1428_B,1200.0,"['graphs', 'implementation']"
1428_A,800.0,['math']
1427_H,3500.0,"['binary search', 'games', 'geometry', 'ternary search']"
1427_G,3300.0,"['flows', 'graphs']"
1427_F,3200.0,"['data structures', 'greedy', 'trees']"
1427_E,2500.0,"['bitmasks', 'constructive algorithms', 'math', 'matrices', 'number theory']"
1427_D,2000.0,"['constructive algorithms', 'implementation']"
1427_C,2000.0,['dp']
1427_B,1400.0,"['greedy', 'implementation', 'sortings']"
1427_A,900.0,"['math', 'sortings']"
1426_F,2000.0,"['combinatorics', 'dp', 'strings']"
1426_E,1800.0,"['brute force', 'constructive algorithms', 'flows', 'greedy', 'math']"
1426_D,1500.0,"['constructive algorithms', 'data structures', 'greedy', 'sortings']"
1426_C,1100.0,"['binary search', 'constructive algorithms', 'math']"
1426_B,900.0,['implementation']
1426_A,800.0,"['implementation', 'math']"
1425_I,2800.0,['data structures']
1425_H,1300.0,['constructive algorithms']
1425_F,1400.0,['interactive']
1425_E,2200.0,"['greedy', 'implementation']"
1425_D,2300.0,"['combinatorics', 'dp', 'math']"
1425_C,3100.0,['math']
1425_B,2600.0,"['divide and conquer', 'dp']"
1425_A,1400.0,"['games', 'greedy']"
1424_M,2200.0,"['graphs', 'sortings']"
1424_G,1300.0,"['data structures', 'sortings']"
1423_N,3500.0,[]
1423_M,2800.0,['interactive']
1423_L,2600.0,['meet-in-the-middle']
1423_K,1600.0,"['binary search', 'math', 'number theory', 'two pointers']"
1423_J,2400.0,"['bitmasks', 'constructive algorithms', 'dp', 'math']"
1423_I,3000.0,['bitmasks']
1423_H,2500.0,"['data structures', 'divide and conquer', 'dsu', 'graphs']"
1423_G,3500.0,['data structures']
1423_F,2700.0,['math']
1423_E,2700.0,['geometry']
1423_D,3100.0,[]
1423_C,3500.0,"['divide and conquer', 'graphs', 'trees']"
1423_B,1900.0,"['binary search', 'flows', 'graph matchings', 'graphs']"
1423_A,3500.0,[]
1422_F,2700.0,"['data structures', 'math', 'number theory']"
1422_E,2700.0,"['dp', 'greedy', 'implementation', 'strings']"
1422_D,2300.0,"['graphs', 'shortest paths', 'sortings']"
1422_C,1700.0,"['combinatorics', 'dp', 'math']"
1422_B,1300.0,"['greedy', 'implementation', 'math']"
1422_A,800.0,"['geometry', 'math']"
1421_E,2700.0,"['brute force', 'dp', 'implementation']"
1421_D,1900.0,"['brute force', 'constructive algorithms', 'greedy', 'implementation', 'math', 'shortest paths']"
1421_C,1400.0,"['constructive algorithms', 'strings']"
1421_B,1100.0,"['constructive algorithms', 'implementation']"
1421_A,800.0,"['bitmasks', 'greedy', 'math']"
1420_E,2500.0,"['dp', 'greedy']"
1420_D,1800.0,"['combinatorics', 'data structures', 'sortings']"
1420_C2,2100.0,"['data structures', 'divide and conquer', 'dp', 'greedy', 'implementation']"
1420_C1,1300.0,"['constructive algorithms', 'dp', 'greedy']"
1420_B,1200.0,"['bitmasks', 'math']"
1420_A,900.0,"['math', 'sortings']"
1419_F,2800.0,"['binary search', 'data structures', 'dfs and similar', 'dsu', 'graphs', 'implementation']"
1419_E,2100.0,"['constructive algorithms', 'implementation', 'math', 'number theory']"
1419_D2,1500.0,"['binary search', 'brute force', 'constructive algorithms', 'greedy', 'sortings', 'two pointers']"
1419_D1,1000.0,"['binary search', 'constructive algorithms', 'greedy', 'sortings']"
1419_C,1500.0,"['greedy', 'implementation', 'math']"
1419_B,1200.0,"['brute force', 'constructive algorithms', 'greedy', 'implementation', 'math']"
1419_A,900.0,"['games', 'greedy', 'implementation']"
1418_G,2500.0,"['data structures', 'divide and conquer', 'hashing', 'two pointers']"
1418_F,3000.0,"['data structures', 'math', 'number theory', 'two pointers']"
1418_E,2400.0,"['binary search', 'combinatorics', 'probabilities']"
1418_D,2100.0,"['data structures', 'implementation']"
1418_C,1500.0,"['dp', 'graphs', 'greedy', 'shortest paths']"
1418_B,1300.0,"['greedy', 'sortings']"
1418_A,1000.0,['math']
1417_B,1100.0,"['greedy', 'math', 'sortings']"
1417_A,800.0,"['greedy', 'math']"
1416_F,3300.0,"['flows', 'graph matchings', 'greedy', 'implementation']"
1416_E,3200.0,"['binary search', 'data structures', 'dp', 'greedy']"
1416_D,2600.0,"['data structures', 'dsu', 'graphs', 'implementation', 'trees']"
1416_C,2000.0,"['bitmasks', 'data structures', 'divide and conquer', 'dp', 'greedy', 'math', 'sortings', 'strings', 'trees']"
1416_B,2000.0,"['constructive algorithms', 'greedy', 'math']"
1416_A,1500.0,"['binary search', 'data structures', 'implementation', 'two pointers']"
1415_F,2900.0,['dp']
1415_E,2200.0,"['constructive algorithms', 'greedy', 'math']"
1415_D,2000.0,"['bitmasks', 'brute force', 'constructive algorithms']"
1415_C,1400.0,"['brute force', 'dp', 'implementation']"
1415_B,1100.0,"['brute force', 'brute force', 'greedy']"
1415_A,800.0,"['brute force', 'math']"
1413_F,2800.0,"['data structures', 'trees']"
1413_E,2100.0,"['greedy', 'math', 'ternary search']"
1413_D,1700.0,"['data structures', 'greedy', 'implementation']"
1413_C,1900.0,"['binary search', 'brute force', 'dp', 'implementation', 'sortings', 'two pointers']"
1413_B,1100.0,['implementation']
1413_A,800.0,"['constructive algorithms', 'math']"
1411_G,2700.0,"['bitmasks', 'games', 'math', 'matrices']"
1411_F,3000.0,"['greedy', 'math']"
1411_E,2300.0,"['bitmasks', 'greedy', 'math', 'strings']"
1411_D,2100.0,"['brute force', 'greedy', 'implementation', 'strings']"
1411_C,1700.0,"['dfs and similar', 'dsu', 'graphs']"
1411_B,1000.0,"['brute force', 'number theory']"
1411_A,800.0,['implementation']
1409_F,2100.0,"['dp', 'strings']"
1409_E,1800.0,"['binary search', 'dp', 'sortings', 'two pointers']"
1409_D,1500.0,"['greedy', 'math']"
1409_C,1200.0,"['brute force', 'math', 'number theory']"
1409_B,1100.0,"['brute force', 'greedy', 'math']"
1409_A,800.0,"['greedy', 'math']"
1408_I,3200.0,"['dp', 'math']"
1408_H,3300.0,"['binary search', 'data structures', 'flows', 'greedy']"
1408_G,2700.0,"['combinatorics', 'dp', 'dsu', 'fft', 'graphs', 'trees']"
1408_F,2300.0,"['constructive algorithms', 'divide and conquer']"
1408_E,2400.0,"['data structures', 'dsu', 'graphs', 'greedy', 'sortings', 'trees']"
1408_D,2000.0,"['binary search', 'brute force', 'data structures', 'dp', 'implementation', 'sortings', 'two pointers']"
1408_C,1500.0,"['binary search', 'dp', 'implementation', 'math', 'two pointers']"
1408_B,1400.0,"['constructive algorithms', 'greedy', 'math']"
1408_A,800.0,['constructive algorithms']
1407_E,2500.0,"['constructive algorithms', 'dfs and similar', 'dp', 'graphs', 'greedy', 'shortest paths']"
1407_D,2200.0,"['data structures', 'dp', 'graphs']"
1407_C,1600.0,"['constructive algorithms', 'interactive', 'math', 'two pointers']"
1407_B,1300.0,"['brute force', 'greedy', 'math', 'number theory']"
1407_A,1100.0,"['constructive algorithms', 'math']"
1406_E,2600.0,"['interactive', 'math', 'number theory']"
1406_D,2200.0,"['constructive algorithms', 'data structures', 'greedy', 'math']"
1406_C,1700.0,"['constructive algorithms', 'dfs and similar', 'graphs', 'trees']"
1406_B,1200.0,"['brute force', 'dp', 'greedy', 'implementation', 'sortings']"
1406_A,900.0,"['greedy', 'implementation', 'math']"
1405_B,1000.0,"['constructive algorithms', 'implementation']"
1405_A,800.0,['constructive algorithms']
1404_E,2800.0,"['flows', 'graph matchings', 'graphs']"
1404_D,2800.0,"['constructive algorithms', 'dfs and similar', 'interactive', 'math', 'number theory']"
1404_C,2300.0,"['binary search', 'constructive algorithms', 'data structures', 'greedy', 'two pointers']"
1404_B,1900.0,"['dfs and similar', 'dp', 'games', 'trees']"
1404_A,1500.0,"['implementation', 'strings']"
1403_C,3200.0,"['*special', 'combinatorics', 'dp', 'implementation', 'math']"
1403_B,2300.0,"['*special', 'data structures', 'dfs and similar', 'graphs', 'trees']"
1403_A,2400.0,"['*special', '2-sat', 'binary search', 'data structures', 'graphs', 'interactive', 'sortings', 'two pointers']"
1402_C,2600.0,"['*special', 'combinatorics', 'dfs and similar', 'dp', 'games', 'graphs', 'matrices', 'trees']"
1402_B,2900.0,"['*special', 'geometry', 'sortings']"
1402_A,1800.0,"['*special', 'data structures', 'dsu', 'implementation', 'math', 'sortings']"
1401_F,2400.0,"['binary search', 'bitmasks', 'data structures']"
1401_E,2400.0,"['data structures', 'geometry', 'implementation', 'sortings']"
1401_D,1800.0,"['dfs and similar', 'dp', 'greedy', 'implementation', 'math', 'number theory', 'sortings', 'trees']"
1401_C,1300.0,"['constructive algorithms', 'math', 'number theory', 'sortings']"
1401_B,1100.0,"['constructive algorithms', 'greedy', 'math']"
1401_A,900.0,"['constructive algorithms', 'math']"
1400_G,2600.0,"['bitmasks', 'brute force', 'combinatorics', 'dp', 'dsu', 'math', 'two pointers']"
1400_F,2800.0,"['brute force', 'dfs and similar', 'dp', 'string suffix structures', 'strings']"
1400_E,2200.0,"['data structures', 'divide and conquer', 'dp', 'greedy']"
1400_D,1900.0,"['brute force', 'combinatorics', 'data structures', 'math', 'two pointers']"
1400_C,1500.0,"['2-sat', 'brute force', 'constructive algorithms', 'greedy']"
1400_B,1700.0,"['brute force', 'greedy', 'math']"
1400_A,800.0,"['constructive algorithms', 'strings']"
1399_F,2300.0,"['data structures', 'dp', 'graphs', 'sortings']"
1399_E2,2200.0,"['binary search', 'dfs and similar', 'greedy', 'sortings', 'trees', 'two pointers']"
1399_E1,2000.0,"['data structures', 'dfs and similar', 'greedy', 'trees']"
1399_D,1500.0,"['constructive algorithms', 'data structures', 'greedy', 'implementation']"
1399_C,1200.0,"['brute force', 'greedy', 'two pointers']"
1399_B,800.0,['greedy']
1399_A,800.0,"['greedy', 'sortings']"
1398_G,2600.0,"['bitmasks', 'fft', 'math', 'number theory']"
1398_F,2500.0,"['binary search', 'data structures', 'dp', 'greedy', 'two pointers']"
1398_E,2200.0,"['binary search', 'data structures', 'greedy', 'implementation', 'math', 'sortings']"
1398_D,1800.0,"['dp', 'greedy', 'sortings']"
1398_C,1600.0,"['data structures', 'dp', 'math']"
1398_B,800.0,"['games', 'greedy', 'sortings']"
1398_A,800.0,"['geometry', 'math']"
1397_B,1500.0,"['brute force', 'math', 'number theory', 'sortings']"
1397_A,800.0,"['greedy', 'strings']"
1396_E,3200.0,"['constructive algorithms', 'dfs and similar', 'trees']"
1396_D,3300.0,"['data structures', 'sortings', 'two pointers']"
1396_C,2300.0,"['dp', 'greedy', 'implementation']"
1396_B,1800.0,"['brute force', 'constructive algorithms', 'games', 'greedy']"
1396_A,1600.0,"['constructive algorithms', 'greedy', 'number theory']"
1395_C,1600.0,"['bitmasks', 'brute force', 'dp', 'greedy']"
1395_B,1100.0,['constructive algorithms']
1395_A,1000.0,"['brute force', 'math']"
1394_E,3500.0,['strings']
1394_D,2800.0,"['dp', 'greedy', 'sortings', 'trees']"
1394_C,2600.0,"['binary search', 'geometry', 'ternary search']"
1394_B,2300.0,"['brute force', 'dfs and similar', 'graphs', 'hashing']"
1394_A,1800.0,"['dp', 'greedy', 'sortings', 'two pointers']"
1393_E2,3200.0,"['dp', 'hashing', 'implementation', 'string suffix structures', 'strings', 'two pointers']"
1393_E1,2800.0,"['dp', 'hashing', 'implementation', 'string suffix structures', 'strings']"
1393_D,2100.0,"['dfs and similar', 'dp', 'implementation', 'shortest paths']"
1393_C,1700.0,"['constructive algorithms', 'greedy', 'math', 'sortings']"
1393_B,1400.0,"['constructive algorithms', 'data structures', 'greedy', 'implementation']"
1393_A,800.0,"['greedy', 'math']"
1392_I,3300.0,"['fft', 'graphs', 'math']"
1392_H,3000.0,"['combinatorics', 'dp', 'math', 'probabilities']"
1392_G,2900.0,"['bitmasks', 'dfs and similar', 'dp', 'math', 'shortest paths']"
1392_F,2400.0,"['binary search', 'constructive algorithms', 'data structures', 'greedy', 'math']"
1392_E,2100.0,"['bitmasks', 'constructive algorithms', 'interactive', 'math']"
1392_D,1700.0,"['dp', 'greedy']"
1392_C,1200.0,"['greedy', 'implementation']"
1392_B,800.0,"['implementation', 'math']"
1392_A,800.0,"['greedy', 'math']"
1391_E,2600.0,"['constructive algorithms', 'dfs and similar', 'graphs', 'greedy', 'trees']"
1391_D,2000.0,"['bitmasks', 'brute force', 'constructive algorithms', 'dp', 'greedy', 'implementation']"
1391_C,1500.0,"['combinatorics', 'dp', 'graphs', 'math']"
1391_B,800.0,"['brute force', 'greedy', 'implementation']"
1391_A,800.0,"['constructive algorithms', 'math']"
1389_G,2800.0,"['dfs and similar', 'dp', 'graphs', 'trees']"
1389_F,2600.0,"['data structures', 'dp', 'graph matchings', 'sortings']"
1389_E,2200.0,"['math', 'number theory']"
1389_D,2100.0,"['brute force', 'greedy', 'implementation', 'math']"
1389_C,1500.0,"['brute force', 'dp', 'greedy', 'two pointers']"
1389_B,1600.0,"['brute force', 'dp', 'greedy']"
1389_A,800.0,"['constructive algorithms', 'greedy', 'math', 'number theory']"
1388_E,2700.0,"['data structures', 'geometry', 'sortings']"
1388_D,2000.0,"['data structures', 'dfs and similar', 'graphs', 'greedy', 'implementation', 'trees']"
1388_C,1800.0,"['dfs and similar', 'greedy', 'math', 'trees']"
1388_B,1000.0,"['greedy', 'math']"
1388_A,800.0,"['brute force', 'greedy', 'math', 'number theory']"
1387_C,2900.0,"['*special', 'dp', 'shortest paths', 'string suffix structures']"
1387_B2,2500.0,"['*special', 'dfs and similar', 'trees']"
1387_B1,2100.0,"['*special', 'dp', 'greedy', 'trees']"
1387_A,2100.0,"['*special', 'binary search', 'dfs and similar', 'dp', 'math', 'ternary search']"
1386_C,2800.0,"['*special', 'bitmasks', 'data structures', 'divide and conquer', 'dsu']"
1386_B,2900.0,"['*special', 'data structures', 'geometry', 'math', 'sortings']"
1386_A,2700.0,"['*special', 'binary search', 'constructive algorithms', 'interactive']"
1385_G,2300.0,"['2-sat', 'dfs and similar', 'dsu', 'graphs', 'implementation']"
1385_F,2300.0,"['data structures', 'greedy', 'implementation', 'trees']"
1385_E,2000.0,"['constructive algorithms', 'dfs and similar', 'graphs']"
1385_D,1500.0,"['bitmasks', 'brute force', 'divide and conquer', 'dp', 'implementation']"
1385_C,1200.0,['greedy']
1385_B,800.0,['greedy']
1385_A,800.0,['math']
1384_B2,2200.0,"['constructive algorithms', 'dp', 'greedy', 'implementation']"
1384_B1,1900.0,"['brute force', 'dp', 'greedy']"
1384_A,1200.0,"['constructive algorithms', 'greedy', 'strings']"
1383_F,3200.0,"['flows', 'graphs']"
1383_E,2800.0,"['combinatorics', 'data structures', 'dp']"
1383_D,2800.0,"['brute force', 'constructive algorithms', 'graphs', 'greedy', 'sortings']"
1383_C,3100.0,"['bitmasks', 'dp', 'graphs', 'trees']"
1383_B,1900.0,"['bitmasks', 'constructive algorithms', 'dp', 'games', 'greedy', 'math']"
1383_A,1700.0,"['dsu', 'graphs', 'greedy', 'sortings', 'strings', 'trees', 'two pointers']"
1382_B,1100.0,"['dp', 'games']"
1382_A,800.0,['brute force']
1381_E,3300.0,"['geometry', 'math', 'sortings']"
1381_D,3000.0,"['dfs and similar', 'dp', 'greedy', 'trees', 'two pointers']"
1381_C,2500.0,"['constructive algorithms', 'graph matchings', 'greedy', 'implementation', 'sortings', 'two pointers']"
1381_B,1800.0,['dp']
1381_A2,1700.0,"['constructive algorithms', 'data structures', 'implementation', 'strings', 'two pointers']"
1381_A1,1300.0,"['constructive algorithms', 'data structures', 'strings']"
1380_G,2600.0,"['greedy', 'math', 'probabilities']"
1380_F,2600.0,"['data structures', 'dp', 'matrices']"
1380_E,2300.0,"['data structures', 'dsu', 'implementation', 'trees']"
1380_D,2000.0,"['constructive algorithms', 'greedy', 'implementation', 'math', 'two pointers']"
1380_C,1400.0,"['brute force', 'dp', 'greedy', 'implementation', 'sortings']"
1380_B,1400.0,['greedy']
1380_A,900.0,"['brute force', 'data structures']"
1379_F2,2800.0,"['data structures', 'divide and conquer']"
1379_F1,2700.0,"['binary search', 'data structures']"
1379_E,2800.0,"['constructive algorithms', 'divide and conquer', 'dp', 'math', 'trees']"
1379_D,2300.0,"['binary search', 'brute force', 'data structures', 'sortings', 'two pointers']"
1379_C,2000.0,"['binary search', 'brute force', 'data structures', 'dfs and similar', 'dp', 'greedy', 'sortings', 'two pointers']"
1379_B,1500.0,"['binary search', 'brute force', 'math', 'number theory']"
1379_A,1500.0,"['brute force', 'implementation', 'strings']"
1375_I,3500.0,"['geometry', 'math', 'matrices', 'number theory']"
1375_H,3300.0,"['constructive algorithms', 'divide and conquer']"
1375_G,2800.0,"['brute force', 'constructive algorithms', 'dfs and similar', 'graph matchings', 'graphs', 'trees']"
1375_F,2600.0,"['constructive algorithms', 'games', 'interactive', 'math']"
1375_E,2500.0,"['constructive algorithms', 'greedy', 'sortings']"
1375_D,1900.0,"['brute force', 'constructive algorithms', 'sortings']"
1375_C,1400.0,"['constructive algorithms', 'data structures', 'greedy']"
1375_B,1200.0,"['constructive algorithms', 'greedy']"
1375_A,1100.0,"['constructive algorithms', 'math']"
1374_F,2400.0,"['brute force', 'constructive algorithms', 'implementation', 'sortings']"
1374_E2,2500.0,"['data structures', 'greedy', 'implementation', 'sortings', 'ternary search', 'two pointers']"
1374_E1,1600.0,"['data structures', 'greedy', 'sortings']"
1374_D,1400.0,"['math', 'sortings', 'two pointers']"
1374_C,1000.0,"['greedy', 'strings']"
1374_B,900.0,['math']
1374_A,800.0,['math']
1373_G,2600.0,"['data structures', 'divide and conquer', 'greedy']"
1373_F,2400.0,"['binary search', 'constructive algorithms', 'data structures', 'greedy']"
1373_E,2200.0,"['brute force', 'constructive algorithms', 'dp', 'greedy']"
1373_D,1600.0,"['divide and conquer', 'dp', 'greedy', 'implementation']"
1373_C,1300.0,['math']
1373_B,900.0,['games']
1373_A,1000.0,"['greedy', 'implementation', 'math']"
1372_F,2700.0,"['binary search', 'divide and conquer', 'interactive']"
1372_E,2900.0,"['dp', 'greedy', 'two pointers']"
1372_D,2100.0,"['brute force', 'dp', 'games', 'greedy']"
1372_C,1500.0,"['constructive algorithms', 'math']"
1372_B,1300.0,"['greedy', 'math', 'number theory']"
1372_A,800.0,"['constructive algorithms', 'implementation']"
1371_F,2800.0,"['data structures', 'divide and conquer', 'implementation']"
1371_E2,2300.0,"['binary search', 'combinatorics', 'dp', 'math', 'number theory', 'sortings']"
1371_E1,1900.0,"['binary search', 'brute force', 'combinatorics', 'math', 'number theory', 'sortings']"
1371_D,1600.0,"['constructive algorithms', 'greedy', 'implementation']"
1371_C,1300.0,"['greedy', 'implementation', 'math']"
1371_B,1200.0,['math']
1371_A,800.0,['math']
1370_F2,2700.0,"['binary search', 'dfs and similar', 'graphs', 'interactive', 'shortest paths', 'trees']"
1370_F1,2400.0,"['binary search', 'dfs and similar', 'graphs', 'interactive', 'shortest paths', 'trees']"
1370_E,2100.0,"['binary search', 'constructive algorithms', 'data structures', 'greedy']"
1370_D,2000.0,"['binary search', 'dp', 'dsu', 'greedy', 'implementation']"
1370_C,1400.0,"['games', 'math', 'number theory']"
1370_B,1100.0,"['constructive algorithms', 'math', 'number theory']"
1370_A,800.0,"['greedy', 'implementation', 'math', 'number theory']"
1369_F,2700.0,"['dfs and similar', 'dp', 'games']"
1369_E,2400.0,"['data structures', 'dfs and similar', 'greedy', 'implementation', 'sortings']"
1369_D,1900.0,"['dp', 'graphs', 'greedy', 'math', 'trees']"
1369_C,1400.0,"['greedy', 'math', 'sortings', 'two pointers']"
1369_B,1200.0,"['greedy', 'implementation', 'strings']"
1369_A,800.0,"['geometry', 'math']"
1368_H2,3500.0,[]
1368_H1,3300.0,"['dp', 'flows', 'greedy']"
1368_G,3200.0,"['data structures', 'geometry', 'graphs', 'trees']"
1368_F,2600.0,"['games', 'implementation', 'interactive', 'math']"
1368_E,2500.0,"['constructive algorithms', 'graphs', 'greedy']"
1368_D,1700.0,"['bitmasks', 'greedy', 'math']"
1368_C,1500.0,['constructive algorithms']
1368_B,1500.0,"['brute force', 'constructive algorithms', 'greedy', 'math', 'strings']"
1368_A,800.0,"['brute force', 'greedy', 'implementation', 'math']"
1367_F2,2400.0,"['binary search', 'data structures', 'dp', 'greedy', 'sortings', 'two pointers']"
1367_F1,2100.0,"['dp', 'greedy', 'two pointers']"
1367_E,1900.0,"['brute force', 'dfs and similar', 'dp', 'graphs', 'greedy', 'number theory']"
1367_D,1800.0,"['constructive algorithms', 'greedy', 'implementation', 'sortings']"
1367_C,1300.0,"['constructive algorithms', 'greedy', 'math']"
1367_B,800.0,"['greedy', 'math']"
1367_A,800.0,"['implementation', 'strings']"
1366_G,2700.0,"['data structures', 'dp', 'strings']"
1366_F,2700.0,"['binary search', 'dp', 'geometry', 'graphs']"
1366_E,2100.0,"['binary search', 'brute force', 'combinatorics', 'constructive algorithms', 'dp', 'two pointers']"
1366_D,2000.0,"['constructive algorithms', 'math', 'number theory']"
1366_C,1500.0,"['greedy', 'math']"
1366_B,1300.0,"['math', 'two pointers']"
1366_A,1100.0,"['binary search', 'greedy', 'math']"
1365_G,2800.0,"['bitmasks', 'combinatorics', 'constructive algorithms', 'interactive', 'math']"
1365_F,2100.0,"['constructive algorithms', 'implementation', 'sortings']"
1365_E,1900.0,"['brute force', 'constructive algorithms']"
1365_D,1700.0,"['constructive algorithms', 'dfs and similar', 'dsu', 'graphs', 'greedy', 'implementation', 'shortest paths']"
1365_C,1400.0,"['constructive algorithms', 'data structures', 'greedy', 'implementation']"
1365_B,1300.0,"['constructive algorithms', 'implementation']"
1365_A,1100.0,"['games', 'greedy', 'implementation']"
1364_E,2700.0,"['bitmasks', 'constructive algorithms', 'divide and conquer', 'interactive', 'probabilities']"
1364_D,2100.0,"['constructive algorithms', 'dfs and similar', 'graphs', 'greedy', 'implementation', 'trees']"
1364_C,1600.0,"['brute force', 'constructive algorithms', 'greedy']"
1364_B,1300.0,"['greedy', 'two pointers']"
1364_A,1200.0,"['brute force', 'data structures', 'number theory', 'two pointers']"
1363_F,2600.0,"['dp', 'strings']"
1363_E,2000.0,"['dfs and similar', 'dp', 'greedy', 'trees']"
1363_D,2100.0,"['binary search', 'implementation', 'interactive', 'math']"
1363_C,1600.0,"['games', 'trees']"
1363_B,1400.0,"['implementation', 'strings']"
1363_A,1200.0,"['brute force', 'implementation', 'math']"
1362_C,1400.0,"['bitmasks', 'greedy', 'math']"
1362_B,1200.0,"['bitmasks', 'brute force']"
1362_A,1000.0,['implementation']
1361_F,3300.0,"['data structures', 'implementation', 'math']"
1361_E,3000.0,"['dfs and similar', 'graphs', 'probabilities', 'trees']"
1361_D,2900.0,"['greedy', 'implementation', 'math', 'trees']"
1361_C,2500.0,"['binary search', 'bitmasks', 'constructive algorithms', 'dfs and similar', 'dsu', 'graphs']"
1361_B,1900.0,"['greedy', 'implementation', 'math', 'sortings']"
1361_A,1700.0,"['constructive algorithms', 'graphs', 'greedy', 'sortings']"
1360_H,2100.0,"['binary search', 'bitmasks', 'brute force', 'constructive algorithms']"
1360_G,1900.0,"['constructive algorithms', 'greedy', 'math']"
1360_F,1700.0,"['bitmasks', 'brute force', 'constructive algorithms', 'dp', 'hashing', 'strings']"
1360_E,1300.0,"['dp', 'graphs', 'implementation', 'shortest paths']"
1360_D,1300.0,"['math', 'number theory']"
1360_C,1100.0,"['constructive algorithms', 'graph matchings', 'greedy', 'sortings']"
1360_B,800.0,"['greedy', 'sortings']"
1360_A,800.0,"['greedy', 'math']"
1359_F,2900.0,"['binary search', 'brute force', 'data structures', 'geometry', 'math']"
1359_E,2000.0,"['combinatorics', 'math', 'number theory']"
1359_D,2000.0,"['data structures', 'dp', 'implementation', 'two pointers']"
1359_C,1700.0,"['binary search', 'math']"
1359_B,1000.0,"['brute force', 'dp', 'greedy', 'implementation', 'two pointers']"
1359_A,1000.0,"['brute force', 'greedy', 'math']"
1358_F,2700.0,"['binary search', 'constructive algorithms', 'greedy', 'implementation']"
1358_E,2400.0,"['constructive algorithms', 'data structures', 'greedy', 'implementation']"
1358_D,1900.0,"['binary search', 'brute force', 'greedy', 'implementation', 'two pointers']"
1358_C,1600.0,['math']
1358_B,1000.0,"['greedy', 'sortings']"
1358_A,800.0,"['greedy', 'math']"
1355_F,2600.0,"['constructive algorithms', 'interactive', 'number theory']"
1355_E,2100.0,"['binary search', 'greedy', 'math', 'sortings', 'ternary search']"
1355_D,1400.0,"['constructive algorithms', 'math']"
1355_C,1800.0,"['binary search', 'implementation', 'math', 'two pointers']"
1355_B,1200.0,"['dp', 'greedy', 'sortings']"
1355_A,1200.0,"['brute force', 'implementation', 'math']"
1354_G,2600.0,"['binary search', 'interactive', 'probabilities']"
1354_F,2500.0,"['constructive algorithms', 'dp', 'flows', 'graph matchings', 'greedy', 'sortings']"
1354_E,2100.0,"['dfs and similar', 'dp', 'graphs']"
1354_D,1900.0,"['binary search', 'data structures']"
1354_C2,2000.0,"['binary search', 'brute force', 'geometry', 'math']"
1354_C1,1400.0,"['binary search', 'geometry', 'math', 'ternary search']"
1354_B,1200.0,"['binary search', 'dp', 'implementation', 'two pointers']"
1354_A,900.0,['math']
1353_F,2200.0,"['brute force', 'dp']"
1353_E,1900.0,"['brute force', 'dp', 'greedy']"
1353_D,1600.0,"['constructive algorithms', 'data structures', 'sortings']"
1353_C,1000.0,['math']
1353_B,800.0,"['greedy', 'sortings']"
1353_A,800.0,"['constructive algorithms', 'greedy', 'math']"
1352_G,1600.0,['constructive algorithms']
1352_F,1500.0,"['constructive algorithms', 'dfs and similar', 'math']"
1352_E,1500.0,"['brute force', 'implementation', 'two pointers']"
1352_D,1300.0,['implementation']
1352_C,1200.0,"['binary search', 'math']"
1352_B,1200.0,"['constructive algorithms', 'math']"
1352_A,800.0,"['implementation', 'math']"
1351_C,1400.0,"['data structures', 'implementation']"
1351_B,900.0,"['brute force', 'implementation', 'math']"
1351_A,800.0,['implementation']
1350_B,1400.0,"['dp', 'math', 'number theory']"
1350_A,900.0,['math']
1349_F2,3500.0,"['dp', 'fft', 'math']"
1349_F1,3100.0,"['dp', 'fft', 'math']"
1349_E,3500.0,"['constructive algorithms', 'dp', 'greedy']"
1349_D,3200.0,"['math', 'probabilities']"
1349_C,2000.0,"['dfs and similar', 'graphs', 'implementation', 'shortest paths']"
1349_B,2000.0,"['constructive algorithms', 'greedy', 'math']"
1349_A,1600.0,"['data structures', 'math', 'number theory']"
1348_F,2600.0,"['data structures', 'dfs and similar', 'graphs', 'greedy']"
1348_E,2400.0,"['brute force', 'dp', 'greedy', 'math']"
1348_D,1900.0,"['binary search', 'constructive algorithms', 'greedy', 'implementation', 'math']"
1348_C,1600.0,"['constructive algorithms', 'greedy', 'sortings', 'strings']"
1348_B,1400.0,"['constructive algorithms', 'data structures', 'greedy', 'sortings']"
1348_A,800.0,"['greedy', 'math']"
1346_I,2900.0,"['*special', 'dp']"
1346_H,2700.0,"['*special', 'data structures', 'games']"
1346_G,2300.0,"['*special', 'math', 'number theory']"
1346_F,2000.0,"['*special', 'data structures', 'greedy', 'math']"
1346_E,1700.0,"['*special', 'dp', 'graphs']"
1346_D,1600.0,"['*special', 'graphs', 'greedy']"
1346_C,1600.0,"['*special', 'greedy', 'sortings']"
1346_B,1400.0,"['*special', 'greedy']"
1346_A,1000.0,"['*special', 'math']"
1345_B,1100.0,"['binary search', 'brute force', 'dp', 'math']"
1345_A,800.0,['math']
1344_F,3200.0,['matrices']
1344_E,3100.0,"['data structures', 'trees']"
1344_D,2700.0,"['binary search', 'greedy', 'math']"
1344_C,2600.0,"['dfs and similar', 'dp', 'graphs', 'math']"
1344_B,2000.0,"['constructive algorithms', 'dfs and similar', 'dsu', 'graphs']"
1344_A,1600.0,"['math', 'number theory', 'sortings']"
1343_F,2400.0,"['brute force', 'constructive algorithms', 'data structures', 'greedy', 'implementation']"
1343_E,2100.0,"['brute force', 'graphs', 'greedy', 'shortest paths', 'sortings']"
1343_D,1700.0,"['brute force', 'data structures', 'greedy', 'two pointers']"
1343_C,1200.0,"['dp', 'greedy', 'two pointers']"
1343_B,800.0,"['constructive algorithms', 'math']"
1343_A,900.0,"['brute force', 'math']"
1342_F,3000.0,"['bitmasks', 'brute force', 'dp']"
1342_E,2300.0,"['combinatorics', 'fft', 'math']"
1342_D,1900.0,"['binary search', 'constructive algorithms', 'data structures', 'greedy', 'sortings', 'two pointers']"
1342_C,1600.0,"['math', 'number theory']"
1342_B,1100.0,"['constructive algorithms', 'strings']"
1342_A,1000.0,"['greedy', 'math']"
1341_B,1300.0,"['greedy', 'implementation']"
1341_A,900.0,['math']
1340_F,3300.0,"['brute force', 'data structures', 'hashing']"
1340_E,3000.0,"['graphs', 'interactive', 'probabilities']"
1340_D,2600.0,"['constructive algorithms', 'dfs and similar', 'graphs', 'trees']"
1340_C,2400.0,"['dfs and similar', 'dp', 'graphs', 'shortest paths']"
1340_B,1700.0,"['bitmasks', 'dp', 'graphs', 'greedy']"
1340_A,1500.0,"['brute force', 'data structures', 'greedy', 'implementation']"
1339_B,1200.0,"['constructive algorithms', 'sortings']"
1339_A,900.0,"['brute force', 'dp', 'implementation', 'math']"
1338_E,3500.0,['graphs']
1338_D,2700.0,"['constructive algorithms', 'dfs and similar', 'dp', 'math', 'trees']"
1338_C,2200.0,"['bitmasks', 'brute force', 'constructive algorithms', 'divide and conquer', 'math']"
1338_B,1800.0,"['bitmasks', 'constructive algorithms', 'dfs and similar', 'greedy', 'math', 'trees']"
1338_A,1500.0,"['greedy', 'math']"
1337_B,900.0,"['greedy', 'implementation', 'math']"
1337_A,800.0,"['constructive algorithms', 'math']"
1336_F,3500.0,"['data structures', 'divide and conquer', 'graphs', 'trees']"
1336_E2,3500.0,"['bitmasks', 'brute force', 'combinatorics', 'math']"
1336_E1,2700.0,"['bitmasks', 'brute force', 'combinatorics', 'math']"
1336_D,3200.0,"['constructive algorithms', 'interactive']"
1336_C,2200.0,"['dp', 'strings']"
1336_B,1700.0,"['binary search', 'greedy', 'math', 'sortings', 'two pointers']"
1336_A,1600.0,"['dfs and similar', 'dp', 'greedy', 'sortings', 'trees']"
1335_F,2200.0,"['data structures', 'dfs and similar', 'dsu', 'graphs', 'greedy', 'matrices']"
1335_E2,1800.0,"['brute force', 'data structures', 'dp', 'two pointers']"
1335_E1,1700.0,"['binary search', 'brute force', 'data structures', 'dp', 'two pointers']"
1335_D,1300.0,"['constructive algorithms', 'implementation']"
1335_C,1100.0,"['binary search', 'greedy', 'implementation', 'sortings']"
1335_B,900.0,['constructive algorithms']
1335_A,800.0,['math']
1334_G,2900.0,"['bitmasks', 'brute force', 'fft']"
1334_F,2500.0,"['binary search', 'data structures', 'dp', 'greedy']"
1334_E,2200.0,"['combinatorics', 'graphs', 'greedy', 'math', 'number theory']"
1334_D,1800.0,"['constructive algorithms', 'graphs', 'greedy', 'implementation']"
1334_C,1600.0,"['brute force', 'constructive algorithms', 'greedy', 'math']"
1334_B,1100.0,"['greedy', 'sortings']"
1334_A,1200.0,"['implementation', 'math']"
1333_F,2200.0,"['greedy', 'implementation', 'math', 'number theory', 'sortings', 'two pointers']"
1333_E,2400.0,"['brute force', 'constructive algorithms']"
1333_D,2100.0,"['brute force', 'constructive algorithms', 'games', 'graphs', 'greedy', 'implementation', 'sortings']"
1333_C,1700.0,"['binary search', 'data structures', 'implementation', 'two pointers']"
1333_B,1100.0,"['greedy', 'implementation']"
1333_A,1000.0,['constructive algorithms']
1332_G,3100.0,['data structures']
1332_F,2500.0,"['dfs and similar', 'dp', 'trees']"
1332_E,2100.0,"['combinatorics', 'constructive algorithms', 'math', 'matrices']"
1332_D,1700.0,"['bitmasks', 'constructive algorithms', 'math']"
1332_C,1500.0,"['dfs and similar', 'dsu', 'greedy', 'implementation', 'strings']"
1332_B,1400.0,"['brute force', 'constructive algorithms', 'greedy', 'math', 'number theory']"
1332_A,1100.0,"['greedy', 'implementation', 'math']"
1330_B,1400.0,"['implementation', 'math']"
1330_A,900.0,['implementation']
1329_E,3300.0,"['binary search', 'greedy']"
1329_D,3100.0,"['constructive algorithms', 'data structures']"
1329_C,2400.0,"['constructive algorithms', 'data structures', 'greedy', 'implementation']"
1329_B,1700.0,"['bitmasks', 'combinatorics', 'math']"
1329_A,1800.0,"['constructive algorithms', 'greedy', 'implementation', 'math']"
1328_F,2200.0,['greedy']
1328_E,1900.0,"['dfs and similar', 'graphs', 'trees']"
1328_D,1800.0,"['constructive algorithms', 'dp', 'graphs', 'greedy', 'math']"
1328_C,1200.0,"['greedy', 'implementation']"
1328_B,1300.0,"['binary search', 'brute force', 'combinatorics', 'implementation', 'math']"
1328_A,800.0,['math']
1327_G,2800.0,"['bitmasks', 'dp', 'string suffix structures']"
1327_F,2500.0,"['bitmasks', 'combinatorics', 'data structures', 'dp', 'two pointers']"
1327_E,1800.0,"['combinatorics', 'dp', 'math']"
1327_D,2200.0,"['brute force', 'dfs and similar', 'graphs', 'math', 'number theory']"
1327_C,1600.0,"['constructive algorithms', 'implementation']"
1327_B,1200.0,"['brute force', 'graphs', 'greedy']"
1327_A,1100.0,['math']
1326_G,3500.0,"['dp', 'geometry', 'trees']"
1326_F2,3200.0,"['bitmasks', 'dp', 'math']"
1326_F1,2600.0,"['bitmasks', 'brute force', 'dp', 'meet-in-the-middle']"
1326_E,2400.0,"['data structures', 'two pointers']"
1326_D2,1800.0,"['binary search', 'greedy', 'hashing', 'string suffix structures', 'strings']"
1326_D1,1500.0,"['hashing', 'string suffix structures', 'strings']"
1326_C,1300.0,"['combinatorics', 'greedy', 'math']"
1326_B,900.0,"['implementation', 'math']"
1326_A,1000.0,"['constructive algorithms', 'number theory']"
1325_F,2500.0,"['constructive algorithms', 'dfs and similar', 'graphs', 'greedy']"
1325_E,2600.0,"['brute force', 'dfs and similar', 'graphs', 'number theory', 'shortest paths']"
1325_D,1700.0,"['bitmasks', 'constructive algorithms', 'greedy', 'number theory']"
1325_C,1500.0,"['constructive algorithms', 'dfs and similar', 'greedy', 'trees']"
1325_B,800.0,"['greedy', 'implementation']"
1325_A,800.0,"['constructive algorithms', 'greedy', 'number theory']"
1324_F,1800.0,"['dfs and similar', 'dp', 'graphs', 'trees']"
1324_E,1700.0,"['dp', 'implementation']"
1324_D,1400.0,"['binary search', 'data structures', 'sortings', 'two pointers']"
1324_C,1100.0,"['binary search', 'data structures', 'dfs and similar', 'greedy', 'implementation']"
1324_B,1100.0,"['brute force', 'strings']"
1324_A,900.0,"['implementation', 'number theory']"
1323_B,1500.0,"['binary search', 'greedy', 'implementation']"
1323_A,800.0,"['brute force', 'dp', 'greedy', 'implementation']"
1322_F,3500.0,"['dp', 'trees']"
1322_E,3300.0,['data structures']
1322_D,2800.0,"['bitmasks', 'dp']"
1322_C,2300.0,"['graphs', 'hashing', 'math', 'number theory']"
1322_B,2100.0,"['binary search', 'bitmasks', 'constructive algorithms', 'data structures', 'math', 'sortings']"
1322_A,1300.0,['greedy']
1321_C,1600.0,"['brute force', 'constructive algorithms', 'greedy', 'strings']"
1321_A,900.0,['greedy']
1320_F,3500.0,['brute force']
1320_E,3000.0,"['data structures', 'dfs and similar', 'dp', 'shortest paths', 'trees']"
1320_D,2500.0,"['data structures', 'hashing', 'strings']"
1320_C,2000.0,"['brute force', 'data structures', 'sortings']"
1320_B,1700.0,"['dfs and similar', 'graphs', 'shortest paths']"
1320_A,1400.0,"['data structures', 'dp', 'greedy', 'math', 'sortings']"
1316_F,2800.0,"['data structures', 'divide and conquer', 'probabilities']"
1316_E,2300.0,"['bitmasks', 'dp', 'greedy', 'sortings']"
1316_D,2000.0,"['constructive algorithms', 'dfs and similar', 'graphs', 'implementation']"
1316_C,1800.0,"['constructive algorithms', 'math', 'ternary search']"
1316_B,1400.0,"['brute force', 'constructive algorithms', 'implementation', 'sortings', 'strings']"
1316_A,800.0,['implementation']
1315_C,1200.0,['greedy']
1315_B,1300.0,"['binary search', 'dp', 'greedy', 'strings']"
1315_A,800.0,['implementation']
1313_E,2700.0,"['data structures', 'hashing', 'strings', 'two pointers']"
1313_D,2500.0,"['bitmasks', 'dp', 'implementation']"
1313_C2,1900.0,"['data structures', 'dp', 'greedy']"
1313_C1,1500.0,"['brute force', 'data structures', 'dp', 'greedy']"
1313_B,1700.0,"['constructive algorithms', 'greedy', 'implementation', 'math']"
1313_A,900.0,"['brute force', 'greedy', 'implementation']"
1312_G,2600.0,"['data structures', 'dfs and similar', 'dp']"
1312_F,2500.0,"['games', 'two pointers']"
1312_E,2100.0,"['dp', 'greedy']"
1312_D,1700.0,"['combinatorics', 'math']"
1312_C,1400.0,"['bitmasks', 'greedy', 'implementation', 'math', 'number theory', 'ternary search']"
1312_B,1000.0,"['constructive algorithms', 'sortings']"
1312_A,800.0,"['geometry', 'greedy', 'math', 'number theory']"
1311_F,1900.0,"['data structures', 'divide and conquer', 'implementation', 'sortings']"
1311_E,2200.0,"['brute force', 'constructive algorithms', 'trees']"
1311_D,2000.0,"['brute force', 'math']"
1311_C,1300.0,['brute force']
1311_B,1200.0,"['dfs and similar', 'sortings']"
1311_A,800.0,"['greedy', 'implementation', 'math']"
1310_F,3400.0,"['math', 'number theory']"
1310_E,2900.0,['dp']
1310_D,2300.0,"['dp', 'graphs', 'probabilities']"
1310_C,2800.0,"['binary search', 'dp', 'strings']"
1310_B,2500.0,"['dp', 'implementation']"
1310_A,1700.0,"['data structures', 'greedy', 'sortings']"
1307_G,3100.0,"['flows', 'graphs', 'shortest paths']"
1307_F,3300.0,"['dfs and similar', 'dsu', 'trees']"
1307_E,2500.0,"['binary search', 'combinatorics', 'dp', 'greedy', 'implementation', 'math']"
1307_D,1900.0,"['binary search', 'data structures', 'dfs and similar', 'graphs', 'greedy', 'shortest paths', 'sortings']"
1307_C,1500.0,"['brute force', 'dp', 'math', 'strings']"
1307_B,1300.0,"['geometry', 'greedy', 'math']"
1307_A,800.0,"['greedy', 'implementation']"
1305_H,3500.0,"['binary search', 'greedy']"
1305_G,3500.0,"['bitmasks', 'brute force', 'dp', 'dsu', 'graphs']"
1305_F,2500.0,"['math', 'number theory', 'probabilities']"
1305_E,2200.0,"['constructive algorithms', 'greedy', 'implementation', 'math']"
1305_D,1900.0,"['constructive algorithms', 'dfs and similar', 'interactive', 'trees']"
1305_C,1600.0,"['brute force', 'combinatorics', 'math', 'number theory']"
1305_B,1200.0,"['constructive algorithms', 'greedy', 'strings', 'two pointers']"
1305_A,800.0,"['brute force', 'constructive algorithms', 'greedy', 'sortings']"
1304_F2,2400.0,"['data structures', 'dp', 'greedy']"
1304_F1,2300.0,"['data structures', 'dp']"
1304_E,2000.0,"['data structures', 'dfs and similar', 'shortest paths', 'trees']"
1304_D,1800.0,"['constructive algorithms', 'graphs', 'greedy', 'two pointers']"
1304_C,1500.0,"['dp', 'greedy', 'implementation', 'sortings', 'two pointers']"
1304_B,1100.0,"['brute force', 'constructive algorithms', 'greedy', 'implementation', 'strings']"
1304_A,800.0,['math']
1303_G,2700.0,"['data structures', 'divide and conquer', 'geometry', 'trees']"
1303_F,2800.0,"['dsu', 'implementation']"
1303_E,2200.0,"['dp', 'strings']"
1303_D,1900.0,"['bitmasks', 'greedy']"
1303_C,1600.0,"['dfs and similar', 'greedy', 'implementation']"
1303_B,1400.0,['math']
1303_A,800.0,"['implementation', 'strings']"
1301_F,2600.0,"['dfs and similar', 'graphs', 'implementation', 'shortest paths']"
1301_E,2500.0,"['binary search', 'data structures', 'dp', 'implementation']"
1301_D,2000.0,"['constructive algorithms', 'graphs', 'implementation']"
1301_C,1700.0,"['binary search', 'combinatorics', 'greedy', 'math', 'strings']"
1301_B,1500.0,"['binary search', 'greedy', 'ternary search']"
1301_A,800.0,"['implementation', 'strings']"
1300_B,1000.0,"['greedy', 'implementation', 'sortings']"
1300_A,800.0,"['implementation', 'math']"
1299_E,3400.0,"['interactive', 'math']"
1299_D,3000.0,"['bitmasks', 'combinatorics', 'dfs and similar', 'dp', 'graphs', 'graphs', 'math', 'trees']"
1299_C,2100.0,"['data structures', 'geometry', 'greedy']"
1299_B,1800.0,['geometry']
1299_A,1500.0,"['brute force', 'greedy', 'math']"
1296_F,2100.0,"['constructive algorithms', 'dfs and similar', 'greedy', 'sortings', 'trees']"
1296_E2,2000.0,"['data structures', 'dp']"
1296_E1,1800.0,"['constructive algorithms', 'dp', 'graphs', 'greedy', 'sortings']"
1296_D,1500.0,"['greedy', 'sortings']"
1296_C,1500.0,"['data structures', 'implementation']"
1296_B,900.0,['math']
1296_A,800.0,['math']
1295_F,2700.0,"['combinatorics', 'dp', 'probabilities']"
1295_E,2200.0,"['data structures', 'divide and conquer']"
1295_D,1800.0,"['math', 'number theory']"
1295_C,1600.0,"['dp', 'greedy', 'strings']"
1295_B,1700.0,"['math', 'strings']"
1295_A,900.0,['greedy']
1294_F,2000.0,"['dfs and similar', 'dp', 'greedy', 'trees']"
1294_E,1900.0,"['greedy', 'implementation', 'math']"
1294_D,1600.0,"['data structures', 'greedy', 'implementation', 'math']"
1294_C,1300.0,"['greedy', 'math', 'number theory']"
1294_B,1200.0,"['implementation', 'sortings']"
1294_A,800.0,['math']
1293_B,1000.0,"['combinatorics', 'greedy', 'math']"
1293_A,1100.0,"['binary search', 'brute force', 'implementation']"
1292_F,3500.0,"['bitmasks', 'combinatorics', 'dp']"
1292_E,3500.0,"['constructive algorithms', 'greedy', 'interactive', 'math']"
1292_D,2700.0,"['dp', 'graphs', 'greedy', 'math', 'number theory', 'trees']"
1292_C,2300.0,"['combinatorics', 'dfs and similar', 'dp', 'greedy', 'trees']"
1292_B,1700.0,"['brute force', 'constructive algorithms', 'geometry', 'greedy', 'implementation']"
1292_A,1400.0,"['data structures', 'dsu', 'implementation']"
1291_F,2800.0,"['graphs', 'interactive']"
1291_B,1300.0,"['greedy', 'implementation']"
1291_A,900.0,"['greedy', 'math', 'strings']"
1290_F,3500.0,['dp']
1290_E,3300.0,['data structures']
1290_D,3000.0,"['constructive algorithms', 'graphs', 'interactive']"
1290_C,2400.0,"['dfs and similar', 'dsu', 'graphs']"
1290_B,1800.0,"['binary search', 'constructive algorithms', 'data structures', 'strings', 'two pointers']"
1290_A,1600.0,"['brute force', 'data structures', 'implementation']"
1288_F,2900.0,"['constructive algorithms', 'flows']"
1288_E,2000.0,['data structures']
1288_D,2000.0,"['binary search', 'bitmasks', 'dp']"
1288_C,1600.0,"['combinatorics', 'dp']"
1288_B,1100.0,['math']
1288_A,1100.0,"['binary search', 'brute force', 'math', 'ternary search']"
1287_B,1500.0,"['brute force', 'data structures', 'implementation']"
1287_A,800.0,"['greedy', 'implementation']"
1286_F,3100.0,"['brute force', 'constructive algorithms', 'dp', 'fft', 'implementation', 'math']"
1286_E,3200.0,"['data structures', 'strings']"
1286_D,3100.0,"['data structures', 'math', 'matrices', 'probabilities']"
1286_C2,2800.0,"['brute force', 'constructive algorithms', 'hashing', 'interactive', 'math']"
1286_C1,2400.0,"['brute force', 'constructive algorithms', 'interactive', 'math']"
1286_B,1800.0,"['constructive algorithms', 'data structures', 'dfs and similar', 'graphs', 'greedy', 'trees']"
1286_A,1800.0,"['dp', 'greedy', 'sortings']"
1285_F,2900.0,"['binary search', 'combinatorics', 'number theory']"
1285_E,2300.0,"['brute force', 'constructive algorithms', 'data structures', 'dp', 'graphs', 'sortings', 'trees', 'two pointers']"
1285_D,1900.0,"['bitmasks', 'brute force', 'dfs and similar', 'divide and conquer', 'dp', 'greedy', 'strings', 'trees']"
1285_C,1400.0,"['brute force', 'math', 'number theory']"
1285_B,1300.0,"['dp', 'greedy', 'implementation']"
1285_A,800.0,['math']
1284_G,3300.0,['graphs']
1284_F,3200.0,"['data structures', 'graph matchings', 'graphs', 'math', 'trees']"
1284_E,2500.0,"['combinatorics', 'geometry', 'math', 'sortings']"
1284_D,2100.0,"['binary search', 'data structures', 'hashing', 'sortings']"
1284_C,1600.0,"['combinatorics', 'math']"
1284_B,1400.0,"['binary search', 'combinatorics', 'data structures', 'dp', 'implementation', 'sortings']"
1284_A,800.0,"['implementation', 'strings']"
1283_F,2200.0,"['constructive algorithms', 'greedy', 'trees']"
1283_E,1800.0,"['dp', 'greedy']"
1283_D,1800.0,"['graphs', 'greedy', 'shortest paths']"
1283_C,1500.0,"['constructive algorithms', 'data structures', 'math']"
1283_B,900.0,['math']
1283_A,800.0,['math']
1282_E,2400.0,"['constructive algorithms', 'data structures', 'dfs and similar', 'graphs']"
1282_D,2300.0,"['constructive algorithms', 'interactive', 'strings']"
1282_C,1800.0,"['greedy', 'sortings', 'two pointers']"
1282_B2,1600.0,"['dp', 'greedy', 'sortings']"
1282_B1,1400.0,"['dp', 'greedy', 'sortings']"
1282_A,900.0,"['implementation', 'math']"
1281_B,1600.0,['greedy']
1281_A,800.0,['implementation']
1280_F,3400.0,"['combinatorics', 'constructive algorithms', 'math']"
1280_E,2900.0,['math']
1280_D,2500.0,"['dp', 'greedy', 'trees']"
1280_C,2000.0,"['dfs and similar', 'graphs', 'greedy', 'trees']"
1280_B,1800.0,"['implementation', 'math']"
1280_A,1700.0,"['implementation', 'math']"
1279_F,2800.0,"['binary search', 'dp']"
1279_E,2700.0,"['combinatorics', 'dp']"
1279_D,1700.0,"['combinatorics', 'math', 'probabilities']"
1279_C,1400.0,"['data structures', 'implementation']"
1279_B,1300.0,"['binary search', 'brute force', 'implementation']"
1279_A,900.0,['math']
1278_F,2600.0,"['combinatorics', 'dp', 'math', 'number theory', 'probabilities']"
1278_E,2200.0,"['constructive algorithms', 'dfs and similar', 'divide and conquer', 'trees']"
1278_D,2100.0,"['data structures', 'dsu', 'graphs', 'trees']"
1278_C,1700.0,"['data structures', 'dp', 'greedy', 'implementation']"
1278_B,1500.0,"['greedy', 'math']"
1278_A,1000.0,"['brute force', 'implementation', 'strings']"
1277_D,1900.0,"['data structures', 'hashing', 'implementation', 'math']"
1277_B,1200.0,"['greedy', 'number theory']"
1277_A,1000.0,['implementation']
1276_F,3400.0,['string suffix structures']
1276_E,3500.0,['constructive algorithms']
1276_D,2900.0,"['dp', 'trees']"
1276_C,2300.0,"['brute force', 'combinatorics', 'constructive algorithms', 'data structures', 'greedy', 'math']"
1276_B,1900.0,"['combinatorics', 'dfs and similar', 'dsu', 'graphs']"
1276_A,1400.0,"['dp', 'greedy']"
1272_F,2200.0,"['dp', 'strings', 'two pointers']"
1272_E,1900.0,"['dfs and similar', 'graphs', 'shortest paths']"
1272_D,1500.0,"['brute force', 'dp']"
1272_C,1200.0,"['combinatorics', 'dp', 'implementation']"
1272_B,1200.0,"['constructive algorithms', 'greedy', 'implementation']"
1272_A,900.0,"['brute force', 'greedy', 'math', 'sortings']"
1271_F,2700.0,['brute force']
1271_E,2100.0,"['binary search', 'combinatorics', 'dp', 'math']"
1271_D,2100.0,"['data structures', 'dp', 'greedy', 'implementation', 'sortings']"
1271_C,1300.0,"['brute force', 'geometry', 'greedy', 'implementation']"
1271_B,1300.0,"['greedy', 'math']"
1271_A,800.0,"['brute force', 'greedy', 'math']"
1270_I,3500.0,"['constructive algorithms', 'fft', 'math']"
1270_H,3300.0,['data structures']
1270_G,2700.0,"['constructive algorithms', 'dfs and similar', 'graphs', 'math']"
1270_F,2600.0,"['math', 'strings']"
1270_E,2300.0,"['constructive algorithms', 'geometry', 'math']"
1270_D,1900.0,"['constructive algorithms', 'interactive', 'math', 'sortings']"
1270_C,1400.0,"['bitmasks', 'constructive algorithms', 'math']"
1270_B,1200.0,"['constructive algorithms', 'greedy', 'math']"
1270_A,800.0,"['games', 'greedy', 'math']"
1269_B,1500.0,"['brute force', 'sortings']"
1269_A,800.0,"['brute force', 'math']"
1268_E,3400.0,['dp']
1268_D,3200.0,"['brute force', 'divide and conquer', 'graphs', 'math']"
1268_C,2300.0,"['binary search', 'data structures']"
1268_B,2000.0,"['dp', 'greedy', 'math']"
1268_A,1700.0,"['constructive algorithms', 'greedy', 'implementation', 'strings']"
1267_L,1800.0,"['constructive algorithms', 'strings']"
1267_K,2100.0,"['combinatorics', 'math']"
1267_J,1800.0,"['greedy', 'implementation', 'math']"
1267_I,2600.0,"['brute force', 'constructive algorithms', 'implementation', 'interactive', 'sortings']"
1267_H,3200.0,['constructive algorithms']
1267_G,3000.0,"['math', 'probabilities']"
1267_F,2600.0,['graphs']
1267_E,1700.0,['greedy']
1267_D,2800.0,['constructive algorithms']
1267_C,3500.0,['constructive algorithms']
1267_B,900.0,[]
1267_A,2400.0,[]
1266_H,3400.0,"['dp', 'graphs', 'math', 'matrices', 'meet-in-the-middle']"
1266_G,3300.0,['string suffix structures']
1266_F,2900.0,"['dfs and similar', 'graphs']"
1266_E,2100.0,"['data structures', 'greedy', 'implementation']"
1266_D,2000.0,"['constructive algorithms', 'data structures', 'graphs', 'greedy', 'implementation', 'math', 'two pointers']"
1266_C,1400.0,"['constructive algorithms', 'greedy', 'math', 'number theory']"
1266_B,1000.0,"['constructive algorithms', 'math']"
1266_A,1000.0,"['chinese remainder theorem', 'math']"
1265_E,2100.0,"['data structures', 'dp', 'math', 'probabilities']"
1265_B,1300.0,"['data structures', 'implementation', 'math', 'two pointers']"
1265_A,1000.0,"['constructive algorithms', 'greedy']"
1264_F,3500.0,"['constructive algorithms', 'number theory']"
1264_E,2700.0,"['constructive algorithms', 'flows', 'graph matchings']"
1264_D2,2900.0,"['combinatorics', 'probabilities']"
1264_D1,2600.0,"['combinatorics', 'dp', 'probabilities']"
1264_C,2400.0,"['data structures', 'probabilities']"
1264_B,1900.0,"['brute force', 'constructive algorithms', 'greedy']"
1264_A,1500.0,"['greedy', 'implementation']"
1263_F,2400.0,"['data structures', 'dfs and similar', 'dp', 'flows', 'graphs', 'trees']"
1263_E,2100.0,"['data structures', 'implementation']"
1263_D,1500.0,"['dfs and similar', 'dsu', 'graphs']"
1263_C,1400.0,"['binary search', 'math', 'meet-in-the-middle', 'number theory']"
1263_B,1400.0,"['greedy', 'implementation']"
1263_A,1100.0,['math']
1261_F,3100.0,"['bitmasks', 'divide and conquer', 'math']"
1260_F,2700.0,"['data structures', 'trees']"
1260_E,2400.0,"['brute force', 'dp', 'greedy']"
1260_D,1900.0,"['binary search', 'dp', 'greedy', 'sortings']"
1260_C,1700.0,"['greedy', 'math', 'number theory']"
1260_B,1300.0,"['binary search', 'math']"
1260_A,1000.0,['math']
1257_G,2600.0,"['divide and conquer', 'fft', 'greedy', 'math', 'number theory']"
1257_F,2400.0,"['bitmasks', 'brute force', 'hashing', 'meet-in-the-middle']"
1257_E,2000.0,"['data structures', 'dp', 'greedy']"
1257_D,1700.0,"['binary search', 'data structures', 'dp', 'greedy', 'sortings', 'two pointers']"
1257_C,1200.0,"['greedy', 'implementation', 'sortings', 'strings', 'two pointers']"
1257_B,1000.0,['math']
1257_A,800.0,"['greedy', 'math']"
1256_F,2000.0,"['constructive algorithms', 'sortings', 'strings']"
1256_E,2000.0,"['dp', 'greedy', 'sortings']"
1256_D,1500.0,['greedy']
1256_C,1700.0,['greedy']
1256_B,1400.0,['greedy']
1256_A,1000.0,['math']
1255_C,1600.0,"['constructive algorithms', 'implementation']"
1255_B,1100.0,"['graphs', 'implementation']"
1255_A,800.0,['math']
1254_E,3300.0,"['combinatorics', 'dfs and similar', 'dsu', 'trees']"
1254_D,2700.0,"['data structures', 'probabilities', 'trees']"
1254_C,2300.0,"['constructive algorithms', 'geometry', 'interactive', 'math']"
1254_B2,2100.0,"['constructive algorithms', 'greedy', 'math', 'number theory', 'ternary search', 'two pointers']"
1254_B1,1800.0,"['constructive algorithms', 'greedy', 'math', 'number theory', 'ternary search', 'two pointers']"
1254_A,1700.0,"['constructive algorithms', 'greedy', 'implementation']"
1253_F,2500.0,"['binary search', 'dsu', 'graphs', 'shortest paths', 'trees']"
1253_E,2200.0,"['data structures', 'dp', 'greedy', 'sortings']"
1253_D,1700.0,"['constructive algorithms', 'dfs and similar', 'dsu', 'graphs', 'greedy', 'sortings']"
1253_C,1500.0,"['dp', 'greedy', 'math', 'sortings']"
1253_B,1400.0,"['greedy', 'implementation']"
1253_A,1000.0,['implementation']
1252_L,2300.0,"['flows', 'graphs']"
1252_K,2100.0,"['data structures', 'math', 'matrices']"
1252_J,2300.0,"['brute force', 'dp']"
1252_I,3000.0,[]
1252_H,1800.0,"['greedy', 'implementation']"
1252_G,2100.0,['data structures']
1252_F,2400.0,"['hashing', 'trees']"
1252_E,2200.0,"['greedy', 'two pointers']"
1252_D,3000.0,"['data structures', 'dp', 'strings', 'trees']"
1252_C,1600.0,"['data structures', 'implementation']"
1252_B,2300.0,"['dp', 'trees']"
1252_A,1000.0,[]
1251_F,2500.0,"['combinatorics', 'fft']"
1251_E2,2400.0,"['binary search', 'data structures', 'greedy']"
1251_E1,2300.0,"['data structures', 'dp', 'greedy']"
1251_D,1900.0,"['binary search', 'greedy', 'sortings']"
1251_C,1600.0,"['greedy', 'two pointers']"
1251_B,1400.0,"['greedy', 'strings']"
1251_A,1000.0,"['brute force', 'strings', 'two pointers']"
1250_N,2000.0,"['dfs and similar', 'graphs', 'greedy']"
1250_M,2500.0,"['constructive algorithms', 'divide and conquer']"
1250_L,1500.0,"['binary search', 'greedy', 'math']"
1250_K,3100.0,"['flows', 'graphs']"
1250_J,1800.0,"['binary search', 'greedy']"
1250_I,3100.0,"['binary search', 'brute force', 'greedy', 'shortest paths']"
1250_H,1500.0,['math']
1250_G,2300.0,"['dp', 'greedy', 'two pointers']"
1250_F,800.0,"['brute force', 'implementation']"
1250_E,2300.0,"['graphs', 'implementation']"
1250_D,3000.0,['dp']
1250_C,2100.0,['data structures']
1250_B,1800.0,"['brute force', 'constructive algorithms', 'greedy', 'math']"
1250_A,1400.0,['implementation']
1249_F,2200.0,"['dp', 'trees']"
1249_E,1700.0,"['dp', 'shortest paths']"
1249_D2,1800.0,"['data structures', 'greedy', 'sortings']"
1249_D1,1800.0,['greedy']
1249_C2,1500.0,"['binary search', 'greedy', 'math', 'meet-in-the-middle']"
1249_C1,1300.0,"['brute force', 'greedy', 'implementation']"
1249_B2,1300.0,"['dfs and similar', 'dsu', 'math']"
1249_B1,1000.0,"['dsu', 'math']"
1249_A,800.0,['math']
1248_D1,2000.0,"['brute force', 'dp', 'greedy', 'implementation']"
1248_B,900.0,"['greedy', 'math', 'sortings']"
1248_A,1000.0,"['geometry', 'math']"
1246_F,3500.0,[]
1245_F,2300.0,"['bitmasks', 'brute force', 'combinatorics', 'dp']"
1245_E,2300.0,"['dp', 'probabilities', 'shortest paths']"
1245_D,1900.0,"['dsu', 'graphs', 'greedy', 'shortest paths', 'trees']"
1245_C,1400.0,['dp']
1245_B,1200.0,"['constructive algorithms', 'dp', 'greedy']"
1245_A,1000.0,"['math', 'number theory']"
1244_G,2400.0,"['constructive algorithms', 'greedy', 'math']"
1244_F,2300.0,"['constructive algorithms', 'implementation']"
1244_E,2000.0,"['binary search', 'constructive algorithms', 'greedy', 'sortings', 'ternary search', 'two pointers']"
1244_D,1800.0,"['brute force', 'constructive algorithms', 'dp', 'graphs', 'implementation', 'trees']"
1244_C,2000.0,"['brute force', 'math', 'number theory']"
1244_B,1000.0,"['brute force', 'implementation']"
1244_A,800.0,['math']
1243_B2,1600.0,['strings']
1243_B1,1000.0,['strings']
1243_A,800.0,['implementation']
1242_E,3200.0,"['constructive algorithms', 'graphs']"
1242_D,3400.0,['math']
1242_C,2400.0,"['bitmasks', 'dfs and similar', 'dp', 'graphs']"
1242_B,1900.0,"['dfs and similar', 'dsu', 'graphs', 'sortings']"
1242_A,1500.0,"['constructive algorithms', 'math', 'number theory']"
1240_F,3100.0,['graphs']
1239_F,3400.0,"['graphs', 'implementation']"
1239_E,3100.0,"['dp', 'implementation']"
1239_D,2400.0,"['2-sat', 'dfs and similar', 'graph matchings', 'graphs']"
1239_C,2300.0,"['data structures', 'greedy', 'implementation']"
1239_B,2500.0,['implementation']
1239_A,1700.0,"['combinatorics', 'dp', 'math']"
1238_G,2700.0,"['data structures', 'greedy', 'sortings']"
1238_F,2200.0,"['dfs and similar', 'dp', 'graphs', 'trees']"
1238_E,2200.0,"['bitmasks', 'dp']"
1238_D,1900.0,"['binary search', 'combinatorics', 'dp', 'strings']"
1238_C,1600.0,"['dp', 'greedy', 'math']"
1238_B,1300.0,"['greedy', 'sortings']"
1238_A,900.0,"['math', 'number theory']"
1237_H,3300.0,['constructive algorithms']
1237_G,3500.0,"['data structures', 'dp', 'greedy']"
1237_F,2600.0,"['combinatorics', 'dp']"
1237_E,2400.0,"['dp', 'math']"
1237_D,2000.0,"['binary search', 'data structures', 'implementation']"
1237_C2,1900.0,"['binary search', 'constructive algorithms', 'divide and conquer', 'greedy', 'implementation', 'sortings']"
1237_C1,1700.0,"['constructive algorithms', 'geometry', 'greedy']"
1237_B,1300.0,"['data structures', 'sortings', 'two pointers']"
1237_A,1000.0,"['implementation', 'math']"
1236_F,3000.0,"['dfs and similar', 'graphs', 'math', 'probabilities']"
1236_E,2500.0,"['binary search', 'data structures', 'dp', 'dsu']"
1236_D,2300.0,"['brute force', 'data structures', 'greedy', 'implementation']"
1236_C,1300.0,"['constructive algorithms', 'greedy', 'implementation']"
1236_B,1500.0,"['combinatorics', 'math']"
1236_A,800.0,"['brute force', 'greedy', 'math']"
1234_F,2200.0,"['bitmasks', 'dp']"
1234_E,2000.0,['math']
1234_D,1600.0,['data structures']
1234_C,1500.0,"['dp', 'implementation']"
1234_B2,1300.0,"['data structures', 'implementation']"
1234_B1,1000.0,['implementation']
1234_A,800.0,['math']
1231_E,2200.0,"['constructive algorithms', 'greedy', 'strings']"
1231_C,1100.0,['greedy']
1230_B,1000.0,"['greedy', 'implementation']"
1230_A,800.0,"['brute force', 'implementation']"
1228_F,2500.0,"['constructive algorithms', 'implementation', 'trees']"
1228_E,2300.0,"['combinatorics', 'dp', 'math']"
1228_D,1900.0,"['brute force', 'constructive algorithms', 'graphs', 'hashing', 'implementation']"
1228_C,1700.0,"['math', 'number theory']"
1228_B,1400.0,"['implementation', 'math']"
1228_A,800.0,"['brute force', 'implementation']"
1227_G,2600.0,['constructive algorithms']
1227_F2,2400.0,"['combinatorics', 'math']"
1227_F1,2200.0,['dp']
1227_E,2200.0,"['binary search', 'graphs', 'graphs', 'shortest paths']"
1227_D2,1800.0,"['data structures', 'greedy']"
1227_D1,1600.0,"['data structures', 'greedy']"
1227_C,1700.0,['constructive algorithms']
1227_B,1200.0,['constructive algorithms']
1227_A,1100.0,['math']
1225_G,3100.0,"['bitmasks', 'constructive algorithms', 'dp', 'greedy', 'number theory']"
1225_F,2500.0,"['constructive algorithms', 'greedy', 'trees']"
1225_E,2200.0,"['binary search', 'dp']"
1225_D,1800.0,"['hashing', 'math', 'number theory']"
1225_C,1600.0,"['bitmasks', 'brute force', 'math']"
1225_B2,1300.0,"['implementation', 'two pointers']"
1225_B1,1000.0,['implementation']
1225_A,900.0,['math']
1223_G,3200.0,"['binary search', 'math', 'number theory']"
1223_F,2600.0,"['data structures', 'divide and conquer', 'dp', 'hashing']"
1223_E,2100.0,"['dp', 'sortings', 'trees']"
1223_D,2000.0,"['dp', 'greedy', 'two pointers']"
1223_C,1600.0,"['binary search', 'greedy']"
1223_B,1000.0,['strings']
1223_A,800.0,['math']
1221_G,2900.0,"['bitmasks', 'brute force', 'combinatorics', 'dp', 'meet-in-the-middle']"
1221_F,2400.0,"['binary search', 'data structures', 'sortings']"
1221_E,2500.0,['games']
1221_D,1800.0,['dp']
1221_C,1200.0,"['binary search', 'math']"
1221_B,1100.0,"['constructive algorithms', 'greedy']"
1221_A,1000.0,"['brute force', 'greedy', 'math']"
1220_G,3400.0,['geometry']
1220_F,2700.0,"['binary search', 'data structures']"
1220_E,2200.0,"['dfs and similar', 'dp', 'dsu', 'graphs', 'greedy', 'trees']"
1220_D,1900.0,"['bitmasks', 'math', 'number theory']"
1220_C,1300.0,"['games', 'greedy', 'strings']"
1220_B,1300.0,"['math', 'number theory']"
1220_A,800.0,"['implementation', 'sortings', 'strings']"
1219_G,2000.0,['implementation']
1219_C,1700.0,"['implementation', 'strings']"
1218_I,2100.0,"['2-sat', 'dfs and similar', 'greedy']"
1218_H,2900.0,['dfs and similar']
1218_G,3000.0,"['constructive algorithms', 'graphs', 'shortest paths']"
1218_F,1500.0,"['data structures', 'greedy']"
1218_E,2500.0,"['divide and conquer', 'fft']"
1218_D,2400.0,"['divide and conquer', 'fft', 'graphs']"
1218_C,2600.0,['dp']
1218_B,3000.0,"['data structures', 'geometry']"
1218_A,2800.0,"['dp', 'graphs']"
1217_F,2600.0,"['data structures', 'divide and conquer', 'dsu', 'graphs', 'trees']"
1217_E,2300.0,"['data structures', 'greedy', 'implementation', 'math']"
1217_D,2100.0,"['constructive algorithms', 'dfs and similar', 'graphs']"
1217_C,1700.0,"['binary search', 'bitmasks', 'brute force']"
1217_B,1600.0,"['greedy', 'math']"
1217_A,1300.0,"['binary search', 'math']"
1216_F,2100.0,"['data structures', 'dp', 'greedy']"
1216_E2,2200.0,"['binary search', 'math']"
1216_E1,1900.0,"['binary search', 'brute force', 'math']"
1216_D,1300.0,['math']
1216_C,1700.0,"['geometry', 'math']"
1216_B,900.0,"['greedy', 'implementation', 'sortings']"
1216_A,800.0,['strings']
1215_F,2700.0,['2-sat']
1215_E,2200.0,"['bitmasks', 'dp']"
1215_D,1700.0,"['games', 'greedy', 'math']"
1215_C,1500.0,"['constructive algorithms', 'greedy']"
1215_B,1400.0,"['combinatorics', 'dp', 'implementation']"
1215_A,1000.0,"['greedy', 'implementation', 'math']"
1214_H,2800.0,"['constructive algorithms', 'dfs and similar', 'trees']"
1214_G,3200.0,"['bitmasks', 'data structures']"
1214_F,2700.0,"['greedy', 'sortings']"
1214_E,2000.0,"['constructive algorithms', 'graphs', 'math', 'sortings', 'trees']"
1214_D,1900.0,"['dfs and similar', 'dp', 'flows', 'hashing']"
1214_C,1200.0,"['data structures', 'greedy']"
1214_B,1100.0,"['brute force', 'math']"
1214_A,1400.0,"['brute force', 'math']"
1213_G,1800.0,"['divide and conquer', 'dsu', 'graphs', 'sortings', 'trees']"
1213_F,2100.0,"['data structures', 'dfs and similar', 'dsu', 'graphs', 'greedy', 'implementation', 'strings']"
1213_E,1900.0,"['brute force', 'constructive algorithms']"
1213_D2,1600.0,"['brute force', 'math', 'sortings']"
1213_D1,1500.0,"['brute force', 'implementation']"
1213_C,1200.0,['math']
1213_B,1100.0,"['data structures', 'implementation']"
1213_A,900.0,['math']
1211_I,3000.0,"['*special', 'graphs']"
1211_H,3100.0,"['*special', 'binary search', 'dp', 'trees']"
1211_G,2500.0,"['*special', 'math', 'trees']"
1211_F,2300.0,"['*special', 'graphs', 'implementation', 'strings']"
1211_E,2000.0,"['*special', 'binary search', 'greedy']"
1211_D,2000.0,"['*special', 'binary search', 'greedy', 'math']"
1211_C,1700.0,"['*special', 'greedy', 'sortings']"
1211_B,1500.0,"['*special', 'implementation']"
1211_A,1000.0,"['*special', 'implementation']"
1210_G,3500.0,['dp']
1210_F2,3200.0,"['brute force', 'probabilities']"
1210_F1,3100.0,"['brute force', 'probabilities']"
1210_E,2700.0,['math']
1210_D,2400.0,['graphs']
1210_C,2000.0,"['math', 'number theory', 'trees']"
1210_B,1700.0,"['brute force', 'greedy']"
1210_A,1700.0,"['brute force', 'graphs']"
1209_H,3300.0,"['data structures', 'greedy', 'math']"
1209_G2,3200.0,['data structures']
1209_G1,2000.0,"['data structures', 'dsu', 'greedy', 'implementation', 'two pointers']"
1209_F,2600.0,"['data structures', 'dfs and similar', 'graphs', 'shortest paths', 'strings', 'trees']"
1209_E2,2500.0,"['bitmasks', 'dp', 'greedy', 'sortings']"
1209_E1,2000.0,"['bitmasks', 'brute force', 'dp', 'greedy', 'sortings']"
1209_D,1700.0,"['dfs and similar', 'dsu', 'graphs']"
1209_C,1500.0,"['constructive algorithms', 'greedy', 'implementation']"
1209_B,1300.0,"['implementation', 'math', 'number theory']"
1209_A,800.0,"['greedy', 'implementation', 'math']"
1208_H,3500.0,"['data structures', 'implementation', 'trees']"
1208_G,2800.0,"['greedy', 'math', 'number theory']"
1208_F,2600.0,"['bitmasks', 'dfs and similar', 'dp', 'greedy']"
1208_E,2200.0,"['data structures', 'implementation']"
1208_D,1900.0,"['binary search', 'data structures', 'greedy', 'implementation']"
1208_C,1800.0,['constructive algorithms']
1208_B,1500.0,"['binary search', 'brute force', 'implementation', 'two pointers']"
1208_A,900.0,['math']
1207_G,2700.0,"['data structures', 'dfs and similar', 'hashing', 'string suffix structures', 'strings', 'trees']"
1207_F,2100.0,"['brute force', 'data structures', 'implementation']"
1207_E,1900.0,"['bitmasks', 'interactive', 'math']"
1207_D,1800.0,['combinatorics']
1207_C,1500.0,"['dp', 'greedy']"
1207_B,1200.0,"['constructive algorithms', 'greedy', 'implementation']"
1207_A,800.0,"['brute force', 'greedy', 'implementation', 'math']"
1206_B,900.0,"['dp', 'implementation']"
1206_A,800.0,"['math', 'sortings']"
1205_F,3400.0,"['constructive algorithms', 'math']"
1205_E,3100.0,"['combinatorics', 'strings']"
1205_D,2700.0,"['constructive algorithms', 'trees']"
1205_C,2400.0,"['implementation', 'interactive']"
1205_B,1900.0,"['bitmasks', 'brute force', 'graphs', 'shortest paths']"
1205_A,1200.0,"['constructive algorithms', 'greedy', 'math']"
1204_E,2300.0,"['combinatorics', 'dp', 'math', 'number theory']"
1204_D2,2100.0,"['data structures', 'greedy', 'math', 'strings']"
1204_D1,2000.0,"['brute force', 'greedy', 'strings']"
1204_C,1700.0,"['dp', 'graphs', 'greedy', 'shortest paths']"
1204_B,900.0,"['greedy', 'math']"
1204_A,1000.0,['math']
1203_F2,2300.0,"['dp', 'greedy']"
1203_F1,2100.0,['greedy']
1203_E,1500.0,"['greedy', 'sortings']"
1203_D2,1700.0,"['binary search', 'greedy', 'implementation', 'two pointers']"
1203_D1,1600.0,"['greedy', 'implementation']"
1203_C,1300.0,"['implementation', 'math']"
1203_B,1200.0,"['greedy', 'math']"
1203_A,1000.0,['implementation']
1202_F,2700.0,"['binary search', 'implementation', 'math']"
1202_E,2400.0,"['brute force', 'string suffix structures', 'strings']"
1202_D,1900.0,"['combinatorics', 'constructive algorithms', 'math', 'strings']"
1202_C,2100.0,"['brute force', 'data structures', 'dp', 'greedy', 'implementation', 'math', 'strings']"
1202_B,1700.0,"['brute force', 'dp', 'shortest paths']"
1202_A,1100.0,"['bitmasks', 'greedy']"
1201_E2,3000.0,"['graphs', 'interactive', 'shortest paths']"
1201_E1,2900.0,"['graphs', 'interactive', 'shortest paths']"
1201_D,2100.0,"['binary search', 'dp', 'greedy', 'implementation']"
1201_C,1400.0,"['binary search', 'greedy', 'math', 'sortings']"
1201_B,1500.0,"['greedy', 'math']"
1201_A,900.0,"['implementation', 'strings']"
1200_F,2300.0,"['brute force', 'data structures', 'dfs and similar', 'dp', 'graphs', 'implementation', 'math', 'number theory']"
1200_E,2000.0,"['brute force', 'hashing', 'implementation', 'string suffix structures', 'strings']"
1200_D,1900.0,"['brute force', 'data structures', 'dp', 'implementation', 'two pointers']"
1200_C,1400.0,"['math', 'number theory']"
1200_B,1200.0,"['dp', 'greedy']"
1200_A,800.0,"['brute force', 'data structures', 'implementation']"
1199_B,1000.0,"['geometry', 'math']"
1199_A,1000.0,['implementation']
1198_F,2900.0,"['greedy', 'number theory', 'probabilities']"
1198_E,2500.0,"['flows', 'graph matchings', 'graphs']"
1198_D,2300.0,['dp']
1198_C,2000.0,"['constructive algorithms', 'graphs', 'greedy', 'sortings']"
1198_B,1600.0,"['binary search', 'brute force', 'data structures', 'sortings']"
1198_A,1600.0,"['sortings', 'two pointers']"
1197_F,2700.0,"['dp', 'games', 'matrices']"
1197_E,2300.0,"['binary search', 'combinatorics', 'data structures', 'dp', 'shortest paths', 'sortings']"
1197_D,1900.0,"['dp', 'greedy', 'math']"
1197_C,1400.0,"['greedy', 'sortings']"
1197_B,1000.0,"['greedy', 'implementation']"
1197_A,900.0,"['greedy', 'math', 'sortings']"
1196_F,2200.0,"['brute force', 'constructive algorithms', 'shortest paths', 'sortings']"
1196_E,1800.0,"['constructive algorithms', 'implementation']"
1196_D2,1600.0,"['data structures', 'dp', 'implementation', 'two pointers']"
1196_D1,1500.0,['implementation']
1196_C,1500.0,['implementation']
1196_B,1200.0,"['constructive algorithms', 'math']"
1196_A,800.0,"['brute force', 'constructive algorithms', 'math']"
1195_F,2500.0,"['data structures', 'geometry', 'math', 'sortings']"
1195_E,2100.0,"['data structures', 'two pointers']"
1195_D2,1800.0,"['combinatorics', 'math', 'number theory']"
1195_D1,1500.0,"['combinatorics', 'math', 'number theory']"
1195_C,1400.0,['dp']
1195_B,1000.0,"['binary search', 'brute force', 'math']"
1195_A,1000.0,"['greedy', 'math']"
1194_G,2700.0,['dp']
1194_F,2400.0,"['combinatorics', 'dp', 'number theory', 'probabilities', 'two pointers']"
1194_E,2200.0,"['bitmasks', 'brute force', 'data structures', 'geometry', 'sortings']"
1194_D,1700.0,"['games', 'math']"
1194_C,1300.0,"['implementation', 'strings']"
1194_B,1300.0,['implementation']
1194_A,800.0,['math']
1191_B,1200.0,"['brute force', 'implementation']"
1191_A,800.0,['brute force']
1190_F,3400.0,"['number theory', 'probabilities']"
1190_E,3100.0,"['binary search', 'greedy']"
1190_D,2000.0,"['data structures', 'divide and conquer', 'sortings', 'two pointers']"
1190_C,2300.0,"['brute force', 'games', 'greedy']"
1190_B,1800.0,['games']
1190_A,1400.0,"['implementation', 'two pointers']"
1189_C,1400.0,"['data structures', 'dp', 'implementation', 'math']"
1189_B,1100.0,"['greedy', 'math', 'sortings']"
1189_A,800.0,['strings']
1188_E,3300.0,['combinatorics']
1188_D,3100.0,['dp']
1188_C,2500.0,['dp']
1188_B,2300.0,"['math', 'matrices', 'number theory', 'two pointers']"
1188_A2,2500.0,"['constructive algorithms', 'dfs and similar', 'implementation', 'trees']"
1188_A1,1600.0,['trees']
1187_G,2500.0,"['flows', 'graphs']"
1187_F,2500.0,"['dp', 'math', 'probabilities']"
1187_E,2100.0,"['dfs and similar', 'dp', 'trees']"
1187_D,2400.0,"['data structures', 'sortings']"
1187_C,1800.0,"['constructive algorithms', 'greedy', 'implementation']"
1187_B,1300.0,"['binary search', 'implementation', 'strings']"
1187_A,900.0,['math']
1186_F,2400.0,"['dfs and similar', 'graphs', 'greedy', 'implementation']"
1186_E,2500.0,"['divide and conquer', 'implementation', 'math']"
1186_D,1500.0,"['constructive algorithms', 'greedy', 'math']"
1186_C,1800.0,"['implementation', 'math']"
1186_A,800.0,['implementation']
1185_G2,2600.0,"['combinatorics', 'dp']"
1185_G1,2100.0,"['bitmasks', 'combinatorics', 'dp']"
1185_F,2100.0,"['bitmasks', 'brute force']"
1185_E,2000.0,"['brute force', 'implementation']"
1185_D,1700.0,"['implementation', 'math']"
1185_C2,1700.0,"['brute force', 'data structures', 'greedy', 'math']"
1185_C1,1200.0,"['greedy', 'sortings']"
1185_B,1200.0,"['implementation', 'strings']"
1185_A,800.0,['math']
1184_E3,2400.0,"['data structures', 'dsu', 'graphs', 'trees']"
1184_E2,2100.0,"['dfs and similar', 'graphs', 'shortest paths', 'trees']"
1184_E1,1900.0,"['graphs', 'trees']"
1184_D2,3100.0,"['math', 'matrices']"
1184_D1,1600.0,['implementation']
1184_C3,3200.0,[]
1184_C2,2200.0,['data structures']
1184_C1,1600.0,['implementation']
1184_B3,2700.0,"['flows', 'shortest paths']"
1184_B2,2200.0,"['flows', 'graph matchings', 'graphs', 'shortest paths', 'sortings']"
1184_B1,1400.0,"['binary search', 'sortings']"
1184_A3,3100.0,"['fft', 'math', 'number theory']"
1184_A2,2100.0,"['brute force', 'number theory']"
1184_A1,1200.0,"['brute force', 'math', 'number theory']"
1183_H,1900.0,"['dp', 'strings']"
1183_G,2000.0,"['greedy', 'implementation', 'sortings']"
1183_F,2100.0,"['brute force', 'math', 'sortings']"
1183_E,2000.0,"['dp', 'graphs', 'implementation', 'shortest paths']"
1183_D,1400.0,"['greedy', 'sortings']"
1183_C,1400.0,"['binary search', 'math']"
1183_B,900.0,['math']
1183_A,800.0,['implementation']
1182_F,2700.0,"['binary search', 'data structures', 'number theory']"
1182_E,2300.0,"['dp', 'math', 'matrices', 'number theory']"
1182_D,2400.0,"['constructive algorithms', 'dfs and similar', 'dp', 'hashing', 'implementation', 'trees']"
1182_C,1700.0,"['data structures', 'greedy', 'strings']"
1182_B,1300.0,"['dfs and similar', 'implementation', 'strings']"
1182_A,1000.0,"['dp', 'math']"
1181_E2,3000.0,"['brute force', 'greedy', 'sortings']"
1181_E1,2500.0,"['brute force', 'divide and conquer', 'sortings']"
1181_D,2200.0,"['binary search', 'data structures', 'implementation', 'sortings', 'trees', 'two pointers']"
1181_C,1900.0,"['brute force', 'combinatorics', 'dp', 'implementation']"
1181_B,1500.0,"['greedy', 'implementation', 'strings']"
1181_A,1000.0,"['greedy', 'math']"
1180_B,1500.0,"['greedy', 'implementation']"
1180_A,800.0,"['dp', 'implementation', 'math']"
1179_E,3200.0,"['divide and conquer', 'interactive']"
1179_D,2700.0,"['data structures', 'dp', 'trees']"
1179_C,2200.0,"['binary search', 'data structures', 'graph matchings', 'greedy', 'implementation', 'math', 'trees']"
1179_B,1800.0,['constructive algorithms']
1179_A,1500.0,"['data structures', 'implementation']"
1178_H,3500.0,"['binary search', 'flows', 'graphs']"
1178_G,3000.0,"['data structures', 'dfs and similar']"
1178_F2,2600.0,['dp']
1178_F1,2200.0,"['combinatorics', 'dfs and similar', 'dp']"
1178_E,1900.0,"['brute force', 'constructive algorithms', 'greedy', 'strings']"
1178_D,1500.0,"['constructive algorithms', 'greedy', 'math', 'number theory']"
1178_C,1300.0,"['combinatorics', 'greedy', 'math']"
1178_B,1300.0,"['dp', 'strings']"
1178_A,800.0,['greedy']
1177_B,1800.0,"['binary search', 'divide and conquer', 'implementation']"
1177_A,1000.0,['implementation']
1176_F,2100.0,"['dp', 'implementation', 'sortings']"
1176_E,1700.0,"['dfs and similar', 'dsu', 'graphs', 'shortest paths', 'trees']"
1176_D,1800.0,"['dfs and similar', 'graphs', 'greedy', 'number theory', 'sortings']"
1176_C,1300.0,"['dp', 'greedy', 'implementation']"
1176_B,1100.0,['math']
1176_A,800.0,"['brute force', 'greedy', 'implementation']"
1175_G,3000.0,"['data structures', 'divide and conquer', 'dp', 'geometry', 'two pointers']"
1175_F,2500.0,"['brute force', 'data structures', 'divide and conquer', 'hashing', 'math']"
1175_E,2200.0,"['data structures', 'dfs and similar', 'divide and conquer', 'dp', 'greedy', 'implementation', 'trees']"
1175_D,1900.0,"['greedy', 'sortings']"
1175_C,1600.0,"['binary search', 'brute force', 'greedy']"
1175_B,1600.0,"['data structures', 'expression parsing', 'implementation']"
1175_A,900.0,"['implementation', 'math']"
1174_F,2400.0,"['constructive algorithms', 'divide and conquer', 'graphs', 'implementation', 'interactive', 'trees']"
1174_E,2500.0,"['combinatorics', 'dp', 'math', 'number theory']"
1174_D,1900.0,"['bitmasks', 'constructive algorithms']"
1174_C,1300.0,"['constructive algorithms', 'number theory']"
1174_B,1200.0,['sortings']
1174_A,1000.0,"['constructive algorithms', 'greedy', 'sortings']"
1173_B,1100.0,"['constructive algorithms', 'greedy']"
1173_A,800.0,['greedy']
1172_F,3300.0,['data structures']
1172_E,3300.0,['data structures']
1172_D,2900.0,['constructive algorithms']
1172_C2,2600.0,"['dp', 'probabilities']"
1172_C1,2300.0,"['dp', 'probabilities']"
1172_B,1900.0,"['combinatorics', 'dfs and similar', 'dp', 'trees']"
1172_A,1800.0,"['greedy', 'implementation']"
1169_B,1500.0,"['graphs', 'implementation']"
1169_A,900.0,"['implementation', 'math']"
1168_E,3100.0,"['constructive algorithms', 'math']"
1168_D,3000.0,"['dp', 'implementation', 'trees']"
1168_C,2200.0,"['bitmasks', 'dp']"
1168_B,1900.0,"['brute force', 'two pointers']"
1168_A,1700.0,"['binary search', 'greedy']"
1167_G,3100.0,"['brute force', 'geometry']"
1167_F,2300.0,"['combinatorics', 'data structures', 'math', 'sortings']"
1167_E,2100.0,"['binary search', 'combinatorics', 'data structures', 'two pointers']"
1167_D,1500.0,"['constructive algorithms', 'greedy']"
1167_C,1400.0,"['dfs and similar', 'dsu', 'graphs']"
1167_B,1400.0,"['brute force', 'divide and conquer', 'interactive', 'math']"
1167_A,800.0,"['brute force', 'greedy', 'strings']"
1166_F,2400.0,"['data structures', 'dsu', 'graphs', 'hashing']"
1166_E,2100.0,"['bitmasks', 'brute force', 'constructive algorithms', 'math', 'number theory']"
1166_D,2200.0,"['binary search', 'brute force', 'greedy', 'math']"
1166_C,1500.0,"['binary search', 'sortings', 'two pointers']"
1166_B,1100.0,"['constructive algorithms', 'math', 'number theory']"
1166_A,900.0,"['combinatorics', 'greedy']"
1165_F2,2000.0,"['binary search', 'greedy', 'implementation']"
1165_F1,2000.0,"['binary search', 'greedy']"
1165_E,1600.0,"['greedy', 'math', 'sortings']"
1165_D,1600.0,"['math', 'number theory']"
1165_C,1300.0,['greedy']
1165_B,1000.0,"['data structures', 'greedy', 'sortings']"
1165_A,1100.0,"['implementation', 'math']"
1163_F,3000.0,"['data structures', 'graphs', 'shortest paths']"
1163_E,2400.0,"['bitmasks', 'brute force', 'constructive algorithms', 'data structures', 'graphs', 'math']"
1163_D,2100.0,"['dp', 'strings']"
1163_C2,1900.0,"['data structures', 'geometry', 'implementation', 'math']"
1163_C1,1900.0,"['brute force', 'geometry']"
1163_B2,1600.0,"['data structures', 'implementation']"
1163_B1,1500.0,"['data structures', 'implementation']"
1163_A,900.0,"['greedy', 'math']"
1162_B,1400.0,"['brute force', 'greedy']"
1162_A,800.0,['implementation']
1159_B,1300.0,"['implementation', 'math']"
1159_A,800.0,"['implementation', 'math']"
1158_F,3500.0,"['dp', 'math']"
1158_E,3400.0,"['binary search', 'interactive', 'math', 'trees']"
1158_D,2600.0,"['constructive algorithms', 'geometry', 'greedy', 'math']"
1158_C,2100.0,"['constructive algorithms', 'data structures', 'dfs and similar', 'graphs', 'greedy', 'math', 'sortings']"
1158_B,2200.0,"['constructive algorithms', 'math', 'strings']"
1158_A,1500.0,"['binary search', 'constructive algorithms', 'greedy', 'implementation', 'math', 'sortings', 'two pointers']"
1157_G,2200.0,"['brute force', 'constructive algorithms']"
1157_F,2000.0,"['constructive algorithms', 'dp', 'greedy', 'two pointers']"
1157_E,1700.0,"['binary search', 'data structures', 'greedy']"
1157_D,1900.0,"['constructive algorithms', 'greedy', 'math']"
1157_C2,1700.0,['greedy']
1157_C1,1300.0,['greedy']
1157_B,1300.0,['greedy']
1157_A,1100.0,['implementation']
1156_G,2700.0,"['graphs', 'greedy', 'hashing', 'implementation']"
1156_F,2300.0,"['dp', 'math', 'probabilities']"
1156_E,2200.0,"['data structures', 'divide and conquer', 'dsu', 'two pointers']"
1156_D,2200.0,"['dfs and similar', 'divide and conquer', 'dp', 'dsu', 'trees']"
1156_C,2000.0,"['binary search', 'greedy', 'sortings', 'ternary search', 'two pointers']"
1156_B,1800.0,"['dfs and similar', 'greedy', 'implementation', 'sortings', 'strings']"
1156_A,1400.0,['geometry']
1155_F,2800.0,"['brute force', 'dp', 'graphs']"
1155_E,2200.0,"['brute force', 'interactive', 'math']"
1155_D,1900.0,"['brute force', 'data structures', 'divide and conquer', 'dp', 'greedy']"
1155_C,1300.0,"['math', 'number theory']"
1155_B,1200.0,"['games', 'greedy', 'implementation']"
1155_A,1000.0,"['implementation', 'sortings', 'strings']"
1154_G,2200.0,"['brute force', 'greedy', 'math', 'number theory']"
1154_F,2100.0,"['dp', 'greedy', 'sortings']"
1154_E,1800.0,"['data structures', 'implementation', 'sortings']"
1154_D,1500.0,['greedy']
1154_C,1400.0,"['implementation', 'math']"
1154_B,1200.0,['math']
1154_A,800.0,['math']
1153_F,2600.0,"['combinatorics', 'dp', 'math', 'probabilities']"
1153_E,2200.0,"['binary search', 'brute force', 'interactive']"
1153_D,1900.0,"['binary search', 'dfs and similar', 'dp', 'greedy', 'trees']"
1153_C,1700.0,"['greedy', 'strings']"
1153_B,1200.0,"['constructive algorithms', 'greedy']"
1153_A,1000.0,"['brute force', 'math']"
1152_F2,3000.0,"['bitmasks', 'dp', 'matrices']"
1152_F1,2800.0,"['bitmasks', 'dp', 'matrices']"
1152_E,2400.0,"['constructive algorithms', 'dfs and similar', 'graphs']"
1152_D,2100.0,"['dp', 'greedy', 'trees']"
1152_C,1800.0,"['brute force', 'math', 'number theory']"
1152_B,1300.0,"['bitmasks', 'constructive algorithms', 'dfs and similar', 'math']"
1152_A,800.0,"['greedy', 'implementation', 'math']"
1151_F,2300.0,"['combinatorics', 'dp', 'matrices', 'probabilities']"
1151_E,2100.0,"['combinatorics', 'data structures', 'dp', 'math']"
1151_D,1600.0,"['greedy', 'math', 'sortings']"
1151_C,1800.0,"['constructive algorithms', 'math']"
1151_B,1600.0,"['bitmasks', 'brute force', 'constructive algorithms', 'dp']"
1151_A,1000.0,"['brute force', 'strings']"
1150_B,900.0,"['greedy', 'implementation']"
1150_A,800.0,"['greedy', 'implementation']"
1149_E,3200.0,"['games', 'graphs']"
1149_D,3000.0,"['brute force', 'dp', 'graphs', 'greedy']"
1149_C,2700.0,"['data structures', 'implementation', 'trees']"
1149_B,2200.0,"['dp', 'implementation', 'strings']"
1149_A,1200.0,"['constructive algorithms', 'greedy', 'math', 'number theory']"
1148_H,3500.0,['data structures']
1148_G,3300.0,"['constructive algorithms', 'graphs', 'math', 'number theory', 'probabilities']"
1148_F,2700.0,"['bitmasks', 'constructive algorithms']"
1148_E,2300.0,"['constructive algorithms', 'greedy', 'math', 'sortings', 'two pointers']"
1148_D,1800.0,"['greedy', 'sortings']"
1148_C,1700.0,"['constructive algorithms', 'sortings']"
1148_B,1600.0,"['binary search', 'brute force', 'two pointers']"
1148_A,800.0,['greedy']
1147_F,3500.0,"['games', 'interactive']"
1147_E,3000.0,['interactive']
1147_D,2400.0,"['dfs and similar', 'graphs']"
1147_C,2000.0,['games']
1147_B,1900.0,"['brute force', 'strings']"
1147_A,1500.0,['graphs']
1146_H,2900.0,"['dp', 'geometry']"
1146_G,2700.0,"['dp', 'flows', 'graphs']"
1146_F,2500.0,"['dp', 'trees']"
1146_E,2400.0,"['bitmasks', 'data structures', 'divide and conquer', 'implementation']"
1146_D,2100.0,"['dfs and similar', 'math', 'number theory']"
1146_C,1700.0,"['bitmasks', 'graphs', 'interactive']"
1146_B,1100.0,"['implementation', 'strings']"
1146_A,800.0,"['implementation', 'strings']"
1144_G,2400.0,"['dp', 'greedy']"
1144_F,1700.0,"['dfs and similar', 'graphs']"
1144_E,1900.0,"['bitmasks', 'math', 'number theory', 'strings']"
1144_D,1400.0,"['constructive algorithms', 'greedy']"
1144_C,1000.0,"['constructive algorithms', 'sortings']"
1144_B,900.0,"['greedy', 'implementation', 'sortings']"
1144_A,800.0,"['implementation', 'strings']"
1143_C,1400.0,"['dfs and similar', 'trees']"
1143_B,1200.0,"['brute force', 'math', 'number theory']"
1143_A,800.0,['implementation']
1142_E,3200.0,"['graphs', 'interactive']"
1142_D,2800.0,['dp']
1142_C,2400.0,['geometry']
1142_B,2000.0,"['data structures', 'dfs and similar', 'dp', 'math', 'trees']"
1142_A,1700.0,"['brute force', 'math']"
1141_G,1900.0,"['binary search', 'constructive algorithms', 'dfs and similar', 'graphs', 'greedy', 'trees']"
1141_F2,1900.0,"['data structures', 'greedy']"
1141_F1,1900.0,['greedy']
1141_E,1700.0,['math']
1141_D,1500.0,"['greedy', 'implementation']"
1141_C,1500.0,['math']
1141_B,900.0,['implementation']
1141_A,1000.0,"['implementation', 'math']"
1140_G,2700.0,"['data structures', 'divide and conquer', 'shortest paths', 'trees']"
1140_F,2600.0,"['data structures', 'divide and conquer', 'dsu']"
1140_E,2200.0,"['combinatorics', 'divide and conquer', 'dp']"
1140_D,1200.0,"['dp', 'greedy', 'math']"
1140_C,1600.0,"['brute force', 'data structures', 'sortings']"
1140_B,1200.0,"['implementation', 'strings']"
1140_A,1000.0,['implementation']
1139_F,2500.0,"['data structures', 'divide and conquer']"
1139_E,2400.0,"['flows', 'graph matchings', 'graphs']"
1139_D,2300.0,"['dp', 'math', 'number theory', 'probabilities']"
1139_C,1500.0,"['dfs and similar', 'dsu', 'graphs', 'math', 'trees']"
1139_B,1000.0,"['greedy', 'implementation']"
1139_A,800.0,"['implementation', 'strings']"
1138_B,1800.0,"['brute force', 'greedy', 'math', 'strings']"
1138_A,900.0,"['binary search', 'greedy', 'implementation']"
1137_F,3400.0,"['data structures', 'trees']"
1137_E,2700.0,"['data structures', 'greedy']"
1137_D,2400.0,"['constructive algorithms', 'interactive', 'number theory']"
1137_C,2500.0,"['dp', 'graphs', 'implementation']"
1137_B,1600.0,"['greedy', 'hashing', 'strings']"
1137_A,1600.0,"['implementation', 'sortings']"
1136_E,2200.0,"['binary search', 'data structures']"
1136_D,1800.0,['greedy']
1136_C,1500.0,"['constructive algorithms', 'sortings']"
1136_B,1000.0,"['constructive algorithms', 'math']"
1136_A,800.0,['implementation']
1133_F2,1900.0,"['constructive algorithms', 'dfs and similar', 'dsu', 'graphs', 'greedy']"
1133_F1,1600.0,['graphs']
1133_E,1800.0,"['dp', 'sortings', 'two pointers']"
1133_D,1500.0,"['hashing', 'math', 'number theory']"
1133_C,1200.0,"['sortings', 'two pointers']"
1133_B,1200.0,"['math', 'number theory']"
1133_A,1000.0,['implementation']
1132_G,2400.0,"['data structures', 'dp', 'trees']"
1132_F,2000.0,['dp']
1132_E,2300.0,"['dfs and similar', 'dp', 'greedy']"
1132_D,2300.0,"['binary search', 'greedy']"
1132_C,1700.0,['brute force']
1132_B,900.0,"['greedy', 'sortings']"
1132_A,1100.0,"['greedy', 'implementation']"
1131_G,2700.0,"['data structures', 'dp', 'two pointers']"
1131_F,1700.0,"['constructive algorithms', 'dsu']"
1131_E,2300.0,"['dp', 'greedy', 'strings']"
1131_D,2000.0,"['dfs and similar', 'dp', 'dsu', 'graphs', 'greedy']"
1131_C,1200.0,"['binary search', 'greedy', 'sortings']"
1131_B,1400.0,"['greedy', 'implementation']"
1131_A,800.0,['math']
1130_C,1400.0,"['brute force', 'dfs and similar', 'dsu']"
1130_B,1200.0,['greedy']
1130_A,800.0,['implementation']
1129_E,3100.0,"['binary search', 'interactive', 'trees']"
1129_D,2900.0,"['data structures', 'dp']"
1129_C,2400.0,"['binary search', 'data structures', 'dp', 'hashing', 'sortings', 'string suffix structures', 'strings']"
1129_B,2000.0,['constructive algorithms']
1129_A2,1800.0,"['brute force', 'greedy']"
1129_A1,1700.0,"['brute force', 'greedy']"
1121_C,1600.0,['implementation']
1121_B,1200.0,"['brute force', 'implementation']"
1121_A,1100.0,"['implementation', 'sortings']"
1120_F,3100.0,"['data structures', 'dp', 'greedy']"
1120_E,2600.0,['brute force']
1120_D,2500.0,"['dfs and similar', 'dp', 'dsu', 'graphs', 'greedy', 'trees']"
1120_C,2100.0,"['dp', 'strings']"
1120_B,2700.0,"['constructive algorithms', 'greedy', 'implementation', 'math']"
1120_A,1900.0,"['greedy', 'implementation', 'two pointers']"
1119_H,3200.0,"['fft', 'math']"
1119_G,3100.0,"['constructive algorithms', 'implementation']"
1119_F,3400.0,"['data structures', 'dp', 'trees']"
1119_E,1900.0,"['brute force', 'dp', 'fft', 'greedy', 'ternary search']"
1119_D,1800.0,"['binary search', 'sortings']"
1119_C,1500.0,"['constructive algorithms', 'greedy', 'implementation', 'math']"
1119_B,1300.0,"['binary search', 'flows', 'greedy', 'sortings']"
1119_A,1100.0,"['greedy', 'implementation']"
1118_F2,2700.0,"['combinatorics', 'dfs and similar', 'dp', 'trees']"
1118_F1,1800.0,"['dfs and similar', 'trees']"
1118_E,1700.0,"['constructive algorithms', 'implementation']"
1118_D2,1700.0,"['binary search', 'greedy']"
1118_D1,1700.0,"['brute force', 'greedy']"
1118_C,1700.0,"['constructive algorithms', 'implementation']"
1118_B,1200.0,['implementation']
1118_A,800.0,['math']
1117_G,2500.0,['data structures']
1117_F,2500.0,"['bitmasks', 'dp']"
1117_E,2200.0,"['bitmasks', 'chinese remainder theorem', 'constructive algorithms', 'interactive', 'math']"
1117_D,2100.0,"['dp', 'math', 'matrices']"
1117_C,1900.0,['binary search']
1117_B,1000.0,"['greedy', 'math', 'sortings']"
1117_A,1100.0,"['implementation', 'math']"
1115_U3,1700.0,['*special']
1115_U2,1600.0,['*special']
1115_U1,1500.0,['*special']
1115_G3,1600.0,['*special']
1115_G2,1600.0,['*special']
1115_G1,1100.0,['*special']
1114_F,2400.0,"['bitmasks', 'data structures', 'divide and conquer', 'math', 'number theory']"
1114_E,2200.0,"['binary search', 'interactive', 'number theory', 'probabilities']"
1114_D,1900.0,['dp']
1114_C,1700.0,"['brute force', 'implementation', 'math', 'number theory']"
1114_B,1500.0,"['constructive algorithms', 'greedy', 'sortings']"
1114_A,800.0,"['brute force', 'greedy', 'implementation']"
1113_B,1300.0,"['greedy', 'number theory']"
1113_A,900.0,"['dp', 'greedy', 'math']"
1111_E,2500.0,"['data structures', 'dfs and similar', 'dp', 'graphs', 'trees']"
1111_D,2600.0,"['combinatorics', 'dp', 'math']"
1111_C,1700.0,"['binary search', 'brute force', 'divide and conquer', 'math']"
1111_B,1700.0,"['brute force', 'implementation', 'math']"
1111_A,1000.0,"['implementation', 'strings']"
1110_H,3500.0,"['dp', 'strings']"
1110_G,3100.0,"['constructive algorithms', 'games', 'trees']"
1110_F,2600.0,"['data structures', 'trees']"
1110_E,2200.0,"['constructive algorithms', 'math', 'sortings']"
1110_D,2200.0,['dp']
1110_C,1500.0,"['constructive algorithms', 'math', 'number theory']"
1110_B,1400.0,"['greedy', 'sortings']"
1110_A,900.0,['math']
1109_F,3200.0,"['data structures', 'trees']"
1109_E,2700.0,"['data structures', 'number theory']"
1109_D,2400.0,"['brute force', 'combinatorics', 'dp', 'math', 'trees']"
1109_C,2800.0,"['binary search', 'data structures', 'implementation']"
1109_B,1800.0,"['constructive algorithms', 'hashing', 'strings']"
1109_A,1600.0,"['dp', 'implementation']"
1108_F,2100.0,"['binary search', 'dsu', 'graphs', 'greedy']"
1108_E2,2100.0,"['data structures', 'implementation']"
1108_E1,1800.0,"['brute force', 'greedy', 'implementation']"
1108_D,1400.0,"['constructive algorithms', 'dp', 'greedy']"
1108_C,1300.0,"['brute force', 'greedy', 'math']"
1108_B,1100.0,"['brute force', 'greedy', 'math', 'number theory']"
1108_A,800.0,['implementation']
1107_G,2400.0,"['binary search', 'constructive algorithms', 'data structures', 'dp', 'dsu']"
1107_F,2600.0,"['dp', 'flows', 'graph matchings', 'graphs', 'sortings']"
1107_E,2400.0,['dp']
1107_D,1800.0,"['dp', 'implementation', 'math', 'number theory']"
1107_C,1300.0,"['greedy', 'sortings', 'two pointers']"
1107_B,1000.0,"['math', 'number theory']"
1107_A,900.0,"['greedy', 'strings']"
1106_F,2400.0,"['math', 'matrices', 'number theory']"
1106_E,2100.0,"['data structures', 'dp']"
1106_D,1500.0,"['data structures', 'dfs and similar', 'graphs', 'greedy', 'shortest paths']"
1106_C,900.0,"['greedy', 'implementation', 'math', 'sortings']"
1106_B,1500.0,"['data structures', 'implementation']"
1106_A,800.0,['implementation']
1105_E,2200.0,"['bitmasks', 'brute force', 'dp', 'meet-in-the-middle']"
1105_D,1900.0,"['dfs and similar', 'graphs', 'implementation', 'shortest paths']"
1105_C,1500.0,"['combinatorics', 'dp', 'math']"
1105_B,1100.0,"['brute force', 'implementation', 'strings']"
1105_A,1100.0,"['brute force', 'implementation']"
1104_B,1200.0,"['data structures', 'implementation', 'math']"
1104_A,800.0,"['constructive algorithms', 'implementation', 'math']"
1103_E,3400.0,"['fft', 'math', 'number theory']"
1103_D,3100.0,"['bitmasks', 'dp']"
1103_C,2700.0,"['constructive algorithms', 'dfs and similar', 'graphs', 'math']"
1103_B,2000.0,"['binary search', 'constructive algorithms', 'interactive']"
1103_A,1400.0,"['constructive algorithms', 'implementation']"
1102_F,2000.0,"['binary search', 'bitmasks', 'brute force', 'dp', 'graphs']"
1102_E,1700.0,"['combinatorics', 'sortings']"
1102_D,1500.0,"['greedy', 'strings']"
1102_C,1200.0,['games']
1102_B,1400.0,"['greedy', 'sortings']"
1102_A,800.0,['math']
1101_G,2300.0,"['math', 'matrices']"
1101_F,2400.0,"['binary search', 'dp']"
1101_E,1500.0,['implementation']
1101_D,2000.0,"['data structures', 'dfs and similar', 'dp', 'number theory', 'trees']"
1101_C,1500.0,['sortings']
1101_B,1300.0,"['greedy', 'implementation']"
1101_A,1000.0,['math']
1100_F,2500.0,"['data structures', 'divide and conquer', 'greedy', 'math']"
1100_E,2200.0,"['binary search', 'dfs and similar', 'graphs']"
1100_D,2500.0,"['constructive algorithms', 'games', 'interactive']"
1100_C,1200.0,"['binary search', 'geometry', 'math']"
1100_B,1300.0,"['data structures', 'implementation']"
1100_A,1000.0,['implementation']
1099_F,2400.0,"['binary search', 'data structures', 'dfs and similar', 'dp', 'games', 'trees']"
1099_C,1200.0,"['constructive algorithms', 'implementation']"
1099_B,1100.0,"['binary search', 'constructive algorithms', 'math']"
1099_A,800.0,['implementation']
1098_F,3500.0,"['string suffix structures', 'strings']"
1098_E,3400.0,"['binary search', 'implementation', 'math', 'number theory']"
1098_D,2800.0,['data structures']
1098_C,2400.0,"['binary search', 'constructive algorithms', 'dfs and similar', 'graphs', 'greedy', 'trees']"
1098_B,2100.0,"['brute force', 'constructive algorithms', 'greedy', 'math']"
1098_A,1600.0,"['constructive algorithms', 'dfs and similar', 'greedy', 'trees']"
1097_H,3400.0,"['bitmasks', 'brute force', 'dp', 'strings']"
1097_G,3000.0,"['combinatorics', 'dp', 'trees']"
1097_F,2500.0,"['bitmasks', 'combinatorics', 'number theory']"
1097_E,3400.0,"['constructive algorithms', 'greedy']"
1097_D,2200.0,"['dp', 'math', 'number theory', 'probabilities']"
1097_C,1400.0,"['greedy', 'implementation']"
1097_B,1200.0,"['bitmasks', 'brute force', 'dp']"
1097_A,800.0,"['brute force', 'implementation']"
1096_G,2400.0,"['divide and conquer', 'dp', 'fft']"
1096_F,2300.0,"['dp', 'math', 'probabilities']"
1096_E,2500.0,"['combinatorics', 'dp', 'math', 'probabilities']"
1096_D,1800.0,['dp']
1096_C,1600.0,"['brute force', 'geometry']"
1096_B,1300.0,"['combinatorics', 'math', 'strings']"
1096_A,800.0,"['greedy', 'implementation', 'math']"
1095_F,1900.0,"['dsu', 'graphs', 'greedy']"
1095_E,1900.0,['implementation']
1095_D,1600.0,['implementation']
1095_C,1400.0,"['bitmasks', 'greedy']"
1095_B,900.0,['implementation']
1095_A,800.0,['implementation']
1093_G,2300.0,"['bitmasks', 'data structures']"
1093_F,2400.0,['dp']
1093_E,2400.0,['data structures']
1093_D,1700.0,"['dfs and similar', 'graphs']"
1093_C,1300.0,['greedy']
1093_B,900.0,"['constructive algorithms', 'greedy', 'sortings', 'strings']"
1093_A,800.0,['math']
1092_F,1900.0,"['dfs and similar', 'dp', 'trees']"
1092_E,2000.0,"['constructive algorithms', 'dfs and similar', 'greedy', 'trees']"
1092_D2,2200.0,"['data structures', 'implementation']"
1092_D1,2200.0,"['greedy', 'implementation', 'math']"
1092_C,1700.0,['strings']
1092_B,800.0,['sortings']
1092_A,800.0,['implementation']
1091_H,3200.0,['games']
1091_G,3200.0,"['interactive', 'math', 'number theory']"
1091_F,2600.0,"['constructive algorithms', 'greedy']"
1091_E,2400.0,"['binary search', 'data structures', 'graphs', 'greedy', 'implementation', 'math', 'sortings']"
1091_D,1700.0,"['combinatorics', 'dp', 'math']"
1091_C,1400.0,"['math', 'number theory']"
1091_B,1200.0,"['brute force', 'constructive algorithms', 'greedy', 'implementation']"
1091_A,800.0,"['brute force', 'implementation', 'math']"
1090_M,1000.0,['implementation']
1090_L,2000.0,"['greedy', 'math']"
1090_K,2000.0,['math']
1090_J,2600.0,['strings']
1090_I,2000.0,[]
1090_H,2900.0,['graphs']
1090_G,2500.0,"['games', 'implementation']"
1090_F,2600.0,"['constructive algorithms', 'interactive']"
1090_E,2300.0,"['flows', 'graphs']"
1090_D,1800.0,['constructive algorithms']
1090_C,2400.0,"['constructive algorithms', 'data structures']"
1090_B,1900.0,[]
1090_A,1300.0,['greedy']
1089_M,2400.0,"['constructive algorithms', 'graphs']"
1089_L,900.0,[]
1089_K,2400.0,['data structures']
1089_J,3200.0,"['greedy', 'implementation']"
1089_I,2600.0,['combinatorics']
1089_H,3400.0,"['2-sat', 'dfs and similar', 'graphs']"
1089_G,1500.0,['math']
1089_F,1900.0,['math']
1089_E,1700.0,['constructive algorithms']
1089_D,3100.0,['graphs']
1089_C,2500.0,['interactive']
1089_B,3200.0,['graphs']
1089_A,2200.0,['dp']
1088_F,2800.0,"['data structures', 'trees']"
1088_E,2400.0,"['dp', 'greedy', 'math', 'trees']"
1088_D,2000.0,"['bitmasks', 'constructive algorithms', 'implementation', 'interactive']"
1088_C,1400.0,"['constructive algorithms', 'greedy', 'math']"
1088_B,1000.0,"['implementation', 'sortings']"
1088_A,800.0,"['brute force', 'constructive algorithms']"
1086_F,3500.0,['math']
1085_G,2900.0,"['combinatorics', 'data structures', 'dp']"
1085_F,2500.0,[]
1085_E,2300.0,"['greedy', 'implementation', 'strings']"
1085_D,1700.0,"['constructive algorithms', 'implementation', 'trees']"
1085_C,1600.0,"['implementation', 'math']"
1085_B,1100.0,['math']
1085_A,800.0,"['implementation', 'strings']"
1084_C,1500.0,"['combinatorics', 'dp', 'implementation']"
1084_B,1200.0,"['greedy', 'implementation']"
1084_A,1000.0,"['brute force', 'implementation']"
1083_F,3300.0,['data structures']
1083_E,2400.0,"['data structures', 'dp', 'geometry']"
1083_D,3500.0,"['data structures', 'implementation']"
1083_C,2900.0,"['data structures', 'trees']"
1083_B,2000.0,"['greedy', 'strings']"
1083_A,1800.0,"['data structures', 'dp', 'trees']"
1082_G,2400.0,"['flows', 'graphs']"
1082_F,2800.0,"['dp', 'strings', 'trees']"
1082_E,2000.0,"['binary search', 'dp', 'greedy']"
1082_D,1800.0,"['constructive algorithms', 'graphs', 'implementation']"
1082_C,1600.0,"['greedy', 'sortings']"
1082_B,1600.0,['greedy']
1082_A,1200.0,"['implementation', 'math']"
1081_H,3500.0,"['data structures', 'hashing', 'strings']"
1081_G,3200.0,"['math', 'probabilities']"
1081_F,2600.0,"['constructive algorithms', 'implementation', 'interactive']"
1081_E,1900.0,"['binary search', 'constructive algorithms', 'greedy', 'math', 'number theory']"
1081_D,1800.0,"['dsu', 'graphs', 'shortest paths', 'sortings']"
1081_C,1500.0,"['combinatorics', 'dp', 'math']"
1081_B,1500.0,"['constructive algorithms', 'implementation']"
1081_A,800.0,"['constructive algorithms', 'math']"
1080_F,2400.0,"['data structures', 'interactive', 'sortings']"
1080_E,2400.0,['strings']
1080_D,2000.0,"['constructive algorithms', 'implementation', 'math']"
1080_C,1500.0,['implementation']
1080_B,900.0,['math']
1080_A,800.0,['math']
1078_E,3400.0,['constructive algorithms']
1077_F2,2100.0,"['data structures', 'dp']"
1077_F1,1900.0,['dp']
1077_E,1800.0,"['greedy', 'sortings']"
1077_D,1600.0,"['binary search', 'sortings']"
1077_C,1300.0,[]
1077_B,1000.0,['greedy']
1077_A,800.0,['math']
1076_G,3000.0,"['data structures', 'games']"
1076_F,2500.0,"['dp', 'greedy']"
1076_E,1900.0,"['data structures', 'trees']"
1076_D,1800.0,"['graphs', 'greedy', 'shortest paths']"
1076_C,1300.0,"['binary search', 'math']"
1076_B,1200.0,"['implementation', 'math', 'number theory']"
1076_A,1200.0,"['greedy', 'strings']"
1075_B,1200.0,"['implementation', 'sortings']"
1075_A,800.0,"['implementation', 'math']"
1073_G,2600.0,"['data structures', 'string suffix structures']"
1073_F,2500.0,"['dfs and similar', 'dp', 'greedy', 'trees']"
1073_E,2300.0,"['bitmasks', 'combinatorics', 'dp', 'math']"
1073_D,1700.0,"['binary search', 'brute force', 'data structures', 'greedy']"
1073_C,1800.0,"['binary search', 'two pointers']"
1073_B,1000.0,"['implementation', 'math']"
1073_A,1000.0,"['implementation', 'strings']"
1071_E,3500.0,"['binary search', 'geometry']"
1070_M,3000.0,"['constructive algorithms', 'divide and conquer', 'geometry']"
1070_L,2600.0,['constructive algorithms']
1070_K,1100.0,['implementation']
1070_J,2300.0,['dp']
1070_I,2400.0,"['flows', 'graph matchings', 'graphs']"
1070_H,1500.0,"['brute force', 'implementation']"
1070_G,2300.0,"['brute force', 'dp', 'greedy', 'implementation']"
1070_F,1500.0,['greedy']
1070_E,2100.0,"['binary search', 'data structures']"
1070_D,1300.0,['greedy']
1070_C,2000.0,"['data structures', 'greedy']"
1070_B,2400.0,"['data structures', 'greedy']"
1070_A,2200.0,"['dp', 'graphs', 'number theory', 'shortest paths']"
1068_C,1700.0,"['constructive algorithms', 'graphs']"
1068_B,1200.0,"['math', 'number theory']"
1068_A,1400.0,['math']
1067_E,2800.0,"['dp', 'graph matchings', 'math', 'trees']"
1067_D,3100.0,"['dp', 'greedy', 'math', 'probabilities']"
1067_C,2600.0,['constructive algorithms']
1067_B,1800.0,"['dfs and similar', 'graphs', 'shortest paths']"
1067_A,1900.0,['dp']
1066_F,2100.0,['dp']
1066_E,1700.0,"['data structures', 'implementation', 'math']"
1066_D,1800.0,"['binary search', 'implementation']"
1066_C,1400.0,['implementation']
1066_B,1500.0,"['greedy', 'two pointers']"
1066_A,1100.0,['math']
1065_G,2700.0,['strings']
1065_F,2500.0,"['dfs and similar', 'dp', 'trees']"
1065_E,2300.0,"['combinatorics', 'strings']"
1065_D,2200.0,"['dfs and similar', 'dp', 'shortest paths']"
1065_C,1600.0,['greedy']
1065_B,1300.0,"['constructive algorithms', 'graphs']"
1065_A,800.0,"['implementation', 'math']"
1064_B,1200.0,['math']
1064_A,800.0,"['brute force', 'geometry', 'math']"
1063_F,3300.0,"['data structures', 'dp', 'string suffix structures']"
1063_E,3000.0,"['constructive algorithms', 'math']"
1063_D,2600.0,"['brute force', 'math']"
1063_C,1900.0,"['binary search', 'constructive algorithms', 'geometry', 'interactive']"
1063_B,1800.0,"['graphs', 'shortest paths']"
1063_A,1300.0,"['constructive algorithms', 'strings']"
1062_F,2900.0,"['dfs and similar', 'graphs']"
1062_E,2300.0,"['binary search', 'data structures', 'dfs and similar', 'greedy', 'trees']"
1062_D,1800.0,"['dfs and similar', 'graphs', 'implementation', 'math']"
1062_C,1600.0,"['greedy', 'implementation', 'math']"
1062_B,1500.0,"['greedy', 'math', 'number theory']"
1062_A,1300.0,"['greedy', 'implementation']"
1061_F,2400.0,"['interactive', 'probabilities']"
1061_E,2600.0,"['flows', 'graphs']"
1061_D,2000.0,"['data structures', 'greedy', 'implementation', 'sortings']"
1061_C,1700.0,"['data structures', 'dp', 'implementation', 'math', 'number theory']"
1061_B,1400.0,"['greedy', 'implementation', 'sortings']"
1061_A,800.0,"['greedy', 'implementation', 'math']"
1060_H,3300.0,['constructive algorithms']
1060_G,3400.0,['data structures']
1060_F,2900.0,"['combinatorics', 'dp']"
1060_E,2000.0,"['dfs and similar', 'dp', 'trees']"
1060_D,1900.0,"['greedy', 'math']"
1060_C,1600.0,"['binary search', 'implementation', 'two pointers']"
1060_B,1100.0,['greedy']
1060_A,800.0,['brute force']
1059_E,2400.0,"['binary search', 'data structures', 'dp', 'greedy', 'trees']"
1059_D,2200.0,"['binary search', 'geometry', 'ternary search']"
1059_C,1600.0,"['constructive algorithms', 'math']"
1059_B,1300.0,['implementation']
1059_A,1000.0,['implementation']
1057_C,2000.0,"['*special', 'dp']"
1057_B,1400.0,"['*special', 'brute force']"
1057_A,900.0,"['*special', 'dfs and similar', 'trees']"
1056_H,3200.0,"['data structures', 'strings']"
1056_G,2900.0,"['brute force', 'data structures', 'graphs']"
1056_F,2500.0,"['binary search', 'dp', 'math']"
1056_E,2100.0,"['brute force', 'data structures', 'hashing', 'strings']"
1056_D,1600.0,"['constructive algorithms', 'dfs and similar', 'dp', 'graphs', 'greedy', 'sortings', 'trees']"
1056_C,1700.0,"['greedy', 'implementation', 'interactive', 'sortings']"
1056_B,1600.0,"['math', 'number theory']"
1056_A,800.0,['implementation']
1055_G,3500.0,[]
1055_F,2900.0,"['strings', 'trees']"
1055_E,2500.0,"['binary search', 'dp']"
1055_D,2400.0,"['greedy', 'implementation', 'strings']"
1055_C,1900.0,"['math', 'number theory']"
1055_B,1300.0,"['dsu', 'implementation']"
1055_A,900.0,['graphs']
1054_H,3500.0,"['chinese remainder theorem', 'fft', 'math', 'number theory']"
1054_G,3300.0,"['constructive algorithms', 'greedy', 'math']"
1054_F,2700.0,"['flows', 'graph matchings']"
1054_E,2400.0,"['constructive algorithms', 'implementation', 'math']"
1054_D,1900.0,"['greedy', 'implementation']"
1054_C,1500.0,"['constructive algorithms', 'implementation']"
1054_B,1000.0,['implementation']
1054_A,800.0,['implementation']
1053_E,3500.0,"['constructive algorithms', 'trees']"
1051_G,2900.0,"['data structures', 'dsu', 'greedy']"
1051_F,2400.0,"['graphs', 'shortest paths', 'trees']"
1051_E,2600.0,"['binary search', 'data structures', 'dp', 'hashing', 'strings']"
1051_D,1700.0,"['bitmasks', 'dp']"
1051_C,1500.0,"['brute force', 'dp', 'greedy', 'implementation', 'math']"
1051_B,1000.0,"['greedy', 'math', 'number theory']"
1051_A,1200.0,"['greedy', 'implementation', 'strings']"
1047_B,900.0,"['geometry', 'math']"
1047_A,800.0,['math']
1046_I,2300.0,['geometry']
1046_F,1400.0,['implementation']
1046_C,1400.0,['greedy']
1045_J,2600.0,"['data structures', 'strings', 'trees']"
1045_I,1600.0,"['hashing', 'strings']"
1045_H,2400.0,['math']
1045_G,2200.0,['data structures']
1045_F,3400.0,"['geometry', 'math']"
1045_E,3200.0,"['constructive algorithms', 'geometry']"
1045_D,2200.0,"['math', 'probabilities', 'trees']"
1045_C,2300.0,"['dfs and similar', 'graphs', 'trees']"
1045_B,2400.0,"['hashing', 'number theory']"
1045_A,2500.0,"['data structures', 'flows', 'graph matchings', 'graphs', 'trees']"
1044_F,2700.0,['data structures']
1044_E,3100.0,['implementation']
1044_D,2400.0,"['data structures', 'dsu']"
1044_C,2100.0,"['dp', 'geometry']"
1044_B,1900.0,"['dfs and similar', 'interactive', 'trees']"
1044_A,1700.0,"['binary search', 'two pointers']"
1043_G,3500.0,"['data structures', 'divide and conquer', 'hashing', 'string suffix structures', 'strings']"
1043_F,2500.0,"['bitmasks', 'combinatorics', 'dp', 'math', 'number theory', 'shortest paths']"
1043_E,1900.0,"['constructive algorithms', 'greedy', 'math', 'sortings']"
1043_D,1700.0,"['brute force', 'combinatorics', 'math', 'meet-in-the-middle', 'two pointers']"
1043_C,1500.0,"['constructive algorithms', 'greedy', 'implementation']"
1043_B,1200.0,['implementation']
1043_A,800.0,"['implementation', 'math']"
1042_F,2400.0,"['data structures', 'dfs and similar', 'dsu', 'graphs', 'greedy', 'sortings', 'trees']"
1042_E,2300.0,"['dp', 'math', 'probabilities']"
1042_D,1800.0,"['data structures', 'divide and conquer', 'two pointers']"
1042_C,1700.0,"['constructive algorithms', 'greedy', 'math']"
1042_B,1200.0,"['bitmasks', 'brute force', 'dp', 'implementation']"
1042_A,1100.0,"['binary search', 'implementation']"
1041_F,2500.0,"['data structures', 'divide and conquer', 'dp', 'math']"
1041_E,1900.0,"['constructive algorithms', 'data structures', 'graphs', 'greedy']"
1041_D,1700.0,"['binary search', 'data structures', 'two pointers']"
1041_C,1600.0,"['binary search', 'data structures', 'greedy', 'two pointers']"
1041_B,1000.0,['math']
1041_A,800.0,"['greedy', 'implementation', 'sortings']"
1040_B,1300.0,"['dp', 'greedy', 'math']"
1040_A,1000.0,['greedy']
1039_E,3400.0,['data structures']
1039_D,2800.0,"['data structures', 'dp', 'trees']"
1039_C,2200.0,"['dfs and similar', 'dsu', 'graphs', 'math', 'sortings']"
1039_B,2100.0,"['binary search', 'interactive', 'probabilities']"
1039_A,2300.0,"['constructive algorithms', 'data structures', 'greedy', 'math']"
1038_F,2900.0,"['dp', 'strings']"
1038_E,2400.0,"['bitmasks', 'brute force', 'dfs and similar', 'dp', 'graphs']"
1038_D,1800.0,"['dp', 'greedy', 'implementation']"
1038_C,1300.0,"['greedy', 'sortings']"
1038_B,1100.0,"['constructive algorithms', 'math']"
1038_A,800.0,"['implementation', 'strings']"
1037_H,3200.0,"['data structures', 'string suffix structures']"
1037_G,3200.0,['games']
1037_F,2500.0,"['combinatorics', 'data structures', 'math']"
1037_E,2200.0,['graphs']
1037_D,1700.0,"['dfs and similar', 'graphs', 'shortest paths', 'trees']"
1037_C,1300.0,"['dp', 'greedy', 'strings']"
1037_B,1300.0,['greedy']
1037_A,1300.0,"['constructive algorithms', 'greedy', 'math']"
1036_G,2700.0,"['bitmasks', 'brute force', 'dfs and similar']"
1036_F,2400.0,"['combinatorics', 'math', 'number theory']"
1036_E,2400.0,"['fft', 'geometry', 'number theory']"
1036_D,1600.0,"['greedy', 'two pointers']"
1036_C,1900.0,"['combinatorics', 'dp']"
1036_B,1600.0,['math']
1036_A,1000.0,['math']
1034_E,3200.0,"['bitmasks', 'dp', 'math']"
1034_D,3500.0,"['binary search', 'data structures', 'two pointers']"
1034_C,2700.0,"['combinatorics', 'dp', 'number theory', 'trees']"
1034_B,2200.0,"['brute force', 'constructive algorithms', 'flows', 'graph matchings']"
1034_A,1800.0,['number theory']
1033_G,3500.0,['games']
1033_F,2800.0,"['bitmasks', 'brute force', 'fft', 'math']"
1033_E,2800.0,"['binary search', 'constructive algorithms', 'dfs and similar', 'graphs', 'interactive']"
1033_D,2000.0,"['interactive', 'math', 'number theory']"
1033_C,1600.0,"['brute force', 'dp', 'games']"
1033_B,1100.0,"['math', 'number theory']"
1033_A,1000.0,"['dfs and similar', 'graphs', 'implementation']"
1032_G,2900.0,[]
1032_F,2400.0,"['dp', 'trees']"
1032_E,2100.0,"['dp', 'math']"
1032_D,1900.0,"['geometry', 'implementation']"
1032_C,1700.0,"['constructive algorithms', 'dp']"
1032_B,1200.0,[]
1032_A,900.0,[]
1031_F,2800.0,"['brute force', 'graphs', 'math']"
1031_E,2600.0,['constructive algorithms']
1031_D,1900.0,['greedy']
1031_C,1600.0,['greedy']
1031_B,1500.0,[]
1031_A,800.0,"['implementation', 'math']"
1030_G,2900.0,['number theory']
1030_F,2500.0,['data structures']
1030_E,2000.0,"['bitmasks', 'dp']"
1030_D,1800.0,"['geometry', 'number theory']"
1030_C,1300.0,['implementation']
1030_B,1100.0,['geometry']
1030_A,800.0,['implementation']
1029_F,2000.0,"['binary search', 'brute force', 'math', 'number theory']"
1029_E,2100.0,"['dp', 'graphs', 'greedy']"
1029_D,1900.0,"['implementation', 'math']"
1029_C,1600.0,"['greedy', 'math', 'sortings']"
1029_B,1200.0,"['dp', 'greedy', 'math']"
1029_A,1300.0,"['implementation', 'strings']"
1028_H,2900.0,['math']
1028_G,3000.0,"['dp', 'interactive']"
1028_F,2900.0,['brute force']
1028_E,2400.0,['constructive algorithms']
1028_D,2100.0,"['combinatorics', 'data structures', 'greedy']"
1028_C,1600.0,"['geometry', 'implementation', 'sortings']"
1028_B,1200.0,"['constructive algorithms', 'math']"
1028_A,800.0,['implementation']
1027_G,2600.0,"['bitmasks', 'math', 'number theory']"
1027_F,2400.0,"['binary search', 'dfs and similar', 'dsu', 'graph matchings', 'graphs']"
1027_E,2100.0,"['combinatorics', 'dp', 'math']"
1027_D,1700.0,"['dfs and similar', 'graphs']"
1027_C,1600.0,['greedy']
1027_B,1200.0,"['implementation', 'math']"
1027_A,1000.0,"['implementation', 'strings']"
1025_G,3200.0,"['constructive algorithms', 'math']"
1025_F,2700.0,['geometry']
1025_E,2700.0,"['constructive algorithms', 'implementation', 'matrices']"
1025_D,2100.0,"['brute force', 'dp', 'math', 'number theory', 'trees']"
1025_C,1600.0,"['constructive algorithms', 'implementation']"
1025_B,1600.0,"['brute force', 'greedy', 'number theory']"
1025_A,900.0,"['implementation', 'sortings']"
1023_G,3400.0,"['data structures', 'flows', 'trees']"
1023_F,2600.0,"['dfs and similar', 'dsu', 'graphs', 'trees']"
1023_E,2100.0,"['constructive algorithms', 'interactive', 'matrices']"
1023_D,1700.0,"['constructive algorithms', 'data structures']"
1023_C,1200.0,['greedy']
1023_B,1000.0,['math']
1023_A,1200.0,"['brute force', 'implementation', 'strings']"
1020_B,1000.0,"['brute force', 'dfs and similar', 'graphs']"
1020_A,1000.0,['math']
1019_E,3200.0,"['data structures', 'divide and conquer', 'trees']"
1019_D,2700.0,"['binary search', 'geometry', 'sortings']"
1019_C,3000.0,"['constructive algorithms', 'graphs']"
1019_B,2000.0,"['binary search', 'interactive']"
1019_A,1700.0,"['brute force', 'greedy']"
1017_H,3300.0,['brute force']
1017_G,3200.0,['data structures']
1017_F,2500.0,"['brute force', 'math']"
1017_E,2400.0,"['geometry', 'hashing', 'strings']"
1017_D,1900.0,"['bitmasks', 'brute force', 'data structures']"
1017_C,1600.0,"['constructive algorithms', 'greedy']"
1017_B,1200.0,"['implementation', 'math']"
1017_A,800.0,['implementation']
1016_G,2700.0,"['bitmasks', 'math', 'number theory']"
1016_F,2600.0,"['dfs and similar', 'dp', 'trees']"
1016_E,2400.0,"['binary search', 'geometry']"
1016_D,1800.0,"['constructive algorithms', 'flows', 'math']"
1016_C,1800.0,"['dp', 'implementation']"
1016_B,1300.0,"['brute force', 'implementation']"
1016_A,900.0,"['greedy', 'implementation', 'math']"
1015_F,2300.0,"['dp', 'strings']"
1015_E2,1900.0,"['binary search', 'dp', 'greedy']"
1015_E1,1700.0,"['brute force', 'dp', 'greedy']"
1015_D,1600.0,"['constructive algorithms', 'greedy']"
1015_C,1100.0,['sortings']
1015_B,1200.0,['implementation']
1015_A,800.0,['implementation']
1013_B,1200.0,['greedy']
1013_A,800.0,['math']
1012_F,3400.0,"['dp', 'implementation']"
1012_E,3100.0,"['dsu', 'math']"
1012_D,2800.0,"['constructive algorithms', 'strings']"
1012_C,1900.0,['dp']
1012_B,1900.0,"['constructive algorithms', 'dfs and similar', 'dsu', 'graphs', 'matrices']"
1012_A,1500.0,"['brute force', 'implementation', 'math', 'sortings']"
1011_B,1200.0,"['binary search', 'brute force', 'implementation']"
1011_A,900.0,"['greedy', 'implementation', 'sortings']"
1010_F,3400.0,"['fft', 'graphs', 'trees']"
1010_E,2700.0,['data structures']
1010_D,2000.0,"['dfs and similar', 'graphs', 'implementation', 'trees']"
1010_C,1800.0,['number theory']
1010_B,1800.0,"['binary search', 'interactive']"
1010_A,1500.0,"['binary search', 'math']"
1009_G,2400.0,"['bitmasks', 'flows', 'graph matchings', 'graphs', 'greedy']"
1009_F,2300.0,"['data structures', 'dsu', 'trees']"
1009_E,2000.0,"['combinatorics', 'math', 'probabilities']"
1009_D,1700.0,"['brute force', 'constructive algorithms', 'graphs', 'greedy', 'math']"
1009_C,1700.0,"['greedy', 'math']"
1009_B,1400.0,"['greedy', 'implementation']"
1009_A,800.0,['implementation']
1008_B,1000.0,"['greedy', 'sortings']"
1008_A,900.0,"['implementation', 'strings']"
1007_E,3400.0,['dp']
1007_D,3200.0,"['2-sat', 'data structures', 'trees']"
1007_C,3000.0,"['binary search', 'interactive']"
1007_B,2400.0,"['bitmasks', 'brute force', 'combinatorics', 'math', 'number theory']"
1007_A,1300.0,"['combinatorics', 'data structures', 'math', 'sortings', 'two pointers']"
1006_F,2100.0,"['bitmasks', 'brute force', 'dp', 'meet-in-the-middle']"
1006_E,1600.0,"['dfs and similar', 'graphs', 'trees']"
1006_D,1700.0,['implementation']
1006_C,1200.0,"['binary search', 'data structures', 'two pointers']"
1006_B,1200.0,"['greedy', 'implementation', 'sortings']"
1006_A,800.0,['implementation']
1005_F,2100.0,"['brute force', 'dfs and similar', 'graphs', 'shortest paths']"
1005_E2,2400.0,['sortings']
1005_E1,1800.0,['sortings']
1005_D,1500.0,"['dp', 'greedy', 'number theory']"
1005_C,1300.0,"['brute force', 'greedy', 'implementation']"
1005_B,900.0,"['brute force', 'implementation', 'strings']"
1005_A,800.0,['implementation']
1004_F,2600.0,"['bitmasks', 'data structures', 'divide and conquer']"
1004_E,2400.0,"['binary search', 'data structures', 'dp', 'greedy', 'shortest paths', 'trees']"
1004_D,2300.0,"['brute force', 'constructive algorithms', 'implementation']"
1004_C,1400.0,"['constructive algorithms', 'implementation']"
1004_B,1300.0,"['constructive algorithms', 'greedy', 'implementation', 'math']"
1004_A,900.0,['implementation']
1003_F,2200.0,"['dp', 'hashing', 'strings']"
1003_E,2100.0,"['constructive algorithms', 'graphs']"
1003_D,1600.0,['greedy']
1003_C,1300.0,"['brute force', 'implementation', 'math']"
1003_B,1300.0,['constructive algorithms']
1003_A,800.0,['implementation']
1002_E2,1900.0,['*special']
1002_E1,1500.0,['*special']
1002_D3,1600.0,['*special']
1002_D2,1300.0,['*special']
1002_D1,1200.0,['*special']
1002_C2,1800.0,['*special']
1002_C1,1700.0,['*special']
1002_B4,1700.0,['*special']
1002_B3,1600.0,['*special']
1002_B2,1600.0,['*special']
1002_B1,1300.0,['*special']
1002_A4,1900.0,['*special']
1002_A3,1500.0,['*special']
1002_A2,1300.0,['*special']
1002_A1,800.0,['*special']
1001_I,1700.0,['*special']
1001_H,1200.0,['*special']
1001_G,1400.0,['*special']
1001_F,1300.0,['*special']
1001_E,1600.0,['*special']
1001_D,1400.0,['*special']
1001_C,1400.0,['*special']
1001_B,1400.0,['*special']
1001_A,1100.0,['*special']
1000_G,2700.0,"['data structures', 'dp', 'trees']"
1000_F,2400.0,"['data structures', 'divide and conquer']"
1000_E,2100.0,"['dfs and similar', 'graphs', 'trees']"
1000_D,1900.0,"['combinatorics', 'dp']"
1000_C,1700.0,"['data structures', 'implementation', 'sortings']"
1000_B,1500.0,['greedy']
1000_A,1200.0,"['greedy', 'implementation']"
999_F,2000.0,['dp']
999_E,2000.0,"['dfs and similar', 'graphs', 'greedy']"
999_D,1900.0,"['data structures', 'greedy', 'implementation']"
999_C,1200.0,['implementation']
999_B,900.0,['implementation']
999_A,800.0,"['brute force', 'implementation']"
998_B,1200.0,"['dp', 'greedy', 'sortings']"
998_A,1000.0,"['constructive algorithms', 'implementation']"
997_E,3000.0,['data structures']
997_D,2900.0,"['combinatorics', 'divide and conquer', 'trees']"
997_C,2500.0,"['combinatorics', 'math']"
997_B,2000.0,"['brute force', 'combinatorics', 'dp', 'greedy', 'math']"
997_A,1500.0,"['brute force', 'greedy', 'implementation', 'math']"
996_B,1300.0,"['binary search', 'math']"
996_A,800.0,"['dp', 'greedy']"
995_F,2700.0,"['combinatorics', 'dp', 'math', 'trees']"
995_E,2700.0,"['divide and conquer', 'graphs', 'meet-in-the-middle', 'number theory']"
995_D,2500.0,['math']
995_C,2300.0,"['brute force', 'data structures', 'geometry', 'greedy', 'math', 'sortings']"
995_B,1400.0,"['greedy', 'implementation', 'math']"
995_A,2100.0,"['constructive algorithms', 'implementation']"
994_B,1400.0,"['greedy', 'implementation', 'sortings']"
994_A,800.0,['implementation']
993_F,3200.0,[]
993_E,2300.0,"['chinese remainder theorem', 'fft', 'math']"
993_D,2500.0,"['binary search', 'dp', 'greedy']"
993_C,2100.0,"['bitmasks', 'brute force', 'geometry']"
993_B,1900.0,"['bitmasks', 'brute force']"
993_A,1600.0,"['geometry', 'implementation']"
992_E,2500.0,"['binary search', 'data structures']"
992_D,2100.0,"['brute force', 'implementation', 'math']"
992_C,1600.0,['math']
992_B,1600.0,"['math', 'number theory']"
992_A,800.0,"['implementation', 'sortings']"
991_F,2700.0,"['brute force', 'greedy', 'implementation', 'math']"
991_E,1800.0,"['brute force', 'combinatorics', 'math']"
991_D,1500.0,"['dp', 'greedy']"
991_C,1500.0,"['binary search', 'implementation']"
991_B,900.0,"['greedy', 'sortings']"
991_A,1000.0,['implementation']
990_G,2400.0,"['divide and conquer', 'dp', 'dsu', 'number theory', 'trees']"
990_F,2400.0,"['dfs and similar', 'dp', 'greedy', 'trees']"
990_E,2100.0,"['brute force', 'greedy']"
990_D,1700.0,"['constructive algorithms', 'graphs', 'implementation']"
990_C,1500.0,['implementation']
990_B,1200.0,"['greedy', 'sortings']"
990_A,1000.0,"['implementation', 'math']"
989_E,2700.0,"['dp', 'geometry', 'matrices', 'probabilities']"
989_D,2500.0,"['binary search', 'geometry', 'math', 'sortings', 'two pointers']"
989_C,1800.0,"['constructive algorithms', 'graphs']"
989_B,1200.0,"['constructive algorithms', 'strings']"
989_A,900.0,"['implementation', 'strings']"
988_F,2100.0,['dp']
988_E,2100.0,"['brute force', 'greedy']"
988_D,1800.0,"['brute force', 'math']"
988_C,1400.0,"['implementation', 'sortings']"
988_B,1100.0,"['sortings', 'strings']"
988_A,800.0,"['brute force', 'implementation']"
987_C,1400.0,"['brute force', 'dp', 'implementation']"
987_B,1100.0,['math']
987_A,800.0,['implementation']
986_F,3300.0,"['graphs', 'math', 'number theory', 'shortest paths']"
986_E,2800.0,"['brute force', 'data structures', 'math', 'number theory', 'trees']"
986_D,3100.0,"['fft', 'math']"
986_C,2500.0,"['bitmasks', 'dfs and similar', 'dsu', 'graphs']"
986_B,1800.0,"['combinatorics', 'math']"
986_A,1600.0,"['graphs', 'greedy', 'number theory', 'shortest paths']"
985_G,2700.0,['combinatorics']
985_F,2300.0,"['hashing', 'strings']"
985_E,2100.0,"['binary search', 'data structures', 'dp', 'greedy', 'two pointers']"
985_D,2100.0,"['binary search', 'constructive algorithms', 'math']"
985_C,1500.0,['greedy']
985_B,1200.0,['implementation']
985_A,1100.0,['implementation']
984_B,1100.0,['implementation']
984_A,800.0,['sortings']
983_E,2800.0,"['binary search', 'data structures', 'trees']"
983_D,3300.0,['data structures']
983_C,2400.0,"['dp', 'graphs', 'shortest paths']"
983_B,1800.0,['dp']
983_A,1700.0,"['implementation', 'math']"
982_F,2700.0,"['dfs and similar', 'graphs']"
982_E,2600.0,"['geometry', 'number theory']"
982_D,1900.0,"['brute force', 'data structures', 'dsu', 'trees']"
982_C,1500.0,"['dfs and similar', 'dp', 'graphs', 'greedy', 'trees']"
982_B,1300.0,"['data structures', 'greedy', 'implementation']"
982_A,1200.0,"['brute force', 'constructive algorithms']"
981_H,3100.0,"['combinatorics', 'data structures', 'dp', 'fft', 'math']"
981_G,2500.0,['data structures']
981_F,2500.0,"['binary search', 'graph matchings', 'greedy']"
981_E,2200.0,"['bitmasks', 'data structures', 'divide and conquer', 'dp']"
981_D,1900.0,"['bitmasks', 'dp', 'greedy']"
981_C,1400.0,"['implementation', 'trees']"
981_B,1000.0,['sortings']
981_A,900.0,"['brute force', 'implementation', 'strings']"
980_F,2900.0,"['dp', 'graphs', 'trees']"
980_E,2200.0,"['data structures', 'greedy', 'trees']"
980_D,2100.0,"['dp', 'math', 'number theory']"
980_C,1700.0,"['games', 'greedy']"
980_B,1600.0,['constructive algorithms']
980_A,900.0,"['implementation', 'math']"
979_E,2400.0,['dp']
979_D,2200.0,"['binary search', 'bitmasks', 'brute force', 'data structures', 'dp', 'dsu', 'greedy', 'math', 'number theory', 'strings', 'trees']"
979_C,1600.0,"['dfs and similar', 'trees']"
979_B,1800.0,['greedy']
979_A,1000.0,['math']
978_G,1700.0,"['greedy', 'implementation', 'sortings']"
978_F,1500.0,"['binary search', 'data structures', 'implementation']"
978_E,1400.0,"['combinatorics', 'math']"
978_D,1500.0,"['brute force', 'implementation', 'math']"
978_C,1000.0,"['binary search', 'implementation', 'two pointers']"
978_B,800.0,"['greedy', 'strings']"
978_A,800.0,['implementation']
977_F,1700.0,['dp']
977_E,1500.0,"['dfs and similar', 'dsu', 'graphs']"
977_D,1400.0,"['dfs and similar', 'math', 'sortings']"
977_C,1200.0,['sortings']
977_B,900.0,"['implementation', 'strings']"
977_A,800.0,['implementation']
976_F,2500.0,"['flows', 'graphs']"
976_E,2100.0,"['greedy', 'sortings']"
976_D,2500.0,"['constructive algorithms', 'graphs', 'implementation']"
976_C,1500.0,"['greedy', 'implementation', 'sortings']"
976_B,1300.0,"['implementation', 'math']"
976_A,800.0,['implementation']
975_E,2600.0,['geometry']
975_D,2000.0,"['geometry', 'math']"
975_C,1400.0,['binary search']
975_B,1100.0,"['brute force', 'implementation']"
975_A,900.0,"['implementation', 'strings']"
967_B,1000.0,"['math', 'sortings']"
967_A,1100.0,['implementation']
965_E,2200.0,"['data structures', 'dp', 'greedy', 'strings', 'trees']"
965_D,1900.0,"['binary search', 'flows', 'greedy', 'two pointers']"
965_C,2000.0,['math']
965_B,1300.0,['implementation']
965_A,800.0,['math']
964_B,1300.0,['math']
964_A,800.0,['math']
963_E,3100.0,['math']
963_D,2500.0,"['hashing', 'string suffix structures', 'strings']"
963_C,2600.0,"['brute force', 'math', 'number theory']"
963_B,2000.0,"['constructive algorithms', 'dfs and similar', 'dp', 'greedy', 'trees']"
963_A,1800.0,"['math', 'number theory']"
962_G,2800.0,"['data structures', 'dsu', 'geometry', 'trees']"
962_F,2400.0,"['dfs and similar', 'graphs', 'trees']"
962_E,2200.0,"['constructive algorithms', 'greedy']"
962_D,1600.0,"['data structures', 'implementation']"
962_C,1400.0,"['brute force', 'implementation', 'math']"
962_B,1300.0,"['constructive algorithms', 'greedy', 'implementation']"
962_A,1300.0,['implementation']
961_G,2700.0,"['combinatorics', 'math', 'number theory']"
961_F,2700.0,"['binary search', 'hashing', 'string suffix structures']"
961_E,1900.0,['data structures']
961_D,2000.0,['geometry']
961_C,1400.0,"['bitmasks', 'brute force', 'implementation']"
961_B,1200.0,"['data structures', 'dp', 'implementation', 'two pointers']"
961_A,900.0,['implementation']
960_H,3100.0,"['data structures', 'trees']"
960_G,2900.0,"['combinatorics', 'dp', 'fft', 'math']"
960_F,2100.0,"['data structures', 'dp', 'graphs']"
960_E,2300.0,"['combinatorics', 'dfs and similar', 'divide and conquer', 'dp', 'probabilities', 'trees']"
960_D,2100.0,"['brute force', 'implementation', 'trees']"
960_C,1700.0,"['bitmasks', 'constructive algorithms', 'greedy', 'implementation']"
960_B,1500.0,"['data structures', 'greedy', 'sortings']"
960_A,1200.0,['implementation']
959_F,2400.0,"['bitmasks', 'dp', 'math', 'matrices']"
959_E,1900.0,"['bitmasks', 'dp', 'graphs', 'implementation', 'math']"
959_D,1900.0,"['constructive algorithms', 'greedy', 'math', 'number theory']"
959_C,1500.0,"['constructive algorithms', 'trees']"
959_B,1200.0,"['dsu', 'greedy', 'implementation']"
959_A,800.0,"['games', 'math']"
958_F3,2600.0,['fft']
958_F2,1800.0,"['binary search', 'two pointers']"
958_F1,1500.0,['implementation']
958_E3,2700.0,['geometry']
958_E2,2200.0,"['binary search', 'dp', 'greedy', 'sortings']"
958_E1,1600.0,"['brute force', 'geometry', 'greedy', 'math']"
958_D2,2700.0,[]
958_D1,1400.0,"['expression parsing', 'math']"
958_C3,2500.0,"['data structures', 'dp']"
958_C2,2000.0,['dp']
958_C1,1200.0,['brute force']
958_B2,2200.0,"['data structures', 'dfs and similar', 'graphs', 'greedy', 'trees']"
958_B1,1000.0,['implementation']
958_A3,3100.0,[]
958_A2,2000.0,"['hashing', 'strings']"
958_A1,1400.0,['implementation']
957_A,1300.0,['implementation']
955_F,2600.0,"['dp', 'trees']"
955_E,2900.0,[]
955_D,2600.0,"['brute force', 'strings']"
955_C,2100.0,"['binary search', 'math', 'number theory']"
955_B,1400.0,['implementation']
955_A,1100.0,"['greedy', 'math']"
954_I,2200.0,"['fft', 'math']"
954_H,2500.0,"['combinatorics', 'dp']"
954_G,2000.0,"['binary search', 'data structures', 'greedy', 'two pointers']"
954_F,2100.0,"['dp', 'matrices', 'sortings']"
954_E,2000.0,"['binary search', 'greedy', 'sortings']"
954_D,1600.0,"['dfs and similar', 'graphs', 'shortest paths']"
954_C,1700.0,['implementation']
954_B,1400.0,"['implementation', 'strings']"
954_A,800.0,['implementation']
952_G,2200.0,"['*special', '*special', '*special', 'constructive algorithms']"
952_F,2400.0,['*special']
952_E,2000.0,[]
952_D,1800.0,"['*special', 'probabilities']"
952_C,1600.0,['implementation']
952_B,1900.0,"['*special', 'brute force', 'interactive']"
952_A,800.0,['math']
950_B,1100.0,"['greedy', 'implementation']"
950_A,800.0,"['implementation', 'math']"
949_F,3300.0,"['geometry', 'probabilities']"
949_E,2700.0,['brute force']
949_D,2300.0,"['binary search', 'brute force', 'greedy', 'sortings']"
949_C,1900.0,"['dfs and similar', 'graphs']"
949_B,1700.0,"['constructive algorithms', 'math']"
949_A,1600.0,['greedy']
948_A,900.0,"['brute force', 'dfs and similar', 'graphs', 'implementation']"
946_G,2500.0,"['data structures', 'dp']"
946_F,2400.0,"['combinatorics', 'dp', 'matrices']"
946_E,2200.0,"['greedy', 'implementation']"
946_D,1800.0,['dp']
946_C,1300.0,"['greedy', 'strings']"
946_B,1100.0,"['math', 'number theory']"
946_A,800.0,['greedy']
940_F,2600.0,"['brute force', 'data structures']"
940_E,2000.0,"['data structures', 'dp', 'greedy', 'math']"
940_D,1600.0,"['binary search', 'implementation']"
940_C,1500.0,"['constructive algorithms', 'implementation', 'strings']"
940_B,1400.0,"['dp', 'greedy']"
940_A,1200.0,"['brute force', 'greedy', 'sortings']"
939_F,2400.0,"['data structures', 'dp']"
939_E,1800.0,"['binary search', 'greedy', 'ternary search', 'two pointers']"
939_D,1600.0,"['dfs and similar', 'dsu', 'graphs', 'greedy', 'strings']"
939_C,1600.0,"['binary search', 'two pointers']"
939_B,1000.0,['implementation']
939_A,800.0,['graphs']
938_G,2900.0,"['bitmasks', 'data structures', 'dsu', 'graphs']"
938_F,2700.0,"['bitmasks', 'dp', 'greedy']"
938_E,2300.0,"['combinatorics', 'math']"
938_D,2000.0,"['data structures', 'graphs', 'shortest paths']"
938_C,1700.0,"['binary search', 'brute force', 'constructive algorithms']"
938_B,1100.0,"['brute force', 'greedy']"
938_A,800.0,['implementation']
937_B,1400.0,"['brute force', 'math', 'number theory']"
937_A,800.0,"['implementation', 'sortings']"
936_E,3400.0,"['data structures', 'dfs and similar', 'divide and conquer', 'dsu', 'shortest paths', 'trees']"
936_D,3000.0,"['dp', 'greedy']"
936_C,2300.0,"['constructive algorithms', 'implementation', 'strings']"
936_B,2100.0,"['dfs and similar', 'dp', 'games', 'graphs']"
936_A,1700.0,"['binary search', 'implementation', 'math']"
935_F,2600.0,"['data structures', 'greedy']"
935_E,2300.0,"['dfs and similar', 'dp', 'trees']"
935_D,1900.0,"['math', 'probabilities']"
935_C,1600.0,['geometry']
935_B,900.0,['implementation']
935_A,800.0,"['brute force', 'implementation']"
934_B,1200.0,"['constructive algorithms', 'implementation']"
934_A,1400.0,"['brute force', 'games']"
933_E,3200.0,"['constructive algorithms', 'dp']"
933_D,2900.0,"['brute force', 'combinatorics', 'math']"
933_C,2700.0,"['geometry', 'graphs']"
933_B,2000.0,['math']
933_A,1800.0,['dp']
932_G,2900.0,"['dp', 'string suffix structures', 'strings']"
932_F,2700.0,"['data structures', 'dp', 'geometry']"
932_E,2400.0,"['combinatorics', 'dp', 'math']"
932_D,2200.0,"['binary search', 'dp', 'trees']"
932_C,1600.0,"['brute force', 'constructive algorithms']"
932_B,1300.0,"['binary search', 'data structures', 'dfs and similar']"
932_A,800.0,['constructive algorithms']
931_C,1700.0,"['implementation', 'math']"
931_B,1200.0,"['constructive algorithms', 'implementation']"
931_A,800.0,"['brute force', 'greedy', 'implementation', 'math']"
930_E,2900.0,"['data structures', 'dp', 'math']"
930_D,2500.0,"['data structures', 'games', 'implementation']"
930_C,1900.0,"['data structures', 'dp']"
930_B,1600.0,"['implementation', 'probabilities', 'strings']"
930_A,1500.0,"['dfs and similar', 'graphs', 'trees']"
929_D,2400.0,[]
929_C,1700.0,"['*special', 'combinatorics', 'math']"
929_B,1300.0,"['*special', 'implementation']"
929_A,1400.0,"['*special', 'greedy', 'implementation']"
928_D,1900.0,"['*special', 'strings', 'trees']"
928_C,1900.0,"['*special', 'graphs', 'implementation']"
928_B,1400.0,"['*special', 'dp']"
928_A,1200.0,"['*special', 'strings']"
927_A,2900.0,"['*special', 'interactive']"
926_J,2100.0,['data structures']
926_I,1700.0,[]
926_H,2200.0,[]
926_G,1500.0,[]
926_F,2000.0,[]
926_E,1900.0,"['constructive algorithms', 'data structures']"
926_D,1600.0,[]
926_C,1700.0,['implementation']
926_B,1800.0,"['math', 'number theory']"
926_A,1300.0,"['implementation', 'math']"
925_F,3100.0,"['binary search', 'flows']"
925_E,2900.0,"['data structures', 'trees']"
925_D,2600.0,['constructive algorithms']
925_C,2200.0,"['constructive algorithms', 'math']"
925_B,1700.0,"['binary search', 'implementation', 'sortings']"
925_A,1600.0,['binary search']
924_F,3200.0,['dp']
924_E,2700.0,"['dp', 'greedy']"
924_D,2500.0,[]
924_C,1700.0,"['data structures', 'dp', 'greedy']"
924_B,1600.0,"['binary search', 'greedy', 'two pointers']"
924_A,1300.0,"['greedy', 'implementation']"
923_F,3200.0,"['constructive algorithms', 'graphs', 'trees']"
923_E,3100.0,"['fft', 'math', 'matrices']"
923_D,2500.0,"['constructive algorithms', 'implementation', 'strings']"
923_C,1800.0,"['data structures', 'greedy', 'strings', 'trees']"
923_B,1600.0,"['binary search', 'data structures']"
923_A,1700.0,"['math', 'number theory']"
922_F,2400.0,"['constructive algorithms', 'dp', 'greedy', 'number theory']"
922_E,2200.0,['dp']
922_D,1800.0,"['greedy', 'sortings']"
922_C,1600.0,"['brute force', 'number theory']"
922_B,1300.0,['brute force']
922_A,1300.0,['implementation']
921_14,3200.0,[]
921_13,3200.0,[]
921_12,3200.0,[]
921_11,3200.0,[]
921_10,3200.0,[]
921_09,3200.0,[]
921_08,3200.0,[]
921_07,3200.0,[]
921_06,3200.0,[]
921_05,3200.0,[]
921_04,3200.0,[]
921_03,3200.0,[]
921_02,3200.0,[]
921_01,3200.0,[]
920_G,2200.0,"['binary search', 'bitmasks', 'brute force', 'combinatorics', 'math', 'number theory']"
920_F,2000.0,"['brute force', 'data structures', 'dsu', 'number theory']"
920_E,2100.0,"['data structures', 'dfs and similar', 'dsu', 'graphs']"
920_D,2400.0,"['dp', 'greedy', 'implementation']"
920_C,1400.0,"['dfs and similar', 'greedy', 'math', 'sortings', 'two pointers']"
920_B,1200.0,['implementation']
920_A,1000.0,['implementation']
919_F,2600.0,"['games', 'graphs', 'shortest paths']"
919_E,2100.0,"['chinese remainder theorem', 'math', 'number theory']"
919_D,1700.0,"['dfs and similar', 'dp', 'graphs']"
919_C,1300.0,"['brute force', 'implementation']"
919_B,1100.0,"['binary search', 'brute force', 'dp', 'implementation', 'number theory']"
919_A,800.0,"['brute force', 'greedy', 'implementation']"
918_B,900.0,"['implementation', 'strings']"
918_A,800.0,"['brute force', 'implementation']"
917_E,3400.0,"['data structures', 'string suffix structures', 'strings', 'trees']"
917_D,2600.0,"['dp', 'math', 'matrices', 'trees']"
917_C,2900.0,"['combinatorics', 'dp', 'matrices']"
917_B,1700.0,"['dfs and similar', 'dp', 'games', 'graphs']"
917_A,1800.0,"['dp', 'greedy', 'implementation', 'math']"
916_E,2400.0,"['data structures', 'trees']"
916_D,2200.0,"['data structures', 'interactive', 'trees']"
916_C,1600.0,"['constructive algorithms', 'graphs', 'shortest paths']"
916_B,2000.0,"['bitmasks', 'greedy', 'math']"
916_A,900.0,"['brute force', 'implementation', 'math']"
915_G,2300.0,"['math', 'number theory']"
915_F,2400.0,"['data structures', 'dsu', 'graphs', 'trees']"
915_E,2300.0,"['data structures', 'implementation', 'sortings']"
915_D,2200.0,"['dfs and similar', 'graphs']"
915_C,1700.0,"['dp', 'greedy']"
915_B,1300.0,['implementation']
915_A,900.0,['implementation']
914_H,3400.0,"['combinatorics', 'dp', 'games', 'trees']"
914_G,2600.0,"['bitmasks', 'divide and conquer', 'dp', 'fft', 'math']"
914_F,3000.0,"['bitmasks', 'brute force', 'data structures', 'string suffix structures', 'strings']"
914_E,2400.0,"['bitmasks', 'data structures', 'divide and conquer', 'trees']"
914_D,1900.0,"['data structures', 'number theory']"
914_C,1800.0,"['brute force', 'combinatorics', 'dp']"
914_B,1200.0,"['games', 'greedy', 'implementation']"
914_A,900.0,"['brute force', 'implementation', 'math']"
913_H,3400.0,"['math', 'probabilities']"
913_G,3200.0,"['math', 'number theory']"
913_F,2800.0,"['dp', 'graphs', 'math', 'probabilities']"
913_E,2400.0,"['bitmasks', 'dp', 'shortest paths']"
913_D,1800.0,"['binary search', 'brute force', 'data structures', 'greedy', 'sortings']"
913_C,1600.0,"['bitmasks', 'dp', 'greedy']"
913_B,1200.0,"['implementation', 'trees']"
913_A,900.0,"['implementation', 'math']"
912_E,2400.0,"['binary search', 'dfs and similar', 'math', 'meet-in-the-middle', 'number theory', 'two pointers']"
912_D,2100.0,"['data structures', 'graphs', 'greedy', 'probabilities', 'shortest paths']"
912_C,2500.0,"['brute force', 'greedy', 'sortings']"
912_B,1300.0,"['bitmasks', 'constructive algorithms', 'number theory']"
912_A,800.0,['implementation']
911_G,2500.0,['data structures']
911_F,2400.0,"['constructive algorithms', 'dfs and similar', 'graphs', 'greedy', 'trees']"
911_E,2000.0,"['constructive algorithms', 'data structures', 'greedy', 'implementation']"
911_D,1800.0,"['brute force', 'math']"
911_C,1400.0,"['brute force', 'constructive algorithms']"
911_B,1200.0,"['binary search', 'brute force', 'implementation']"
911_A,1100.0,['implementation']
910_C,1700.0,"['constructive algorithms', 'greedy', 'math']"
910_B,1600.0,"['greedy', 'implementation']"
910_A,800.0,"['dfs and similar', 'dp', 'greedy', 'implementation']"
909_F,2500.0,['constructive algorithms']
909_E,1900.0,"['dfs and similar', 'dp', 'graphs', 'greedy']"
909_D,2100.0,"['data structures', 'greedy', 'implementation']"
909_C,1800.0,['dp']
909_B,1300.0,"['constructive algorithms', 'math']"
909_A,1000.0,"['brute force', 'greedy', 'sortings']"
908_H,3100.0,[]
908_G,2800.0,"['dp', 'math']"
908_F,2400.0,"['graphs', 'greedy', 'implementation']"
908_E,2500.0,"['bitmasks', 'combinatorics', 'dp', 'math']"
908_D,2200.0,"['dp', 'math', 'probabilities']"
908_C,1500.0,"['brute force', 'geometry', 'implementation', 'math']"
908_B,1200.0,"['brute force', 'implementation']"
908_A,800.0,"['brute force', 'implementation']"
907_B,1400.0,['implementation']
907_A,1300.0,"['brute force', 'implementation']"
906_E,3300.0,"['dp', 'string suffix structures', 'strings']"
906_D,2700.0,"['chinese remainder theorem', 'math', 'number theory']"
906_C,2400.0,"['bitmasks', 'brute force', 'dp', 'graphs']"
906_B,2200.0,"['brute force', 'constructive algorithms', 'math']"
906_A,1600.0,"['implementation', 'strings']"
903_G,2700.0,"['data structures', 'flows', 'graphs']"
903_F,2200.0,"['bitmasks', 'dp']"
903_E,2200.0,"['brute force', 'hashing', 'implementation', 'strings']"
903_D,2200.0,"['data structures', 'math']"
903_C,1200.0,['greedy']
903_B,1200.0,"['greedy', 'implementation']"
903_A,900.0,"['greedy', 'implementation']"
902_B,1200.0,"['dfs and similar', 'dsu', 'greedy']"
902_A,1100.0,"['greedy', 'implementation']"
901_E,3300.0,"['fft', 'math']"
901_D,2700.0,"['constructive algorithms', 'dfs and similar', 'graphs']"
901_C,2300.0,"['binary search', 'data structures', 'dfs and similar', 'dsu', 'graphs', 'two pointers']"
901_B,2200.0,"['constructive algorithms', 'math']"
901_A,1500.0,"['constructive algorithms', 'trees']"
900_E,2100.0,"['data structures', 'dp', 'strings']"
900_D,2000.0,"['bitmasks', 'combinatorics', 'dp', 'math', 'number theory']"
900_C,1700.0,"['brute force', 'data structures', 'math']"
900_B,1300.0,"['math', 'number theory']"
900_A,800.0,"['geometry', 'implementation']"
899_F,2100.0,"['data structures', 'strings']"
899_E,2000.0,"['data structures', 'dsu', 'flows', 'implementation', 'two pointers']"
899_D,1800.0,"['constructive algorithms', 'math']"
899_C,1300.0,"['constructive algorithms', 'graphs', 'math']"
899_B,1200.0,['implementation']
899_A,800.0,"['constructive algorithms', 'greedy', 'math']"
898_F,2300.0,"['brute force', 'hashing', 'math']"
898_E,1600.0,"['constructive algorithms', 'greedy']"
898_D,1600.0,['greedy']
898_C,1400.0,"['implementation', 'strings']"
898_B,1100.0,"['brute force', 'implementation', 'number theory']"
898_A,800.0,"['implementation', 'math']"
897_B,1300.0,['brute force']
897_A,800.0,['implementation']
896_E,3100.0,"['data structures', 'dsu']"
896_D,2900.0,"['chinese remainder theorem', 'combinatorics', 'math', 'number theory']"
896_C,2600.0,"['data structures', 'probabilities']"
896_B,2000.0,"['binary search', 'constructive algorithms', 'games', 'greedy', 'interactive']"
896_A,1700.0,"['binary search', 'dfs and similar']"
895_E,2300.0,"['data structures', 'probabilities']"
895_D,2100.0,"['combinatorics', 'math', 'strings']"
895_C,2000.0,"['bitmasks', 'combinatorics', 'dp', 'math']"
895_B,1700.0,"['binary search', 'math', 'sortings', 'two pointers']"
895_A,1200.0,"['brute force', 'implementation']"
894_E,2100.0,"['dp', 'graphs']"
894_D,2200.0,"['brute force', 'data structures', 'trees']"
894_C,1900.0,"['constructive algorithms', 'math']"
894_B,1800.0,"['combinatorics', 'constructive algorithms', 'math', 'number theory']"
894_A,800.0,"['brute force', 'dp']"
893_F,2300.0,"['data structures', 'trees']"
893_E,2000.0,"['combinatorics', 'dp', 'math', 'number theory']"
893_D,1900.0,"['data structures', 'dp', 'greedy', 'implementation']"
893_C,1300.0,"['dfs and similar', 'graphs', 'greedy']"
893_B,1000.0,"['brute force', 'implementation']"
893_A,900.0,['implementation']
892_B,1200.0,"['greedy', 'implementation', 'two pointers']"
892_A,900.0,"['greedy', 'implementation']"
891_E,3000.0,"['combinatorics', 'math', 'matrices']"
891_D,3100.0,"['dfs and similar', 'dp', 'graph matchings', 'trees']"
891_C,2300.0,"['data structures', 'dsu', 'graphs']"
891_B,2000.0,"['constructive algorithms', 'greedy']"
891_A,1500.0,"['brute force', 'dp', 'greedy', 'math', 'number theory']"
889_E,3000.0,"['binary search', 'dp', 'math']"
888_G,2300.0,"['bitmasks', 'constructive algorithms', 'data structures']"
888_F,2500.0,"['dp', 'graphs']"
888_E,1800.0,"['bitmasks', 'divide and conquer', 'meet-in-the-middle']"
888_D,1600.0,"['combinatorics', 'dp', 'math']"
888_C,1400.0,"['binary search', 'implementation', 'two pointers']"
888_B,1000.0,['greedy']
888_A,800.0,"['brute force', 'implementation']"
887_F,2500.0,"['greedy', 'sortings']"
887_E,2800.0,"['binary search', 'geometry', 'sortings']"
887_D,2400.0,"['data structures', 'two pointers']"
887_C,1500.0,"['brute force', 'implementation']"
887_B,1300.0,"['brute force', 'implementation']"
887_A,1000.0,['implementation']
886_F,2900.0,['geometry']
886_E,2400.0,"['combinatorics', 'dp', 'math']"
886_D,2000.0,"['constructive algorithms', 'graphs', 'implementation']"
886_C,1300.0,"['dsu', 'greedy', 'implementation', 'trees']"
886_B,1000.0,[]
886_A,1000.0,['brute force']
884_F,2500.0,"['flows', 'graphs', 'greedy']"
884_E,2500.0,['dsu']
884_D,2300.0,"['data structures', 'greedy']"
884_C,1500.0,"['dfs and similar', 'greedy', 'math']"
884_B,1100.0,['implementation']
884_A,800.0,['implementation']
883_M,1100.0,"['greedy', 'math']"
883_L,2500.0,['data structures']
883_K,1800.0,"['constructive algorithms', 'greedy', 'implementation']"
883_J,2400.0,"['constructive algorithms', 'greedy', 'sortings']"
883_I,1900.0,"['binary search', 'dp']"
883_H,1800.0,"['brute force', 'implementation', 'strings']"
883_G,1900.0,"['dfs and similar', 'graphs']"
883_F,1300.0,['implementation']
883_E,1500.0,"['implementation', 'strings']"
883_D,2500.0,"['binary search', 'dp', 'math']"
883_C,2300.0,"['binary search', 'implementation']"
883_B,2600.0,"['constructive algorithms', 'graphs', 'greedy']"
883_A,2200.0,['implementation']
879_B,1200.0,"['data structures', 'implementation']"
879_A,900.0,['implementation']
878_E,3300.0,"['combinatorics', 'dp']"
878_D,2900.0,['bitmasks']
878_C,2700.0,"['data structures', 'graphs']"
878_B,2300.0,"['data structures', 'implementation']"
878_A,1600.0,"['bitmasks', 'constructive algorithms']"
877_F,2300.0,"['data structures', 'flows', 'hashing']"
877_E,2000.0,"['bitmasks', 'data structures', 'trees']"
877_D,2100.0,"['data structures', 'dfs and similar', 'graphs', 'shortest paths']"
877_C,1600.0,['constructive algorithms']
877_B,1500.0,"['brute force', 'dp']"
877_A,1100.0,"['implementation', 'strings']"
876_B,1300.0,"['implementation', 'math', 'number theory']"
876_A,900.0,['math']
875_F,2500.0,"['dsu', 'graphs', 'greedy']"
875_E,2600.0,"['binary search', 'data structures', 'dp']"
875_D,2200.0,"['binary search', 'bitmasks', 'combinatorics', 'data structures', 'divide and conquer']"
875_C,2100.0,"['2-sat', 'dfs and similar', 'graphs', 'implementation']"
875_B,1500.0,"['dsu', 'implementation', 'sortings', 'two pointers']"
875_A,1200.0,"['brute force', 'math']"
873_F,2400.0,"['dsu', 'string suffix structures', 'strings']"
873_E,2300.0,"['brute force', 'data structures', 'dp']"
873_D,1800.0,"['constructive algorithms', 'divide and conquer']"
873_C,1600.0,"['greedy', 'two pointers']"
873_B,1500.0,"['dp', 'implementation']"
873_A,800.0,['implementation']
871_E,2900.0,"['graphs', 'greedy', 'trees']"
870_F,2700.0,"['data structures', 'number theory']"
870_E,2300.0,"['dfs and similar', 'dsu', 'graphs', 'trees']"
870_D,2000.0,"['brute force', 'interactive', 'probabilities']"
870_C,1300.0,"['dp', 'greedy', 'math', 'number theory']"
870_B,1200.0,['greedy']
870_A,900.0,"['brute force', 'implementation']"
869_E,2400.0,"['data structures', 'hashing']"
869_D,2800.0,"['brute force', 'dfs and similar', 'graphs']"
869_C,1800.0,"['combinatorics', 'dp', 'math']"
869_B,1100.0,['math']
869_A,1100.0,"['brute force', 'implementation']"
868_G,3300.0,['math']
868_F,2500.0,"['divide and conquer', 'dp']"
868_E,2700.0,"['dp', 'graphs', 'trees']"
868_D,2200.0,"['bitmasks', 'brute force', 'dp', 'implementation', 'strings']"
868_C,1500.0,"['bitmasks', 'brute force', 'constructive algorithms', 'dp']"
868_B,1400.0,['implementation']
868_A,900.0,"['brute force', 'implementation', 'strings']"
867_A,800.0,['implementation']
865_G,3300.0,"['combinatorics', 'math', 'matrices']"
865_F,3300.0,"['bitmasks', 'brute force', 'divide and conquer', 'math', 'meet-in-the-middle']"
865_E,3300.0,"['bitmasks', 'brute force', 'dp', 'graphs']"
865_D,2400.0,"['constructive algorithms', 'data structures', 'greedy']"
865_C,2400.0,"['binary search', 'dp']"
865_B,1900.0,"['binary search', 'sortings', 'ternary search']"
865_A,1400.0,['constructive algorithms']
864_F,2700.0,"['dfs and similar', 'graphs', 'trees']"
864_E,2000.0,"['dp', 'sortings']"
864_D,1500.0,"['greedy', 'implementation', 'math']"
864_C,1500.0,"['greedy', 'implementation', 'math']"
864_B,1000.0,"['brute force', 'implementation', 'strings']"
864_A,1000.0,"['implementation', 'sortings']"
863_G,3200.0,[]
863_F,2200.0,['flows']
863_E,2000.0,"['data structures', 'sortings']"
863_D,1800.0,"['data structures', 'implementation']"
863_C,1800.0,"['graphs', 'implementation']"
863_B,1500.0,"['brute force', 'greedy', 'sortings']"
863_A,900.0,"['brute force', 'implementation']"
862_F,2900.0,"['data structures', 'strings']"
862_E,2100.0,"['binary search', 'data structures', 'sortings']"
862_D,2000.0,"['binary search', 'divide and conquer', 'interactive']"
862_C,1900.0,['constructive algorithms']
862_B,1300.0,"['dfs and similar', 'graphs', 'trees']"
862_A,1000.0,"['greedy', 'implementation']"
860_E,2700.0,"['data structures', 'dfs and similar', 'trees']"
859_G,3000.0,['math']
859_F,2800.0,['greedy']
859_E,2100.0,"['combinatorics', 'dfs and similar', 'dsu', 'graphs', 'trees']"
859_D,2100.0,"['dp', 'probabilities', 'trees']"
859_C,1500.0,"['dp', 'games']"
859_B,1000.0,"['brute force', 'geometry', 'math']"
859_A,800.0,"['greedy', 'implementation']"
858_F,2300.0,"['constructive algorithms', 'dfs and similar', 'graphs']"
858_E,2200.0,"['greedy', 'implementation']"
858_D,1600.0,"['data structures', 'implementation', 'sortings']"
858_C,1500.0,"['dp', 'greedy', 'implementation']"
858_B,1500.0,"['brute force', 'implementation']"
858_A,1100.0,"['brute force', 'math', 'number theory']"
856_F,3000.0,['greedy']
856_E,3100.0,[]
856_D,2400.0,"['dp', 'trees']"
856_C,2400.0,"['combinatorics', 'dp', 'math']"
856_B,2300.0,"['dp', 'hashing', 'strings', 'trees']"
856_A,1600.0,"['brute force', 'constructive algorithms']"
855_G,3300.0,"['dfs and similar', 'dp', 'graphs', 'trees']"
855_F,3100.0,"['binary search', 'data structures']"
855_E,2200.0,"['bitmasks', 'dp']"
855_D,2500.0,['trees']
855_C,2000.0,"['dp', 'trees']"
855_B,1500.0,"['brute force', 'data structures', 'dp']"
855_A,800.0,"['brute force', 'implementation', 'strings']"
854_B,1200.0,"['constructive algorithms', 'math']"
854_A,800.0,"['brute force', 'constructive algorithms', 'math']"
853_E,3400.0,"['data structures', 'geometry']"
853_D,2400.0,"['binary search', 'dp', 'greedy']"
853_C,2100.0,['data structures']
853_B,1800.0,"['greedy', 'sortings', 'two pointers']"
853_A,1500.0,['greedy']
852_I,2300.0,"['brute force', 'dfs and similar', 'graphs', 'trees']"
852_H,3000.0,"['dp', 'geometry']"
852_G,1700.0,['implementation']
852_F,2200.0,"['combinatorics', 'math', 'number theory']"
852_E,2100.0,['dp']
852_D,2100.0,"['binary search', 'flows', 'graph matchings', 'shortest paths']"
852_C,2100.0,"['greedy', 'sortings']"
852_B,2000.0,"['dp', 'matrices']"
852_A,2500.0,"['brute force', 'implementation', 'math']"
851_B,1400.0,"['geometry', 'math']"
851_A,800.0,"['implementation', 'math']"
850_F,2800.0,['math']
850_E,2800.0,"['bitmasks', 'brute force', 'divide and conquer', 'fft', 'math']"
850_D,2800.0,"['constructive algorithms', 'dp', 'graphs', 'greedy', 'math']"
850_C,2200.0,"['bitmasks', 'dp', 'games']"
850_B,2100.0,"['implementation', 'number theory']"
850_A,1700.0,"['brute force', 'geometry', 'math']"
849_B,1600.0,"['brute force', 'geometry']"
849_A,1000.0,['implementation']
848_E,3400.0,"['combinatorics', 'divide and conquer', 'dp', 'fft', 'math']"
848_D,2900.0,"['combinatorics', 'dp', 'flows', 'graphs']"
848_C,2600.0,"['data structures', 'divide and conquer']"
848_B,1900.0,"['constructive algorithms', 'data structures', 'geometry', 'implementation', 'sortings', 'two pointers']"
848_A,1600.0,['constructive algorithms']
847_M,1000.0,"['implementation', 'math']"
847_L,2400.0,"['constructive algorithms', 'dfs and similar', 'graphs', 'hashing', 'trees']"
847_K,1800.0,"['greedy', 'implementation', 'sortings']"
847_J,2400.0,"['binary search', 'flows', 'graphs']"
847_I,1900.0,"['dfs and similar', 'implementation', 'math']"
847_H,1600.0,['greedy']
847_G,900.0,['implementation']
847_F,2100.0,"['greedy', 'sortings']"
847_E,1800.0,"['binary search', 'dp']"
847_D,2200.0,"['constructive algorithms', 'data structures', 'greedy']"
847_C,1800.0,['constructive algorithms']
847_B,1600.0,"['binary search', 'data structures']"
847_A,1500.0,['implementation']
846_F,1800.0,"['data structures', 'math', 'probabilities', 'two pointers']"
846_E,2300.0,"['dfs and similar', 'greedy', 'trees']"
846_D,1900.0,"['binary search', 'data structures']"
846_C,1800.0,"['brute force', 'data structures', 'dp']"
846_B,1800.0,"['brute force', 'greedy']"
846_A,1500.0,"['brute force', 'implementation']"
845_G,2300.0,"['dfs and similar', 'graphs', 'math']"
845_F,2500.0,"['bitmasks', 'dp']"
845_E,2400.0,"['binary search', 'data structures']"
845_D,1800.0,"['data structures', 'dp', 'greedy']"
845_C,1500.0,"['data structures', 'greedy', 'sortings']"
845_B,1600.0,"['brute force', 'greedy', 'implementation']"
845_A,1100.0,"['implementation', 'sortings']"
844_B,1300.0,"['combinatorics', 'math']"
844_A,1000.0,"['greedy', 'implementation', 'strings']"
843_E,3000.0,"['flows', 'graphs']"
843_D,3400.0,"['graphs', 'shortest paths']"
843_C,2600.0,"['constructive algorithms', 'dfs and similar', 'graphs', 'math', 'trees']"
843_B,2000.0,"['brute force', 'interactive', 'probabilities']"
843_A,1400.0,"['dfs and similar', 'dsu', 'implementation', 'math', 'sortings']"
842_E,2800.0,"['binary search', 'dfs and similar', 'divide and conquer', 'graphs', 'trees']"
842_D,2000.0,"['binary search', 'data structures']"
842_C,2000.0,"['dfs and similar', 'graphs', 'math', 'number theory', 'trees']"
842_B,1100.0,['geometry']
842_A,1200.0,"['brute force', 'two pointers']"
841_B,1100.0,"['games', 'math']"
841_A,900.0,"['brute force', 'implementation']"
840_E,3200.0,['trees']
840_D,2500.0,"['data structures', 'probabilities']"
840_C,2500.0,"['combinatorics', 'dp']"
840_B,2100.0,"['constructive algorithms', 'data structures', 'dfs and similar', 'dp', 'graphs']"
840_A,1300.0,"['combinatorics', 'greedy', 'math', 'number theory', 'sortings']"
839_E,2700.0,"['brute force', 'graphs', 'math', 'meet-in-the-middle']"
839_D,2200.0,"['combinatorics', 'dp', 'math', 'number theory']"
839_C,1500.0,"['dfs and similar', 'dp', 'graphs', 'probabilities', 'trees']"
839_B,1900.0,"['brute force', 'greedy', 'implementation']"
839_A,900.0,['implementation']
838_F,2800.0,[]
838_E,2300.0,['dp']
838_D,2700.0,"['math', 'number theory']"
838_C,2800.0,"['dp', 'games']"
838_B,2100.0,"['data structures', 'dfs and similar', 'trees']"
838_A,1400.0,['brute force']
837_G,2500.0,['data structures']
837_F,2400.0,"['binary search', 'brute force', 'combinatorics', 'math', 'matrices']"
837_E,2100.0,"['binary search', 'implementation', 'math']"
837_D,2100.0,"['dp', 'math']"
837_C,1500.0,"['brute force', 'implementation']"
837_B,1600.0,"['brute force', 'implementation']"
837_A,800.0,['implementation']
835_F,2500.0,"['dfs and similar', 'dp', 'graphs', 'trees']"
835_E,2400.0,"['binary search', 'constructive algorithms', 'interactive']"
835_D,1900.0,"['brute force', 'dp', 'hashing', 'strings']"
835_C,1600.0,"['dp', 'implementation']"
835_B,1100.0,['greedy']
835_A,800.0,['math']
834_B,1100.0,"['data structures', 'implementation']"
834_A,900.0,['implementation']
833_E,3400.0,"['data structures', 'dp', 'sortings']"
833_D,2800.0,"['data structures', 'divide and conquer', 'implementation', 'trees']"
833_C,2700.0,"['brute force', 'combinatorics', 'greedy', 'math']"
833_B,2200.0,"['binary search', 'data structures', 'divide and conquer', 'dp', 'two pointers']"
833_A,1700.0,"['math', 'number theory']"
832_E,2600.0,['matrices']
832_D,1900.0,"['dfs and similar', 'graphs', 'trees']"
832_C,2500.0,"['binary search', 'implementation', 'math']"
832_B,1600.0,"['implementation', 'strings']"
832_A,800.0,"['games', 'math']"
831_C,1700.0,"['brute force', 'constructive algorithms']"
831_B,800.0,"['implementation', 'strings']"
831_A,1000.0,['implementation']
830_E,3100.0,"['constructive algorithms', 'dp', 'graphs', 'implementation', 'math', 'trees']"
830_D,2800.0,"['combinatorics', 'dp', 'graphs', 'trees']"
830_C,2300.0,"['brute force', 'data structures', 'implementation', 'math', 'number theory', 'sortings', 'two pointers']"
830_B,1600.0,"['data structures', 'implementation', 'sortings']"
830_A,1800.0,"['binary search', 'brute force', 'dp', 'greedy', 'sortings']"
828_B,1300.0,['implementation']
828_A,1200.0,['implementation']
827_F,3200.0,"['data structures', 'dp', 'graphs', 'shortest paths']"
827_E,2700.0,"['fft', 'math', 'strings']"
827_D,2700.0,"['data structures', 'dfs and similar', 'graphs', 'trees']"
827_C,2100.0,"['data structures', 'strings']"
827_B,1800.0,"['constructive algorithms', 'greedy', 'implementation', 'trees']"
827_A,1700.0,"['data structures', 'greedy', 'sortings', 'strings']"
825_G,2500.0,"['dfs and similar', 'graphs', 'trees']"
825_F,2400.0,"['dp', 'hashing', 'string suffix structures', 'strings']"
825_E,2300.0,"['data structures', 'dfs and similar', 'graphs', 'greedy']"
825_D,1500.0,"['binary search', 'greedy', 'implementation']"
825_C,1600.0,"['greedy', 'implementation']"
825_B,1600.0,"['brute force', 'implementation']"
825_A,1100.0,['implementation']
822_F,2500.0,"['constructive algorithms', 'dfs and similar', 'trees']"
822_E,2400.0,"['binary search', 'dp', 'hashing', 'string suffix structures']"
822_D,1800.0,"['brute force', 'dp', 'greedy', 'math', 'number theory']"
822_C,1600.0,"['binary search', 'greedy', 'implementation', 'sortings']"
822_B,1000.0,"['brute force', 'implementation', 'strings']"
822_A,800.0,"['implementation', 'math', 'number theory']"
821_E,2100.0,"['dp', 'matrices']"
821_D,2200.0,"['dfs and similar', 'graphs', 'shortest paths']"
821_C,1500.0,"['data structures', 'greedy', 'trees']"
821_B,1300.0,"['brute force', 'math']"
821_A,800.0,['implementation']
820_B,1300.0,"['constructive algorithms', 'geometry', 'math']"
820_A,900.0,['implementation']
819_E,2800.0,"['constructive algorithms', 'graphs']"
819_D,2900.0,['number theory']
819_C,2900.0,['number theory']
819_B,1900.0,"['data structures', 'implementation', 'math']"
819_A,2200.0,"['games', 'greedy']"
818_G,2600.0,"['flows', 'graphs']"
818_F,2100.0,"['binary search', 'math', 'ternary search']"
818_E,1900.0,"['binary search', 'data structures', 'number theory', 'two pointers']"
818_D,1700.0,"['data structures', 'implementation']"
818_C,2000.0,"['brute force', 'implementation']"
818_B,1600.0,['implementation']
818_A,800.0,"['implementation', 'math']"
817_F,2300.0,"['binary search', 'data structures', 'trees']"
817_E,2000.0,"['bitmasks', 'data structures', 'trees']"
817_D,1900.0,"['data structures', 'divide and conquer', 'dsu', 'sortings']"
817_C,1600.0,"['binary search', 'brute force', 'dp', 'math']"
817_B,1500.0,"['combinatorics', 'implementation', 'math', 'sortings']"
817_A,1200.0,"['implementation', 'math', 'number theory']"
816_B,1400.0,"['binary search', 'data structures', 'implementation']"
816_A,1000.0,"['brute force', 'implementation']"
815_E,2900.0,"['binary search', 'constructive algorithms', 'implementation']"
815_D,2800.0,"['binary search', 'combinatorics', 'data structures', 'geometry']"
815_C,2400.0,"['brute force', 'dp', 'trees']"
815_B,2200.0,"['brute force', 'combinatorics', 'constructive algorithms', 'math']"
815_A,1700.0,"['brute force', 'greedy', 'implementation']"
814_E,2600.0,"['combinatorics', 'dp', 'graphs', 'shortest paths']"
814_D,2000.0,"['dfs and similar', 'dp', 'geometry', 'greedy', 'trees']"
814_C,1600.0,"['brute force', 'dp', 'strings', 'two pointers']"
814_B,1300.0,['constructive algorithms']
814_A,900.0,"['constructive algorithms', 'greedy', 'implementation', 'sortings']"
813_F,2500.0,"['data structures', 'dsu', 'graphs']"
813_E,2200.0,"['binary search', 'data structures']"
813_D,2600.0,"['dp', 'flows']"
813_C,1700.0,"['dfs and similar', 'graphs']"
813_B,1800.0,"['brute force', 'math']"
813_A,1100.0,['implementation']
812_E,2300.0,"['games', 'trees']"
812_D,2700.0,"['dfs and similar', 'graphs', 'implementation', 'trees']"
812_C,1500.0,"['binary search', 'sortings']"
812_B,1600.0,"['bitmasks', 'brute force', 'dp']"
812_A,1200.0,['implementation']
811_E,2600.0,"['data structures', 'dsu', 'graphs']"
811_D,2100.0,"['constructive algorithms', 'dfs and similar', 'graphs', 'interactive']"
811_C,1900.0,"['dp', 'implementation']"
811_B,1200.0,"['implementation', 'sortings']"
811_A,800.0,"['brute force', 'implementation']"
810_B,1300.0,"['greedy', 'sortings']"
810_A,900.0,"['implementation', 'math']"
809_E,3100.0,"['divide and conquer', 'math', 'number theory', 'trees']"
809_D,2900.0,"['data structures', 'dp']"
809_C,2600.0,"['combinatorics', 'divide and conquer', 'dp']"
809_B,2200.0,"['binary search', 'interactive']"
809_A,1500.0,"['implementation', 'math', 'sortings']"
808_G,2300.0,"['dp', 'strings']"
808_F,2400.0,"['binary search', 'flows', 'graphs']"
808_E,2300.0,"['binary search', 'dp', 'greedy', 'ternary search']"
808_D,1900.0,"['binary search', 'data structures', 'implementation']"
808_C,1400.0,"['constructive algorithms', 'greedy', 'sortings']"
808_B,1300.0,"['data structures', 'implementation', 'math']"
808_A,900.0,['implementation']
807_B,1300.0,"['brute force', 'implementation']"
807_A,900.0,"['implementation', 'sortings']"
805_B,1000.0,['constructive algorithms']
805_A,1000.0,"['greedy', 'math']"
804_F,3400.0,"['combinatorics', 'dfs and similar', 'dp', 'graphs', 'number theory']"
804_E,3100.0,['constructive algorithms']
804_D,2500.0,"['binary search', 'brute force', 'dfs and similar', 'dp', 'sortings', 'trees']"
804_C,2200.0,"['constructive algorithms', 'dfs and similar', 'greedy']"
804_B,1400.0,"['combinatorics', 'greedy', 'implementation', 'math']"
804_A,1000.0,"['constructive algorithms', 'greedy', 'math']"
803_G,2300.0,['data structures']
803_F,2000.0,"['bitmasks', 'combinatorics', 'number theory']"
803_E,2000.0,"['dp', 'graphs']"
803_D,1900.0,"['binary search', 'greedy']"
803_C,1900.0,"['constructive algorithms', 'greedy', 'math']"
803_B,1200.0,['constructive algorithms']
803_A,1400.0,['constructive algorithms']
802_O,2900.0,"['binary search', 'data structures', 'flows']"
802_N,2400.0,"['binary search', 'flows', 'graphs']"
802_M,1200.0,"['greedy', 'sortings']"
802_L,2400.0,"['dfs and similar', 'dp', 'math', 'trees']"
802_K,2100.0,"['dp', 'trees']"
802_J,1400.0,"['dfs and similar', 'graphs', 'trees']"
802_I,2300.0,['string suffix structures']
802_H,2200.0,"['constructive algorithms', 'strings']"
802_G,800.0,"['implementation', 'strings']"
802_F,2800.0,"['math', 'probabilities']"
802_E,2200.0,['math']
802_D,2100.0,['math']
802_C,2600.0,"['flows', 'graphs']"
802_B,1800.0,"['data structures', 'greedy']"
802_A,1800.0,['greedy']
801_B,900.0,"['constructive algorithms', 'greedy', 'strings']"
801_A,1100.0,['brute force']
799_G,3500.0,"['binary search', 'data structures', 'geometry']"
799_F,3500.0,['data structures']
799_E,2500.0,"['data structures', 'greedy', 'two pointers']"
799_D,2100.0,"['brute force', 'dp', 'meet-in-the-middle']"
799_C,1800.0,"['binary search', 'data structures', 'implementation']"
799_B,1400.0,"['data structures', 'implementation']"
799_A,1100.0,"['brute force', 'implementation']"
798_E,3000.0,"['constructive algorithms', 'data structures', 'graphs', 'sortings']"
798_D,2400.0,"['constructive algorithms', 'sortings']"
798_C,1700.0,"['dp', 'greedy', 'number theory']"
798_B,1300.0,"['brute force', 'dp', 'strings']"
798_A,1000.0,"['brute force', 'constructive algorithms', 'strings']"
797_F,2600.0,"['data structures', 'dp', 'greedy', 'sortings']"
797_E,2000.0,"['brute force', 'data structures', 'dp']"
797_D,2100.0,"['data structures', 'dfs and similar']"
797_C,1700.0,"['data structures', 'greedy', 'strings']"
797_B,1400.0,"['dp', 'greedy', 'implementation']"
797_A,1100.0,"['implementation', 'math', 'number theory']"
796_F,2800.0,"['bitmasks', 'data structures', 'greedy']"
796_E,2400.0,"['binary search', 'dp']"
796_D,2100.0,"['constructive algorithms', 'dfs and similar', 'dp', 'graphs', 'shortest paths', 'trees']"
796_C,1900.0,"['constructive algorithms', 'data structures', 'dp', 'trees']"
796_B,1300.0,['implementation']
796_A,800.0,"['brute force', 'implementation']"
794_G,3400.0,"['combinatorics', 'dp', 'math']"
794_F,2800.0,['data structures']
794_E,2800.0,"['games', 'math']"
794_D,2400.0,"['dfs and similar', 'graphs', 'hashing']"
794_C,1800.0,"['games', 'greedy', 'sortings']"
794_B,1200.0,"['geometry', 'math']"
794_A,800.0,"['brute force', 'implementation']"
793_G,3400.0,"['data structures', 'divide and conquer', 'flows', 'graph matchings']"
793_F,3000.0,"['data structures', 'divide and conquer', 'dp']"
793_E,2900.0,"['constructive algorithms', 'dfs and similar', 'dp', 'trees']"
793_D,2100.0,"['dp', 'graphs', 'shortest paths']"
793_C,2300.0,"['geometry', 'implementation', 'math', 'sortings']"
793_B,1600.0,"['dfs and similar', 'graphs', 'implementation', 'shortest paths']"
793_A,900.0,"['implementation', 'math']"
792_F,3100.0,"['data structures', 'geometry']"
792_E,2500.0,"['greedy', 'math', 'number theory']"
792_D,1900.0,"['bitmasks', 'trees']"
792_C,2000.0,"['dp', 'greedy', 'math', 'number theory']"
792_B,1300.0,['implementation']
792_A,1100.0,"['implementation', 'sortings']"
791_A,800.0,['implementation']
789_B,1700.0,"['brute force', 'implementation', 'math']"
789_A,1100.0,"['implementation', 'math']"
788_E,2900.0,['data structures']
788_D,3000.0,"['constructive algorithms', 'divide and conquer', 'interactive']"
788_C,2300.0,"['dfs and similar', 'graphs', 'shortest paths']"
788_B,2100.0,"['combinatorics', 'constructive algorithms', 'dfs and similar', 'dsu', 'graphs']"
788_A,1600.0,"['dp', 'two pointers']"
787_B,1300.0,"['greedy', 'implementation', 'math']"
787_A,1200.0,"['brute force', 'math', 'number theory']"
786_E,3200.0,"['data structures', 'flows', 'graphs', 'trees']"
786_D,3400.0,"['data structures', 'dfs and similar', 'hashing', 'strings', 'trees']"
786_C,2400.0,"['data structures', 'divide and conquer']"
786_B,2300.0,"['data structures', 'graphs', 'shortest paths']"
786_A,2000.0,"['dfs and similar', 'dp', 'games']"
785_E,2200.0,"['brute force', 'data structures']"
785_D,2300.0,"['combinatorics', 'dp', 'math', 'number theory']"
785_C,1600.0,"['binary search', 'math']"
785_B,1100.0,"['greedy', 'sortings']"
785_A,800.0,"['implementation', 'strings']"
784_G,2000.0,['*special']
784_F,1900.0,"['*special', 'implementation']"
784_E,2000.0,"['*special', 'brute force', 'implementation']"
784_D,1900.0,"['*special', 'implementation']"
784_C,1800.0,"['*special', 'implementation']"
784_B,2000.0,['*special']
784_A,1700.0,['*special']
780_H,3100.0,"['binary search', 'geometry', 'implementation', 'two pointers']"
780_G,2700.0,"['data structures', 'dp']"
780_F,2400.0,"['bitmasks', 'dp', 'graphs', 'matrices']"
780_E,2100.0,"['constructive algorithms', 'dfs and similar', 'graphs']"
780_D,1900.0,"['2-sat', 'graphs', 'greedy', 'implementation', 'shortest paths', 'strings']"
780_C,1600.0,"['dfs and similar', 'graphs', 'greedy', 'trees']"
780_B,1600.0,['binary search']
780_A,800.0,['implementation']
779_C,1200.0,"['constructive algorithms', 'greedy', 'sortings']"
779_B,1100.0,"['brute force', 'greedy']"
779_A,1000.0,"['constructive algorithms', 'math']"
778_E,3000.0,"['dp', 'sortings']"
778_D,2700.0,['constructive algorithms']
778_C,2500.0,"['brute force', 'dfs and similar', 'dsu', 'hashing', 'strings', 'trees']"
778_B,1800.0,"['bitmasks', 'brute force', 'dfs and similar', 'expression parsing', 'implementation']"
778_A,1700.0,"['binary search', 'greedy', 'strings']"
777_E,2000.0,"['brute force', 'data structures', 'dp', 'greedy', 'sortings']"
777_D,1800.0,"['binary search', 'greedy', 'implementation', 'strings']"
777_C,1600.0,"['binary search', 'data structures', 'dp', 'greedy', 'implementation', 'two pointers']"
777_B,1300.0,"['data structures', 'dp', 'greedy', 'sortings']"
777_A,1000.0,"['constructive algorithms', 'implementation', 'math']"
776_G,2900.0,"['bitmasks', 'combinatorics', 'dp']"
776_F,2800.0,"['constructive algorithms', 'data structures', 'divide and conquer', 'geometry', 'graphs', 'implementation', 'trees']"
776_E,2100.0,"['math', 'number theory']"
776_D,2000.0,"['2-sat', 'dfs and similar', 'dsu', 'graphs']"
776_C,1800.0,"['binary search', 'brute force', 'data structures', 'implementation', 'math']"
776_B,1200.0,"['constructive algorithms', 'number theory']"
776_A,900.0,"['brute force', 'implementation', 'strings']"
775_A,2900.0,['*special']
774_L,2000.0,"['*special', 'binary search']"
774_K,1600.0,"['*special', 'implementation', 'strings']"
774_J,2000.0,"['*special', 'dp']"
774_I,2300.0,"['*special', 'dp']"
774_H,2200.0,"['*special', 'constructive algorithms']"
774_G,2700.0,"['*special', 'number theory']"
774_F,2700.0,"['*special', 'binary search', 'number theory']"
774_E,2300.0,"['*special', 'math', 'number theory']"
774_D,1500.0,"['*special', 'constructive algorithms', 'implementation', 'sortings']"
774_C,1200.0,"['*special', 'constructive algorithms', 'greedy', 'implementation']"
774_B,2100.0,"['*special', 'binary search', 'data structures', 'two pointers']"
774_A,2100.0,"['*special', 'ternary search']"
773_F,3400.0,"['combinatorics', 'divide and conquer', 'dp', 'fft', 'math', 'number theory']"
773_E,3000.0,"['data structures', 'sortings']"
773_D,2700.0,"['dp', 'graphs', 'shortest paths']"
773_C,2200.0,"['binary search', 'constructive algorithms', 'greedy', 'math']"
773_B,2000.0,"['brute force', 'greedy']"
773_A,1700.0,"['binary search', 'math']"
772_E,3200.0,"['binary search', 'divide and conquer', 'interactive', 'trees']"
772_D,2700.0,"['bitmasks', 'dp']"
772_C,2300.0,"['constructive algorithms', 'dp', 'graphs', 'math', 'number theory']"
772_B,1800.0,['geometry']
772_A,1800.0,"['binary search', 'math']"
771_F,3300.0,"['geometry', 'two pointers']"
771_E,3000.0,"['dp', 'greedy']"
771_D,2500.0,['dp']
771_C,2100.0,"['dfs and similar', 'dp', 'trees']"
771_B,1500.0,"['constructive algorithms', 'greedy']"
771_A,1500.0,"['dfs and similar', 'dsu', 'graphs']"
770_D,1400.0,"['*special', 'implementation']"
770_C,1500.0,"['*special', 'dfs and similar', 'graphs', 'implementation']"
770_B,1300.0,"['*special', 'implementation', 'math']"
770_A,800.0,"['*special', 'implementation']"
769_D,1700.0,"['*special', 'bitmasks', 'brute force', 'meet-in-the-middle']"
769_C,1700.0,"['*special', 'dfs and similar', 'graphs', 'greedy', 'shortest paths']"
769_B,1200.0,"['*special', 'greedy', 'two pointers']"
769_A,800.0,"['*special', 'implementation', 'sortings']"
768_G,3300.0,"['binary search', 'data structures']"
768_F,2300.0,"['brute force', 'combinatorics', 'math', 'number theory', 'probabilities']"
768_E,2100.0,"['bitmasks', 'dp', 'games']"
768_D,2200.0,"['dp', 'math', 'probabilities']"
768_C,1800.0,"['brute force', 'dp', 'implementation', 'sortings']"
768_B,1600.0,"['constructive algorithms', 'dfs and similar', 'divide and conquer']"
768_A,900.0,"['constructive algorithms', 'sortings']"
767_E,2400.0,['greedy']
767_D,2100.0,"['binary search', 'data structures', 'greedy', 'sortings', 'two pointers']"
767_C,2000.0,"['dfs and similar', 'graphs', 'greedy', 'trees']"
767_B,2100.0,"['brute force', 'greedy']"
767_A,1100.0,"['data structures', 'implementation']"
766_E,2100.0,"['bitmasks', 'constructive algorithms', 'data structures', 'dfs and similar', 'dp', 'math', 'trees']"
766_D,2000.0,"['data structures', 'dfs and similar', 'dp', 'dsu', 'graphs']"
766_C,1700.0,"['brute force', 'dp', 'greedy', 'strings']"
766_B,1000.0,"['constructive algorithms', 'geometry', 'greedy', 'math', 'number theory', 'sortings']"
766_A,1000.0,"['constructive algorithms', 'strings']"
765_G,3200.0,"['brute force', 'dp', 'math', 'meet-in-the-middle', 'number theory']"
765_F,3100.0,['data structures']
765_E,2200.0,"['dfs and similar', 'dp', 'greedy', 'implementation', 'trees']"
765_D,1700.0,"['constructive algorithms', 'dsu', 'math']"
765_C,1200.0,['math']
765_B,1100.0,"['greedy', 'implementation', 'strings']"
765_A,900.0,"['implementation', 'math']"
764_B,900.0,"['constructive algorithms', 'implementation']"
764_A,800.0,"['brute force', 'implementation', 'math']"
763_E,2900.0,"['data structures', 'divide and conquer', 'dsu']"
763_D,2900.0,"['data structures', 'graphs', 'hashing', 'shortest paths', 'trees']"
763_C,2600.0,"['brute force', 'implementation', 'math', 'number theory']"
763_B,2100.0,"['constructive algorithms', 'geometry']"
763_A,1600.0,"['dfs and similar', 'dp', 'dsu', 'graphs', 'implementation', 'trees']"
762_F,2800.0,"['combinatorics', 'graphs', 'trees']"
762_E,2200.0,"['binary search', 'data structures']"
762_D,2300.0,"['dp', 'greedy', 'implementation']"
762_C,2100.0,"['binary search', 'hashing', 'strings', 'two pointers']"
762_B,1400.0,"['greedy', 'implementation', 'sortings', 'two pointers']"
762_A,1400.0,"['math', 'number theory']"
761_F,2600.0,"['brute force', 'data structures', 'dp', 'implementation']"
761_E,2000.0,"['constructive algorithms', 'dfs and similar', 'graphs', 'greedy', 'trees']"
761_D,1700.0,"['binary search', 'brute force', 'constructive algorithms', 'greedy', 'sortings']"
761_C,1500.0,"['brute force', 'dp', 'implementation']"
761_B,1300.0,"['brute force', 'implementation', 'math']"
761_A,1000.0,"['brute force', 'constructive algorithms', 'implementation', 'math']"
760_B,1500.0,"['binary search', 'greedy']"
760_A,800.0,"['implementation', 'math']"
758_F,2400.0,"['brute force', 'math', 'number theory']"
758_E,2600.0,"['dfs and similar', 'dp', 'graphs', 'greedy', 'trees']"
758_D,2000.0,"['constructive algorithms', 'dp', 'greedy', 'math', 'strings']"
758_C,1700.0,"['binary search', 'constructive algorithms', 'implementation', 'math']"
758_B,1100.0,"['brute force', 'implementation', 'number theory']"
758_A,800.0,"['implementation', 'math']"
757_G,3400.0,"['data structures', 'divide and conquer', 'graphs', 'trees']"
757_F,2800.0,"['data structures', 'graphs', 'shortest paths']"
757_E,2500.0,"['brute force', 'combinatorics', 'dp', 'number theory']"
757_D,2200.0,"['bitmasks', 'dp']"
757_C,1900.0,"['data structures', 'hashing', 'sortings', 'strings']"
757_B,1400.0,"['greedy', 'math', 'number theory']"
757_A,1000.0,['implementation']
756_F,3400.0,"['expression parsing', 'math', 'number theory']"
756_E,3200.0,"['combinatorics', 'dp', 'math']"
756_D,2400.0,"['brute force', 'combinatorics', 'dp', 'string suffix structures']"
756_C,2200.0,['data structures']
756_B,1600.0,"['binary search', 'dp']"
756_A,1700.0,"['constructive algorithms', 'dfs and similar']"
755_G,3200.0,"['combinatorics', 'divide and conquer', 'dp', 'fft', 'math', 'number theory']"
755_F,2600.0,"['bitmasks', 'dp', 'greedy']"
755_E,2400.0,"['constructive algorithms', 'graphs', 'shortest paths']"
755_D,2000.0,['data structures']
755_C,1300.0,"['dfs and similar', 'dsu', 'graphs', 'interactive', 'trees']"
755_B,1100.0,"['binary search', 'data structures', 'games', 'greedy', 'sortings', 'strings']"
755_A,800.0,"['brute force', 'graphs', 'math', 'number theory']"
754_E,2600.0,"['bitmasks', 'brute force', 'fft', 'strings', 'trees']"
754_D,2100.0,"['binary search', 'data structures', 'greedy', 'sortings']"
754_C,2200.0,"['brute force', 'constructive algorithms', 'dp', 'implementation', 'strings']"
754_B,1100.0,"['brute force', 'implementation']"
754_A,1200.0,"['constructive algorithms', 'greedy', 'implementation']"
753_C,2500.0,"['brute force', 'constructive algorithms', 'interactive']"
753_B,1600.0,"['brute force', 'constructive algorithms', 'implementation']"
753_A,1000.0,"['dp', 'greedy', 'math']"
750_H,3500.0,"['dfs and similar', 'dsu', 'graphs', 'interactive']"
750_G,3200.0,"['bitmasks', 'brute force', 'combinatorics', 'dp']"
750_F,2800.0,"['constructive algorithms', 'implementation', 'interactive', 'trees']"
750_E,2600.0,"['data structures', 'divide and conquer', 'dp', 'matrices']"
750_D,1900.0,"['brute force', 'data structures', 'dfs and similar', 'dp', 'implementation']"
750_C,1600.0,"['binary search', 'greedy', 'math']"
750_B,1300.0,"['geometry', 'implementation']"
750_A,800.0,"['binary search', 'brute force', 'implementation', 'math']"
749_E,2400.0,"['data structures', 'probabilities']"
749_D,2000.0,"['binary search', 'data structures']"
749_C,1500.0,"['greedy', 'implementation', 'two pointers']"
749_B,1200.0,"['brute force', 'constructive algorithms', 'geometry']"
749_A,800.0,"['greedy', 'implementation', 'math', 'number theory']"
748_F,2300.0,"['constructive algorithms', 'dfs and similar', 'graphs', 'trees']"
748_E,2100.0,"['binary search', 'data structures', 'greedy', 'two pointers']"
748_D,2100.0,"['constructive algorithms', 'data structures', 'greedy']"
748_C,1400.0,"['constructive algorithms', 'math']"
748_B,1500.0,"['implementation', 'strings']"
748_A,800.0,"['implementation', 'math']"
747_F,2500.0,"['brute force', 'combinatorics', 'dp', 'math']"
747_E,1700.0,"['dfs and similar', 'expression parsing', 'implementation', 'strings']"
747_D,1800.0,"['dp', 'greedy', 'sortings']"
747_C,1300.0,['implementation']
747_B,900.0,"['implementation', 'strings']"
747_A,800.0,"['brute force', 'math']"
746_G,2100.0,"['constructive algorithms', 'graphs', 'trees']"
746_F,2200.0,"['data structures', 'greedy', 'two pointers']"
746_E,1900.0,"['greedy', 'implementation', 'math']"
746_D,1500.0,"['constructive algorithms', 'greedy', 'math']"
746_C,1600.0,"['constructive algorithms', 'implementation', 'math']"
746_B,900.0,"['implementation', 'strings']"
746_A,800.0,"['implementation', 'math']"
745_B,1400.0,['implementation']
745_A,900.0,"['implementation', 'strings']"
744_E,3200.0,"['strings', 'two pointers']"
744_D,3200.0,['geometry']
744_C,2400.0,"['bitmasks', 'brute force', 'dp']"
744_B,1900.0,"['bitmasks', 'divide and conquer', 'interactive']"
744_A,1500.0,"['dfs and similar', 'graphs']"
743_E,2200.0,"['binary search', 'bitmasks', 'brute force', 'dp']"
743_D,1800.0,"['dfs and similar', 'dp', 'graphs', 'trees']"
743_C,1500.0,"['brute force', 'constructive algorithms', 'math', 'number theory']"
743_B,1200.0,"['binary search', 'bitmasks', 'constructive algorithms', 'implementation']"
743_A,1200.0,"['constructive algorithms', 'greedy', 'implementation']"
742_B,1500.0,"['brute force', 'math', 'number theory']"
742_A,1000.0,"['implementation', 'math', 'number theory']"
741_E,3400.0,"['data structures', 'string suffix structures']"
741_D,2900.0,"['data structures', 'dfs and similar', 'trees']"
741_C,2600.0,"['constructive algorithms', 'dfs and similar', 'graphs']"
741_B,1600.0,"['dfs and similar', 'dp', 'dsu']"
741_A,1600.0,"['dfs and similar', 'math']"
740_B,1200.0,['constructive algorithms']
740_A,1300.0,"['brute force', 'implementation']"
739_E,3000.0,"['brute force', 'data structures', 'dp', 'flows', 'math', 'probabilities', 'sortings']"
739_D,3400.0,['graph matchings']
739_C,2500.0,['data structures']
739_B,1900.0,"['binary search', 'data structures', 'dfs and similar', 'graphs', 'trees']"
739_A,1700.0,"['constructive algorithms', 'greedy']"
737_F,3300.0,"['constructive algorithms', 'math']"
737_E,3300.0,"['graph matchings', 'graphs', 'greedy', 'schedules']"
736_E,2900.0,"['constructive algorithms', 'flows', 'greedy', 'math']"
736_D,2800.0,"['math', 'matrices']"
735_E,2500.0,"['dp', 'trees']"
735_D,1600.0,"['math', 'number theory']"
735_C,1600.0,"['combinatorics', 'constructive algorithms', 'greedy', 'math']"
735_B,1100.0,"['greedy', 'number theory', 'sortings']"
735_A,800.0,"['implementation', 'strings']"
734_F,2500.0,"['bitmasks', 'constructive algorithms', 'implementation', 'math']"
734_E,2100.0,"['dfs and similar', 'dp', 'trees']"
734_D,1700.0,['implementation']
734_C,1600.0,"['binary search', 'dp', 'greedy', 'two pointers']"
734_B,800.0,"['brute force', 'greedy', 'implementation', 'math']"
734_A,800.0,"['implementation', 'strings']"
733_F,2200.0,"['data structures', 'dsu', 'graphs', 'trees']"
733_E,2400.0,"['constructive algorithms', 'data structures', 'math', 'two pointers']"
733_D,1600.0,"['data structures', 'hashing']"
733_C,1800.0,"['constructive algorithms', 'dp', 'greedy', 'two pointers']"
733_B,1100.0,['math']
733_A,1000.0,['implementation']
732_F,2300.0,"['dfs and similar', 'graphs']"
732_E,2100.0,"['greedy', 'sortings']"
732_D,1700.0,"['binary search', 'greedy', 'sortings']"
732_C,1200.0,"['binary search', 'constructive algorithms', 'greedy', 'implementation', 'math']"
732_B,1000.0,"['dp', 'greedy']"
732_A,800.0,"['brute force', 'constructive algorithms', 'implementation', 'math']"
731_F,1900.0,"['brute force', 'data structures', 'implementation', 'math', 'number theory']"
731_E,2200.0,"['dp', 'games']"
731_D,2200.0,"['brute force', 'data structures', 'greedy', 'sortings']"
731_C,1600.0,"['dfs and similar', 'dsu', 'graphs', 'greedy']"
731_B,1100.0,"['constructive algorithms', 'greedy']"
731_A,800.0,"['implementation', 'strings']"
730_L,3200.0,['data structures']
730_K,3200.0,['graphs']
730_J,1900.0,['dp']
730_I,2000.0,"['dp', 'flows', 'graphs', 'greedy']"
730_H,1300.0,"['constructive algorithms', 'implementation']"
730_G,1600.0,['implementation']
730_F,3100.0,[]
730_E,2200.0,"['greedy', 'implementation']"
730_D,2200.0,"['greedy', 'implementation', 'math']"
730_C,2100.0,"['binary search', 'dfs and similar']"
730_B,1800.0,"['constructive algorithms', 'interactive']"
730_A,1800.0,"['greedy', 'implementation']"
729_F,2500.0,['dp']
729_E,1900.0,"['constructive algorithms', 'data structures', 'graphs', 'greedy', 'sortings']"
729_D,1700.0,"['constructive algorithms', 'greedy', 'math']"
729_C,1700.0,"['binary search', 'greedy', 'sortings']"
729_B,1200.0,"['dp', 'implementation']"
729_A,900.0,"['implementation', 'strings']"
727_F,2300.0,"['binary search', 'dp', 'greedy']"
727_E,2300.0,"['data structures', 'hashing', 'string suffix structures', 'strings']"
727_D,1800.0,"['constructive algorithms', 'flows', 'greedy']"
727_C,1400.0,"['constructive algorithms', 'interactive', 'math']"
727_B,1600.0,"['expression parsing', 'implementation', 'strings']"
727_A,1000.0,"['brute force', 'dfs and similar', 'math']"
725_G,3300.0,[]
725_F,2900.0,"['games', 'greedy']"
725_E,2600.0,"['brute force', 'greedy']"
725_D,1800.0,"['data structures', 'greedy']"
725_C,1600.0,"['brute force', 'constructive algorithms', 'implementation', 'strings']"
725_B,1200.0,"['implementation', 'math']"
725_A,1000.0,['implementation']
724_G,2600.0,"['bitmasks', 'graphs', 'math', 'number theory', 'trees']"
724_F,2700.0,"['combinatorics', 'dp', 'trees']"
724_E,2900.0,"['dp', 'flows', 'greedy']"
724_D,1900.0,"['data structures', 'greedy', 'strings']"
724_C,1800.0,"['greedy', 'hashing', 'implementation', 'math', 'number theory', 'sortings']"
724_B,1500.0,"['brute force', 'greedy', 'implementation', 'math']"
724_A,1000.0,['implementation']
723_F,2300.0,"['dsu', 'graphs', 'greedy', 'implementation']"
723_E,2200.0,"['constructive algorithms', 'dfs and similar', 'flows', 'graphs', 'greedy']"
723_D,1600.0,"['dfs and similar', 'dsu', 'graphs', 'greedy', 'implementation']"
723_C,1600.0,['greedy']
723_B,1100.0,"['expression parsing', 'implementation', 'strings']"
723_A,800.0,"['implementation', 'math', 'sortings']"
722_F,2800.0,"['chinese remainder theorem', 'data structures', 'implementation', 'number theory', 'two pointers']"
722_E,2900.0,"['combinatorics', 'dp']"
722_D,1900.0,"['binary search', 'data structures', 'dfs and similar', 'greedy', 'strings', 'trees']"
722_C,1600.0,"['data structures', 'dsu']"
722_B,1200.0,"['implementation', 'strings']"
722_A,1300.0,"['brute force', 'implementation']"
721_E,2700.0,"['binary search', 'dp']"
721_D,2000.0,"['constructive algorithms', 'data structures', 'greedy', 'math']"
721_C,1800.0,"['dp', 'graphs']"
721_B,1100.0,"['implementation', 'math', 'sortings', 'strings']"
721_A,800.0,['implementation']
720_F,3100.0,['data structures']
720_E,3100.0,['implementation']
720_D,3100.0,"['data structures', 'dp', 'sortings']"
720_C,3100.0,['constructive algorithms']
720_B,2400.0,"['dfs and similar', 'flows']"
720_A,2000.0,['greedy']
719_B,1400.0,['greedy']
719_A,1100.0,['implementation']
718_E,3300.0,"['bitmasks', 'graphs']"
718_D,2900.0,"['dp', 'hashing', 'trees']"
718_C,2300.0,"['data structures', 'math', 'matrices']"
718_A,1700.0,"['dp', 'implementation', 'math']"
717_I,2800.0,['geometry']
717_H,2400.0,"['math', 'probabilities']"
717_G,2400.0,['flows']
717_F,2600.0,['data structures']
717_E,1900.0,['dfs and similar']
717_D,1900.0,"['games', 'matrices', 'probabilities']"
717_C,1200.0,"['implementation', 'sortings']"
717_B,2700.0,"['dp', 'greedy']"
717_A,2900.0,"['combinatorics', 'math', 'number theory']"
716_B,1300.0,"['greedy', 'two pointers']"
716_A,800.0,['implementation']
715_E,3400.0,"['combinatorics', 'fft', 'graphs', 'math']"
715_D,3100.0,['constructive algorithms']
715_C,2700.0,"['dfs and similar', 'divide and conquer', 'dsu', 'trees']"
715_B,2300.0,"['binary search', 'constructive algorithms', 'graphs', 'shortest paths']"
715_A,1600.0,"['constructive algorithms', 'math']"
714_B,1200.0,"['implementation', 'sortings']"
714_A,1100.0,"['implementation', 'math']"
713_E,3300.0,"['binary search', 'dp']"
713_D,2700.0,"['binary search', 'data structures']"
713_C,2300.0,"['dp', 'sortings']"
713_B,2200.0,"['binary search', 'constructive algorithms', 'interactive']"
713_A,1400.0,"['data structures', 'implementation']"
712_E,2500.0,"['data structures', 'math', 'probabilities']"
712_D,2200.0,"['combinatorics', 'dp', 'math']"
712_C,1600.0,"['greedy', 'math']"
712_B,1100.0,"['implementation', 'strings']"
712_A,800.0,"['implementation', 'math']"
711_E,2300.0,"['math', 'number theory', 'probabilities']"
711_D,1900.0,"['combinatorics', 'dfs and similar', 'graphs', 'math']"
711_C,1700.0,['dp']
711_B,1400.0,"['constructive algorithms', 'implementation']"
711_A,800.0,"['brute force', 'implementation']"
710_F,2400.0,"['brute force', 'data structures', 'hashing', 'interactive', 'string suffix structures', 'strings']"
710_E,2000.0,"['dfs and similar', 'dp']"
710_D,2500.0,"['math', 'number theory']"
710_C,1500.0,"['constructive algorithms', 'math']"
710_B,1400.0,"['brute force', 'sortings']"
710_A,800.0,['implementation']
709_B,1500.0,"['greedy', 'implementation', 'sortings']"
709_A,900.0,['implementation']
708_E,3100.0,"['dp', 'math']"
708_D,2900.0,['flows']
708_C,2300.0,"['data structures', 'dfs and similar', 'dp', 'graphs', 'greedy', 'trees']"
708_B,1900.0,"['constructive algorithms', 'greedy', 'implementation', 'math']"
708_A,1200.0,"['constructive algorithms', 'greedy', 'implementation', 'strings']"
707_E,2400.0,['data structures']
707_D,2200.0,"['bitmasks', 'data structures', 'dfs and similar', 'implementation']"
707_C,1500.0,"['math', 'number theory']"
707_B,1300.0,['graphs']
707_A,800.0,['implementation']
706_E,2500.0,"['data structures', 'implementation']"
706_D,1800.0,"['binary search', 'bitmasks', 'data structures', 'trees']"
706_C,1600.0,"['dp', 'strings']"
706_B,1100.0,"['binary search', 'dp', 'implementation']"
706_A,900.0,"['brute force', 'geometry', 'implementation']"
705_B,1100.0,"['games', 'math']"
705_A,800.0,['implementation']
704_E,3300.0,"['data structures', 'geometry', 'trees']"
704_D,3100.0,"['flows', 'greedy']"
704_C,2900.0,"['dp', 'graphs', 'implementation', 'math']"
704_B,2500.0,"['dp', 'graphs', 'greedy']"
704_A,1600.0,"['brute force', 'data structures', 'implementation']"
703_E,2600.0,"['dp', 'number theory']"
703_D,2100.0,['data structures']
703_C,2100.0,"['geometry', 'implementation']"
703_B,1400.0,"['implementation', 'math']"
703_A,800.0,['implementation']
702_F,2800.0,['data structures']
702_E,2100.0,"['data structures', 'graphs']"
702_D,1900.0,['math']
702_C,1500.0,"['binary search', 'implementation', 'two pointers']"
702_B,1500.0,"['brute force', 'data structures', 'implementation', 'math']"
702_A,800.0,"['dp', 'greedy', 'implementation']"
701_C,1500.0,"['binary search', 'strings', 'two pointers']"
701_B,1200.0,"['data structures', 'math']"
701_A,800.0,"['greedy', 'implementation']"
700_E,3300.0,"['string suffix structures', 'strings']"
700_D,3100.0,"['data structures', 'greedy']"
700_C,2600.0,"['dfs and similar', 'graphs']"
700_B,1800.0,"['dfs and similar', 'dp', 'graphs', 'trees']"
700_A,1900.0,"['binary search', 'math']"
699_B,1400.0,['implementation']
699_A,1000.0,['implementation']
698_F,3000.0,"['combinatorics', 'number theory']"
698_E,2800.0,[]
698_D,2600.0,"['brute force', 'geometry', 'math']"
698_C,2400.0,"['bitmasks', 'dp', 'math', 'probabilities']"
698_B,1700.0,"['constructive algorithms', 'dfs and similar', 'dsu', 'graphs', 'trees']"
698_A,1400.0,['dp']
697_B,1400.0,"['brute force', 'implementation', 'math', 'strings']"
697_A,900.0,"['implementation', 'math']"
696_F,3300.0,"['binary search', 'geometry', 'two pointers']"
696_E,3000.0,"['data structures', 'dsu', 'trees']"
696_D,2500.0,"['data structures', 'dp', 'matrices', 'strings']"
696_C,2000.0,"['combinatorics', 'dp', 'implementation', 'math', 'matrices']"
696_B,1700.0,"['dfs and similar', 'math', 'probabilities', 'trees']"
696_A,1500.0,"['brute force', 'data structures', 'implementation', 'trees']"
691_F,2200.0,"['brute force', 'dp', 'number theory']"
691_E,1900.0,['matrices']
691_D,1700.0,"['dfs and similar', 'dsu', 'math']"
691_C,1800.0,"['implementation', 'strings']"
691_B,1600.0,"['implementation', 'strings']"
691_A,1000.0,['implementation']
690_F3,3200.0,['trees']
690_F2,2700.0,"['constructive algorithms', 'hashing', 'trees']"
690_F1,1300.0,[]
690_E2,2600.0,[]
690_E1,1800.0,[]
690_D3,2100.0,['dp']
690_D2,1800.0,['combinatorics']
690_D1,1200.0,[]
690_C3,2200.0,['trees']
690_C2,1500.0,"['dfs and similar', 'graphs', 'trees']"
690_C1,1300.0,[]
690_B3,2600.0,['data structures']
690_B2,2600.0,['geometry']
690_B1,1700.0,[]
690_A3,2400.0,[]
690_A2,2300.0,[]
690_A1,1100.0,[]
689_E,2000.0,"['combinatorics', 'data structures', 'dp', 'geometry', 'implementation']"
689_D,2100.0,"['binary search', 'data structures']"
689_C,1700.0,"['binary search', 'combinatorics', 'math']"
689_B,1600.0,"['dfs and similar', 'graphs', 'greedy', 'shortest paths']"
689_A,1400.0,"['brute force', 'constructive algorithms', 'implementation']"
688_B,1000.0,"['constructive algorithms', 'math']"
688_A,800.0,['implementation']
687_E,2900.0,"['dfs and similar', 'graphs']"
687_D,2500.0,"['brute force', 'data structures', 'dsu', 'graphs', 'sortings']"
687_C,1900.0,['dp']
687_B,1800.0,"['chinese remainder theorem', 'math', 'number theory']"
687_A,1500.0,"['dfs and similar', 'graphs']"
686_B,1100.0,"['constructive algorithms', 'implementation', 'sortings']"
686_A,800.0,"['constructive algorithms', 'implementation']"
685_E,2800.0,"['bitmasks', 'brute force', 'divide and conquer', 'graphs']"
685_D,2600.0,"['brute force', 'implementation', 'sortings']"
685_C,2900.0,"['binary search', 'math']"
685_B,1900.0,"['data structures', 'dfs and similar', 'dp', 'trees']"
685_A,1700.0,"['brute force', 'combinatorics', 'dp', 'math']"
683_J,3000.0,['*special']
683_I,2500.0,"['*special', 'graphs']"
683_H,1900.0,['*special']
683_G,1900.0,['*special']
683_F,1800.0,['*special']
683_E,1800.0,['*special']
683_D,1400.0,"['*special', 'math']"
683_C,1600.0,['*special']
683_B,1600.0,['*special']
683_A,1200.0,"['*special', 'geometry']"
682_E,2600.0,"['geometry', 'two pointers']"
682_D,1900.0,"['dp', 'strings']"
682_C,1600.0,"['dfs and similar', 'dp', 'graphs', 'trees']"
682_B,1200.0,['sortings']
682_A,1100.0,"['constructive algorithms', 'math', 'number theory']"
681_E,2500.0,"['geometry', 'sortings']"
681_D,2000.0,"['constructive algorithms', 'dfs and similar', 'graphs', 'trees']"
681_C,1600.0,"['constructive algorithms', 'data structures', 'greedy']"
681_B,1300.0,['brute force']
681_A,800.0,['implementation']
680_B,1000.0,"['constructive algorithms', 'implementation']"
680_A,800.0,"['constructive algorithms', 'implementation']"
679_E,3100.0,['data structures']
679_D,2900.0,"['brute force', 'dfs and similar', 'graphs', 'implementation', 'math', 'probabilities']"
679_C,2400.0,"['dfs and similar', 'dsu', 'implementation']"
679_B,2200.0,"['binary search', 'dp', 'greedy']"
679_A,1400.0,"['constructive algorithms', 'interactive', 'math']"
678_F,2500.0,"['data structures', 'divide and conquer', 'geometry']"
678_E,2200.0,"['bitmasks', 'dp', 'math', 'probabilities']"
678_D,1700.0,"['math', 'number theory']"
678_C,1600.0,"['implementation', 'math', 'number theory']"
678_B,1600.0,['implementation']
678_A,800.0,"['implementation', 'math']"
677_E,2300.0,"['binary search', 'brute force', 'dp', 'implementation']"
677_D,2300.0,"['data structures', 'dp', 'graphs', 'shortest paths']"
677_C,1500.0,"['bitmasks', 'combinatorics', 'implementation', 'strings']"
677_B,1400.0,"['implementation', 'math']"
677_A,800.0,['implementation']
676_E,2400.0,['math']
676_D,2000.0,"['graphs', 'implementation', 'shortest paths']"
676_C,1500.0,"['binary search', 'dp', 'strings', 'two pointers']"
676_B,1500.0,"['implementation', 'math', 'math']"
676_A,800.0,"['constructive algorithms', 'implementation']"
675_E,2300.0,"['data structures', 'dp', 'greedy']"
675_D,1800.0,"['data structures', 'trees']"
675_C,2100.0,"['constructive algorithms', 'data structures', 'greedy', 'sortings']"
675_B,1400.0,"['brute force', 'constructive algorithms', 'math']"
675_A,1100.0,['math']
673_B,1300.0,"['greedy', 'implementation']"
673_A,800.0,['implementation']
672_B,1000.0,"['constructive algorithms', 'implementation', 'strings']"
672_A,800.0,['implementation']
671_E,3300.0,"['data structures', 'greedy']"
671_D,2900.0,"['data structures', 'dp', 'greedy']"
671_C,2800.0,"['data structures', 'number theory']"
671_B,2000.0,"['binary search', 'greedy']"
671_A,1800.0,"['dp', 'geometry', 'greedy', 'implementation']"
670_F,2300.0,"['brute force', 'constructive algorithms', 'strings']"
670_E,1700.0,"['data structures', 'dsu', 'strings']"
670_D2,1500.0,"['binary search', 'implementation']"
670_D1,1400.0,"['binary search', 'brute force', 'implementation']"
670_C,1300.0,"['implementation', 'sortings']"
670_B,1000.0,['implementation']
670_A,900.0,"['brute force', 'constructive algorithms', 'greedy', 'math']"
669_A,800.0,['math']
667_B,1100.0,"['constructive algorithms', 'geometry']"
667_A,1100.0,"['geometry', 'math']"
666_E,3100.0,"['data structures', 'string suffix structures']"
666_D,3000.0,"['brute force', 'geometry']"
666_C,2500.0,"['combinatorics', 'strings']"
666_B,2000.0,"['graphs', 'shortest paths']"
666_A,1800.0,"['dp', 'implementation', 'strings']"
665_F,2400.0,"['data structures', 'dp', 'math', 'number theory', 'sortings', 'two pointers']"
665_E,2100.0,"['data structures', 'divide and conquer', 'strings', 'trees']"
665_D,1800.0,"['constructive algorithms', 'greedy', 'number theory']"
665_C,1300.0,"['dp', 'greedy', 'strings']"
665_B,1400.0,['brute force']
665_A,1600.0,['implementation']
664_A,800.0,"['math', 'number theory']"
663_A,1800.0,"['constructive algorithms', 'expression parsing', 'greedy', 'math']"
662_E,3100.0,"['brute force', 'dp', 'greedy']"
662_D,2000.0,"['constructive algorithms', 'greedy', 'implementation', 'math']"
662_C,2600.0,"['bitmasks', 'brute force', 'divide and conquer', 'dp', 'fft', 'math']"
662_B,2200.0,"['dfs and similar', 'graphs']"
662_A,2400.0,"['bitmasks', 'math', 'matrices', 'probabilities']"
661_H,2400.0,['*special']
661_G,2200.0,['*special']
661_F,1900.0,['*special']
661_E,2000.0,['*special']
661_D,2100.0,['*special']
661_C,2000.0,['*special']
661_B,1900.0,['*special']
661_A,1300.0,['*special']
660_F,2500.0,"['binary search', 'data structures', 'divide and conquer', 'geometry', 'ternary search']"
660_E,2300.0,"['combinatorics', 'math']"
660_D,1900.0,['geometry']
660_C,1600.0,"['binary search', 'dp', 'two pointers']"
660_B,1000.0,['implementation']
660_A,1200.0,"['greedy', 'implementation', 'math', 'number theory']"
659_G,2300.0,"['combinatorics', 'dp', 'number theory']"
659_F,2000.0,"['dfs and similar', 'dsu', 'graphs', 'greedy', 'sortings']"
659_E,1600.0,"['data structures', 'dfs and similar', 'dsu', 'graphs', 'greedy']"
659_D,1500.0,"['geometry', 'implementation', 'math']"
659_C,1200.0,"['greedy', 'implementation']"
659_B,1300.0,"['constructive algorithms', 'sortings']"
659_A,1000.0,"['implementation', 'math']"
658_A,800.0,['implementation']
656_G,1900.0,['*special']
656_F,1900.0,['*special']
656_E,2000.0,['*special']
656_D,2100.0,['*special']
656_C,2000.0,['*special']
656_B,1700.0,"['*special', 'implementation']"
656_A,1900.0,['*special']
653_G,3100.0,"['combinatorics', 'math', 'number theory']"
653_F,2600.0,"['data structures', 'string suffix structures', 'strings']"
653_E,2400.0,"['dfs and similar', 'dsu', 'graphs', 'trees']"
653_D,2200.0,"['binary search', 'flows', 'graphs']"
653_C,1900.0,"['brute force', 'implementation']"
653_B,1300.0,"['brute force', 'dfs and similar', 'dp', 'strings']"
653_A,900.0,"['brute force', 'implementation', 'sortings']"
652_F,2800.0,"['constructive algorithms', 'math']"
652_E,2300.0,"['dfs and similar', 'dsu', 'graphs', 'trees']"
652_D,1800.0,"['data structures', 'sortings']"
652_C,1800.0,"['combinatorics', 'sortings', 'two pointers']"
652_B,1000.0,['sortings']
652_A,1400.0,"['implementation', 'math']"
651_B,1200.0,"['greedy', 'sortings']"
651_A,1100.0,"['dp', 'greedy', 'implementation', 'math']"
650_E,3200.0,"['data structures', 'dfs and similar', 'dsu', 'greedy', 'trees']"
650_D,2600.0,"['binary search', 'data structures', 'dp', 'hashing']"
650_C,2200.0,"['dfs and similar', 'dp', 'dsu', 'graphs', 'greedy']"
650_B,1900.0,"['binary search', 'brute force', 'dp', 'two pointers']"
650_A,1400.0,"['data structures', 'geometry', 'math']"
649_E,2100.0,"['binary search', 'data structures', 'greedy', 'sortings']"
649_D,1600.0,"['constructive algorithms', 'greedy', 'implementation']"
649_C,1500.0,"['constructive algorithms', 'greedy', 'sortings']"
649_B,1400.0,['constructive algorithms']
649_A,1000.0,"['constructive algorithms', 'implementation']"
648_E,2300.0,"['graphs', 'shortest paths']"
648_D,1900.0,"['data structures', 'greedy', 'sortings']"
648_C,1100.0,"['constructive algorithms', 'dfs and similar', 'graphs']"
648_B,800.0,"['constructive algorithms', 'sortings']"
648_A,900.0,"['constructive algorithms', 'implementation']"
645_G,3200.0,"['binary search', 'geometry']"
645_F,2500.0,"['combinatorics', 'math', 'number theory']"
645_E,2200.0,"['dp', 'greedy', 'strings']"
645_D,1800.0,"['binary search', 'dp', 'graphs']"
645_C,1600.0,"['binary search', 'two pointers']"
645_B,1200.0,"['greedy', 'math']"
645_A,1200.0,"['brute force', 'constructive algorithms', 'implementation']"
644_C,2100.0,"['*special', 'binary search', 'data structures', 'implementation', 'sortings', 'strings']"
644_B,1700.0,"['*special', 'constructive algorithms', 'data structures', 'two pointers']"
644_A,1000.0,"['*special', 'constructive algorithms']"
643_G,3200.0,['data structures']
643_F,2900.0,"['dp', 'math', 'meet-in-the-middle']"
643_E,2700.0,"['dp', 'math', 'probabilities', 'trees']"
643_D,2900.0,[]
643_C,2400.0,['dp']
643_B,1600.0,"['constructive algorithms', 'graphs']"
643_A,1500.0,['implementation']
641_G,2300.0,[]
641_F,3000.0,[]
641_E,2000.0,['data structures']
641_D,2400.0,"['dp', 'implementation', 'math', 'probabilities']"
641_C,1800.0,"['brute force', 'constructive algorithms', 'implementation']"
641_B,1400.0,['implementation']
641_A,1000.0,['implementation']
639_F,3300.0,"['data structures', 'dfs and similar', 'graphs', 'trees']"
639_E,2800.0,"['binary search', 'greedy', 'math', 'sortings']"
639_D,2400.0,"['data structures', 'greedy', 'sortings', 'two pointers']"
639_C,2200.0,"['hashing', 'implementation', 'math']"
639_B,1600.0,"['constructive algorithms', 'graphs', 'trees']"
639_A,1200.0,['implementation']
638_D,1800.0,"['brute force', 'dfs and similar', 'graphs']"
638_C,1800.0,"['*special', 'dfs and similar', 'graphs', 'greedy', 'trees']"
638_B,1500.0,"['*special', 'dfs and similar', 'strings']"
638_A,1100.0,"['*special', 'constructive algorithms', 'math']"
637_D,1600.0,"['*special', 'data structures', 'dp', 'greedy']"
637_C,1400.0,"['*special', 'brute force', 'constructive algorithms', 'implementation']"
637_B,1200.0,"['*special', 'binary search', 'constructive algorithms', 'data structures', 'sortings']"
637_A,1000.0,"['*special', 'constructive algorithms', 'implementation']"
635_A,1100.0,"['brute force', 'implementation']"
634_A,1300.0,"['constructive algorithms', 'implementation']"
633_H,3100.0,"['data structures', 'implementation']"
633_G,2800.0,"['bitmasks', 'data structures', 'dfs and similar', 'math', 'number theory']"
633_F,2600.0,"['dfs and similar', 'dp', 'graphs', 'trees']"
633_E,2400.0,"['binary search', 'constructive algorithms', 'data structures', 'probabilities', 'two pointers']"
633_D,2000.0,"['brute force', 'dp', 'hashing', 'implementation', 'math']"
633_C,1900.0,"['data structures', 'dp', 'hashing', 'implementation', 'sortings', 'string suffix structures', 'strings']"
633_B,1300.0,"['brute force', 'constructive algorithms', 'math', 'number theory']"
633_A,1100.0,"['brute force', 'math', 'number theory']"
632_F,2400.0,"['brute force', 'divide and conquer', 'graphs', 'matrices', 'trees']"
632_E,2400.0,"['divide and conquer', 'dp', 'fft', 'math']"
632_D,2100.0,"['brute force', 'math', 'number theory']"
632_C,1700.0,"['sortings', 'strings']"
632_B,1400.0,"['brute force', 'constructive algorithms']"
632_A,1200.0,[]
631_E,2600.0,"['data structures', 'dp', 'geometry']"
631_D,2100.0,"['data structures', 'hashing', 'implementation', 'string suffix structures', 'strings']"
631_C,1700.0,"['data structures', 'sortings']"
631_B,1200.0,"['constructive algorithms', 'implementation']"
631_A,900.0,"['brute force', 'implementation']"
630_R,1200.0,"['games', 'math']"
630_Q,1700.0,"['geometry', 'math']"
630_P,2100.0,['geometry']
630_O,2000.0,['geometry']
630_N,1300.0,['math']
630_M,1800.0,"['geometry', 'math']"
630_L,1400.0,"['implementation', 'math']"
630_K,1500.0,"['math', 'number theory']"
630_J,1100.0,"['math', 'number theory']"
630_I,1700.0,"['combinatorics', 'math']"
630_H,1400.0,"['combinatorics', 'math']"
630_G,1600.0,"['combinatorics', 'math']"
630_F,1300.0,"['combinatorics', 'math']"
630_E,1900.0,['math']
630_D,1100.0,['math']
630_C,1100.0,"['combinatorics', 'math']"
630_B,1200.0,['math']
630_A,800.0,['number theory']
629_E,2300.0,"['combinatorics', 'data structures', 'dfs and similar', 'dp', 'probabilities', 'trees']"
629_D,2000.0,"['data structures', 'dp']"
629_C,2000.0,"['dp', 'strings']"
629_B,1100.0,['brute force']
629_A,800.0,"['brute force', 'combinatorics', 'constructive algorithms', 'implementation']"
628_F,2500.0,"['flows', 'graphs']"
628_E,2300.0,"['data structures', 'implementation']"
628_D,2200.0,['dp']
628_C,1300.0,"['greedy', 'strings']"
628_B,1300.0,['dp']
628_A,1000.0,"['implementation', 'math']"
627_F,3400.0,"['dfs and similar', 'dsu', 'graphs', 'trees']"
627_E,3000.0,['two pointers']
627_D,2600.0,"['binary search', 'dfs and similar', 'dp', 'graphs', 'greedy', 'trees']"
627_C,2200.0,"['data structures', 'divide and conquer', 'greedy']"
627_B,1700.0,['data structures']
627_A,1700.0,"['dp', 'math']"
626_G,3100.0,"['data structures', 'dp', 'greedy', 'math']"
626_F,2400.0,['dp']
626_E,2400.0,"['binary search', 'math', 'ternary search']"
626_D,1800.0,"['brute force', 'combinatorics', 'dp', 'probabilities']"
626_C,1600.0,"['brute force', 'greedy', 'math', 'number theory']"
626_B,1300.0,"['constructive algorithms', 'dp', 'math']"
626_A,1000.0,"['brute force', 'implementation']"
625_E,2800.0,"['data structures', 'greedy']"
625_D,2400.0,"['constructive algorithms', 'implementation', 'math']"
625_C,1300.0,"['constructive algorithms', 'implementation']"
625_B,1200.0,"['constructive algorithms', 'greedy', 'strings']"
625_A,1700.0,"['implementation', 'math']"
624_B,1100.0,"['greedy', 'sortings']"
624_A,800.0,['math']
623_E,3300.0,"['combinatorics', 'dp', 'fft', 'math']"
623_D,2700.0,"['greedy', 'math', 'probabilities']"
623_C,2900.0,"['binary search', 'dp']"
623_B,2300.0,"['dp', 'greedy', 'number theory']"
623_A,1800.0,"['constructive algorithms', 'graphs']"
622_F,2600.0,['math']
622_E,2200.0,"['dfs and similar', 'greedy', 'sortings', 'trees']"
622_D,1900.0,['constructive algorithms']
622_C,1700.0,"['data structures', 'implementation']"
622_B,900.0,['implementation']
622_A,1000.0,"['implementation', 'math']"
621_E,2000.0,"['dp', 'matrices']"
621_D,2400.0,"['brute force', 'constructive algorithms', 'math']"
621_C,1700.0,"['combinatorics', 'math', 'number theory', 'probabilities']"
621_B,1300.0,"['combinatorics', 'implementation']"
621_A,900.0,['implementation']
620_F,2800.0,"['data structures', 'strings', 'trees']"
620_E,2100.0,"['bitmasks', 'data structures', 'trees']"
620_D,2200.0,"['binary search', 'two pointers']"
620_C,1500.0,['greedy']
620_B,1000.0,['implementation']
620_A,800.0,"['implementation', 'math']"
618_G,3300.0,"['dp', 'math', 'matrices', 'probabilities']"
618_F,3000.0,"['constructive algorithms', 'two pointers']"
618_E,2500.0,"['data structures', 'geometry']"
618_D,2200.0,"['dfs and similar', 'dp', 'graph matchings', 'greedy', 'trees']"
618_C,1600.0,"['geometry', 'implementation']"
618_B,1100.0,['constructive algorithms']
618_A,800.0,['implementation']
617_E,2200.0,['data structures']
617_D,1700.0,"['constructive algorithms', 'implementation']"
617_C,1600.0,['implementation']
617_B,1300.0,['combinatorics']
617_A,800.0,['math']
616_F,2700.0,"['data structures', 'sortings', 'string suffix structures', 'strings']"
616_E,2200.0,"['implementation', 'math', 'number theory']"
616_D,1600.0,"['binary search', 'data structures', 'two pointers']"
616_C,1600.0,['dfs and similar']
616_B,1000.0,"['games', 'greedy']"
616_A,900.0,"['implementation', 'strings']"
615_E,2100.0,"['binary search', 'implementation', 'math']"
615_D,2000.0,"['math', 'number theory']"
615_C,2000.0,"['dp', 'greedy', 'strings', 'trees']"
615_B,1600.0,"['dp', 'graphs']"
615_A,800.0,['implementation']
614_B,1400.0,"['implementation', 'math']"
614_A,1500.0,"['brute force', 'implementation']"
613_E,3200.0,"['dp', 'hashing', 'strings']"
613_D,2800.0,"['dfs and similar', 'divide and conquer', 'dp', 'graphs', 'sortings', 'trees']"
613_C,2500.0,"['constructive algorithms', 'math']"
613_B,1900.0,"['binary search', 'brute force', 'dp', 'greedy', 'sortings', 'two pointers']"
613_A,1900.0,"['binary search', 'geometry', 'ternary search']"
612_F,2600.0,['dp']
612_E,2200.0,"['combinatorics', 'constructive algorithms', 'dfs and similar', 'graphs', 'math']"
612_D,1800.0,"['greedy', 'sortings']"
612_C,1400.0,"['data structures', 'expression parsing', 'math']"
612_B,1200.0,"['implementation', 'math']"
612_A,1300.0,"['brute force', 'implementation', 'strings']"
611_H,3200.0,"['constructive algorithms', 'flows', 'graphs']"
611_G,2900.0,"['geometry', 'two pointers']"
611_F,2500.0,"['binary search', 'implementation']"
611_E,2400.0,"['data structures', 'greedy', 'sortings']"
611_D,2000.0,"['dp', 'hashing', 'strings']"
611_C,1500.0,"['dp', 'implementation']"
611_B,1300.0,"['bitmasks', 'brute force', 'implementation']"
611_A,900.0,['implementation']
610_E,2500.0,"['data structures', 'strings']"
610_D,2300.0,"['constructive algorithms', 'data structures', 'geometry', 'two pointers']"
610_C,1800.0,['constructive algorithms']
610_B,1300.0,"['constructive algorithms', 'implementation']"
610_A,1000.0,"['combinatorics', 'math']"
609_F,2500.0,"['data structures', 'greedy']"
609_E,2100.0,"['data structures', 'dfs and similar', 'dsu', 'graphs', 'trees']"
609_D,2000.0,"['binary search', 'greedy', 'two pointers']"
609_C,1500.0,"['implementation', 'math']"
609_B,1100.0,"['constructive algorithms', 'implementation']"
609_A,800.0,"['greedy', 'implementation', 'sortings']"
608_B,1500.0,"['combinatorics', 'strings']"
608_A,1000.0,"['implementation', 'math']"
607_E,3300.0,"['binary search', 'geometry']"
607_D,2600.0,"['data structures', 'trees']"
607_C,2500.0,"['hashing', 'strings']"
607_B,1900.0,['dp']
607_A,1600.0,"['binary search', 'dp']"
606_B,1600.0,['implementation']
606_A,1200.0,['implementation']
605_E,2700.0,"['probabilities', 'shortest paths']"
605_D,2500.0,"['data structures', 'dfs and similar']"
605_C,2400.0,['geometry']
605_B,1700.0,"['constructive algorithms', 'data structures', 'graphs']"
605_A,1600.0,"['constructive algorithms', 'greedy']"
604_B,1400.0,"['binary search', 'greedy']"
604_A,1000.0,['implementation']
603_E,3000.0,"['data structures', 'divide and conquer', 'dsu', 'math', 'trees']"
603_D,2900.0,"['geometry', 'math']"
603_C,2200.0,"['games', 'math']"
603_B,1800.0,"['combinatorics', 'dfs and similar', 'dsu', 'math', 'number theory']"
603_A,1600.0,"['dp', 'greedy', 'math']"
602_B,1400.0,"['dp', 'implementation', 'two pointers']"
602_A,1100.0,"['brute force', 'implementation']"
601_E,2800.0,"['data structures', 'dp']"
601_D,2400.0,"['data structures', 'dfs and similar', 'dsu', 'hashing', 'strings', 'trees']"
601_C,2300.0,"['dp', 'math', 'probabilities']"
601_B,2100.0,"['data structures', 'math']"
601_A,1600.0,"['graphs', 'shortest paths']"
600_F,2800.0,['graphs']
600_E,2300.0,"['data structures', 'dfs and similar', 'dsu', 'trees']"
600_D,2000.0,['geometry']
600_C,1800.0,"['constructive algorithms', 'greedy', 'strings']"
600_B,1300.0,"['binary search', 'data structures', 'sortings', 'two pointers']"
600_A,1600.0,"['implementation', 'strings']"
599_E,2600.0,"['bitmasks', 'dp', 'trees']"
599_D,1900.0,"['brute force', 'math']"
599_C,1600.0,['sortings']
599_B,1500.0,['implementation']
599_A,800.0,['implementation']
598_F,2900.0,['geometry']
598_E,2000.0,"['brute force', 'dp']"
598_D,1700.0,"['dfs and similar', 'graphs', 'shortest paths']"
598_C,2300.0,"['geometry', 'sortings']"
598_B,1300.0,"['implementation', 'strings']"
598_A,900.0,['math']
597_C,1900.0,"['data structures', 'dp']"
597_B,1600.0,"['dp', 'greedy', 'sortings']"
597_A,1600.0,['math']
596_E,2500.0,"['dfs and similar', 'dp', 'graphs', 'strings']"
596_D,2300.0,"['dp', 'math', 'probabilities', 'sortings']"
596_C,1700.0,"['combinatorics', 'greedy', 'sortings']"
596_B,1100.0,"['greedy', 'implementation']"
596_A,1100.0,"['geometry', 'implementation']"
595_B,1600.0,"['binary search', 'math']"
595_A,800.0,"['constructive algorithms', 'implementation']"
594_E,3100.0,"['string suffix structures', 'strings']"
594_D,2500.0,"['data structures', 'number theory']"
594_C,2300.0,"['brute force', 'greedy', 'implementation', 'two pointers']"
594_B,2500.0,"['binary search', 'geometry']"
594_A,2300.0,['games']
593_E,2400.0,"['dp', 'matrices']"
593_D,2400.0,"['data structures', 'dfs and similar', 'graphs', 'math', 'trees']"
593_C,2200.0,"['constructive algorithms', 'math']"
593_B,1600.0,"['geometry', 'sortings']"
593_A,1200.0,"['brute force', 'implementation']"
592_E,2700.0,"['binary search', 'geometry', 'two pointers']"
592_D,2200.0,"['dfs and similar', 'dp', 'graphs', 'trees']"
592_C,1800.0,['math']
592_B,1100.0,['math']
592_A,1200.0,['implementation']
591_B,1200.0,"['implementation', 'strings']"
591_A,900.0,"['implementation', 'math']"
590_E,3200.0,"['graph matchings', 'strings']"
590_D,2300.0,['dp']
590_C,2200.0,"['dfs and similar', 'graphs', 'shortest paths']"
590_B,2100.0,"['binary search', 'geometry', 'math']"
590_A,1700.0,['implementation']
588_B,1300.0,['math']
588_A,900.0,['greedy']
587_F,3000.0,"['data structures', 'strings']"
587_E,2900.0,['data structures']
587_D,3100.0,"['2-sat', 'binary search']"
587_C,2200.0,"['data structures', 'trees']"
587_B,2100.0,['dp']
587_A,1500.0,['greedy']
586_B,1300.0,['implementation']
586_A,900.0,['implementation']
585_F,3200.0,"['dp', 'implementation', 'strings']"
585_E,2900.0,"['combinatorics', 'math', 'number theory']"
585_D,2300.0,['meet-in-the-middle']
585_C,2400.0,['number theory']
585_B,1700.0,"['dfs and similar', 'graphs', 'shortest paths']"
585_A,1800.0,"['brute force', 'implementation']"
584_E,2300.0,"['constructive algorithms', 'greedy', 'math']"
584_D,1800.0,"['brute force', 'math', 'number theory']"
584_C,1700.0,"['constructive algorithms', 'greedy', 'strings']"
584_B,1500.0,['combinatorics']
584_A,1000.0,['math']
583_B,1200.0,"['greedy', 'implementation']"
583_A,1000.0,['implementation']
582_E,3000.0,"['bitmasks', 'dp', 'expression parsing']"
582_D,3300.0,"['dp', 'math', 'number theory']"
582_C,2400.0,['number theory']
582_B,1900.0,"['constructive algorithms', 'dp', 'matrices']"
582_A,1700.0,"['constructive algorithms', 'greedy', 'number theory']"
581_F,2400.0,"['dp', 'trees', 'two pointers']"
581_E,2800.0,"['dp', 'greedy']"
581_D,1700.0,"['bitmasks', 'brute force', 'constructive algorithms', 'geometry', 'implementation', 'math']"
581_C,1400.0,"['implementation', 'math', 'sortings']"
581_B,1100.0,"['implementation', 'math']"
581_A,800.0,"['implementation', 'math']"
580_E,2500.0,"['data structures', 'hashing', 'strings']"
580_D,1800.0,"['bitmasks', 'dp']"
580_C,1500.0,"['dfs and similar', 'graphs', 'trees']"
580_B,1500.0,"['binary search', 'sortings', 'two pointers']"
580_A,900.0,"['brute force', 'dp', 'implementation']"
579_B,1300.0,"['brute force', 'implementation', 'sortings']"
579_A,1000.0,['bitmasks']
578_F,3200.0,"['matrices', 'trees']"
578_E,2700.0,"['constructive algorithms', 'greedy']"
578_D,2700.0,"['dp', 'greedy']"
578_C,2000.0,['ternary search']
578_B,1700.0,"['brute force', 'greedy']"
578_A,1700.0,"['geometry', 'math']"
577_B,1900.0,"['combinatorics', 'data structures', 'dp', 'two pointers']"
577_A,1000.0,"['implementation', 'number theory']"
576_E,3300.0,"['binary search', 'data structures']"
576_D,2700.0,"['dp', 'matrices']"
576_C,2100.0,"['constructive algorithms', 'divide and conquer', 'geometry', 'greedy', 'sortings']"
576_B,2100.0,"['constructive algorithms', 'dfs and similar', 'greedy', 'trees']"
576_A,1500.0,"['math', 'number theory']"
575_I,2800.0,['data structures']
575_H,1800.0,"['combinatorics', 'dp', 'math', 'number theory']"
575_G,2200.0,"['dfs and similar', 'shortest paths']"
575_F,2100.0,"['dp', 'greedy']"
575_E,2800.0,['geometry']
575_D,1700.0,"['constructive algorithms', 'implementation']"
575_C,2700.0,"['bitmasks', 'brute force', 'graph matchings']"
575_B,2200.0,"['dfs and similar', 'graphs', 'trees']"
575_A,2700.0,"['data structures', 'math', 'matrices']"
574_B,1500.0,"['brute force', 'dfs and similar', 'graphs', 'hashing']"
574_A,1200.0,"['greedy', 'implementation']"
573_E,3200.0,"['data structures', 'greedy']"
573_D,3000.0,"['data structures', 'divide and conquer', 'dp']"
573_C,2300.0,"['constructive algorithms', 'dfs and similar', 'trees']"
573_B,1600.0,"['binary search', 'data structures', 'dp', 'math']"
573_A,1300.0,"['implementation', 'math', 'number theory']"
572_B,1300.0,"['data structures', 'greedy', 'implementation', 'sortings']"
572_A,900.0,['sortings']
571_E,3200.0,['math']
571_D,3100.0,"['binary search', 'data structures', 'dsu', 'trees']"
571_C,2500.0,"['constructive algorithms', 'dfs and similar', 'graphs', 'greedy']"
571_B,2000.0,"['dp', 'greedy', 'sortings']"
571_A,2100.0,"['combinatorics', 'implementation', 'math']"
570_E,2300.0,"['combinatorics', 'dp']"
570_D,2200.0,"['binary search', 'bitmasks', 'constructive algorithms', 'dfs and similar', 'graphs', 'trees']"
570_C,1600.0,"['constructive algorithms', 'data structures', 'implementation']"
570_B,1300.0,"['constructive algorithms', 'games', 'greedy', 'implementation', 'math']"
570_A,1100.0,['implementation']
569_B,1200.0,"['greedy', 'math']"
569_A,1500.0,"['implementation', 'math']"
568_E,3000.0,"['data structures', 'dp']"
568_D,2800.0,"['brute force', 'geometry', 'math']"
568_C,2600.0,"['2-sat', 'greedy']"
568_B,1900.0,"['combinatorics', 'dp', 'math']"
568_A,1600.0,"['brute force', 'implementation', 'math', 'number theory']"
567_F,2400.0,['dp']
567_E,2200.0,"['dfs and similar', 'graphs', 'hashing', 'shortest paths']"
567_D,1700.0,"['binary search', 'data structures', 'greedy', 'sortings']"
567_C,1700.0,"['binary search', 'data structures', 'dp']"
567_B,1300.0,['implementation']
567_A,900.0,"['greedy', 'implementation']"
566_G,2500.0,['geometry']
566_F,1500.0,"['dp', 'math', 'number theory']"
566_E,3200.0,"['bitmasks', 'constructive algorithms', 'trees']"
566_D,1900.0,"['data structures', 'dsu']"
566_C,3000.0,"['dfs and similar', 'divide and conquer', 'trees']"
566_B,2600.0,"['constructive algorithms', 'greedy']"
566_A,2300.0,"['dfs and similar', 'strings', 'trees']"
560_B,1200.0,"['constructive algorithms', 'implementation']"
560_A,1000.0,"['implementation', 'sortings']"
559_E,3000.0,"['dp', 'sortings']"
559_D,2800.0,"['combinatorics', 'geometry', 'probabilities']"
559_C,2200.0,"['combinatorics', 'dp', 'math', 'number theory']"
559_B,1700.0,"['divide and conquer', 'hashing', 'sortings', 'strings']"
559_A,1600.0,"['brute force', 'geometry', 'math']"
558_E,2300.0,"['data structures', 'sortings', 'strings']"
558_D,2300.0,"['data structures', 'implementation', 'sortings']"
558_C,1900.0,"['brute force', 'graphs', 'greedy', 'math', 'shortest paths']"
558_B,1300.0,['implementation']
558_A,1100.0,"['brute force', 'implementation', 'sortings']"
557_E,2300.0,"['data structures', 'dp', 'graphs', 'string suffix structures', 'strings', 'trees']"
557_D,2000.0,"['combinatorics', 'dfs and similar', 'graphs', 'math']"
557_C,1900.0,"['brute force', 'data structures', 'dp', 'greedy', 'math', 'sortings']"
557_B,1500.0,"['constructive algorithms', 'implementation', 'math', 'sortings']"
557_A,1100.0,"['greedy', 'implementation', 'math']"
556_B,1100.0,"['brute force', 'implementation']"
556_A,900.0,['greedy']
555_E,2800.0,"['dfs and similar', 'graphs', 'trees']"
555_D,2500.0,"['binary search', 'implementation', 'math']"
555_C,2200.0,['data structures']
555_B,2000.0,"['data structures', 'greedy', 'sortings']"
555_A,1500.0,['implementation']
554_B,1200.0,"['brute force', 'greedy', 'strings']"
554_A,900.0,"['brute force', 'math', 'strings']"
553_E,3200.0,"['dp', 'fft', 'graphs', 'math', 'probabilities']"
553_D,2300.0,"['binary search', 'graphs', 'greedy']"
553_C,2200.0,"['dfs and similar', 'dsu', 'graphs']"
553_B,1900.0,"['binary search', 'combinatorics', 'constructive algorithms', 'greedy', 'implementation', 'math']"
553_A,1500.0,"['combinatorics', 'dp', 'math']"
552_E,2100.0,"['brute force', 'dp', 'expression parsing', 'greedy', 'implementation', 'strings']"
552_D,1900.0,"['brute force', 'combinatorics', 'data structures', 'geometry', 'math', 'sortings']"
552_C,1900.0,"['brute force', 'dp', 'greedy', 'math', 'meet-in-the-middle', 'number theory']"
552_B,1200.0,"['implementation', 'math']"
552_A,1000.0,"['implementation', 'math']"
551_E,2500.0,"['binary search', 'data structures', 'implementation']"
551_D,2100.0,"['combinatorics', 'implementation', 'math', 'matrices', 'number theory']"
551_C,2200.0,"['binary search', 'greedy']"
551_B,1800.0,"['brute force', 'constructive algorithms', 'implementation', 'strings']"
551_A,800.0,"['brute force', 'implementation', 'sortings']"
550_E,2200.0,"['constructive algorithms', 'greedy', 'implementation', 'math']"
550_D,1900.0,"['constructive algorithms', 'graphs', 'implementation']"
550_C,1500.0,"['brute force', 'dp', 'math']"
550_B,1400.0,"['bitmasks', 'brute force']"
550_A,1500.0,"['brute force', 'dp', 'greedy', 'implementation', 'strings']"
549_H,2100.0,"['binary search', 'math']"
549_G,2200.0,"['constructive algorithms', 'greedy', 'sortings']"
549_F,2800.0,"['data structures', 'divide and conquer']"
549_E,2700.0,"['geometry', 'math']"
549_D,1900.0,"['greedy', 'implementation']"
549_C,2200.0,['games']
549_B,2300.0,"['constructive algorithms', 'dfs and similar', 'graphs', 'greedy']"
549_A,900.0,"['implementation', 'strings']"
548_B,1400.0,"['brute force', 'dp', 'greedy', 'implementation']"
548_A,1100.0,"['brute force', 'implementation', 'strings']"
547_E,2800.0,"['data structures', 'string suffix structures', 'strings', 'trees']"
547_D,2600.0,"['constructive algorithms', 'dfs and similar', 'graphs']"
547_C,2300.0,"['bitmasks', 'combinatorics', 'dp', 'math', 'number theory']"
547_B,1900.0,"['binary search', 'data structures', 'dp', 'dsu']"
547_A,2200.0,"['brute force', 'greedy', 'implementation', 'math']"
546_E,2100.0,"['flows', 'graphs', 'math']"
546_D,1700.0,"['constructive algorithms', 'dp', 'math', 'number theory']"
546_C,1400.0,"['brute force', 'dfs and similar', 'games']"
546_B,1200.0,"['brute force', 'greedy', 'implementation', 'sortings']"
546_A,800.0,"['brute force', 'implementation', 'math']"
545_E,2000.0,"['graphs', 'greedy', 'shortest paths']"
545_D,1300.0,"['greedy', 'implementation', 'sortings']"
545_C,1500.0,"['dp', 'greedy']"
545_B,1100.0,['greedy']
545_A,900.0,['implementation']
544_B,1400.0,"['constructive algorithms', 'implementation']"
544_A,1100.0,"['implementation', 'strings']"
543_E,3200.0,"['constructive algorithms', 'data structures']"
543_D,2300.0,"['dp', 'trees']"
543_C,2500.0,"['bitmasks', 'dp']"
543_B,2100.0,"['constructive algorithms', 'graphs', 'shortest paths']"
543_A,1800.0,['dp']
542_F,2100.0,"['dp', 'greedy']"
542_E,2600.0,"['graphs', 'shortest paths']"
542_D,2600.0,"['dfs and similar', 'dp', 'hashing', 'math', 'number theory']"
542_C,2000.0,"['constructive algorithms', 'graphs', 'math']"
542_B,3100.0,['data structures']
542_A,2400.0,"['data structures', 'sortings']"
540_E,2100.0,"['binary search', 'data structures', 'implementation', 'sortings', 'trees']"
540_D,1900.0,"['dp', 'probabilities']"
540_C,2000.0,['dfs and similar']
540_B,1700.0,"['greedy', 'implementation']"
540_A,800.0,['implementation']
538_H,3200.0,"['2-sat', 'data structures', 'dfs and similar', 'greedy']"
538_G,3100.0,"['constructive algorithms', 'math', 'sortings']"
538_F,2200.0,"['brute force', 'data structures', 'math', 'sortings']"
538_E,2200.0,"['dfs and similar', 'dp', 'math', 'trees']"
538_D,1800.0,"['brute force', 'constructive algorithms', 'implementation']"
538_C,1600.0,"['binary search', 'brute force', 'greedy', 'implementation', 'math']"
538_B,1400.0,"['constructive algorithms', 'dp', 'greedy', 'implementation']"
538_A,1400.0,"['brute force', 'implementation']"
536_E,3100.0,"['data structures', 'divide and conquer', 'trees']"
536_D,2900.0,"['dp', 'games']"
535_E,2600.0,"['geometry', 'math']"
535_D,1900.0,"['greedy', 'hashing', 'string suffix structures', 'strings']"
535_C,1900.0,"['binary search', 'greedy', 'math']"
535_B,1100.0,"['bitmasks', 'brute force', 'combinatorics', 'implementation']"
535_A,1000.0,"['brute force', 'implementation']"
534_F,2400.0,"['bitmasks', 'dp', 'hashing', 'meet-in-the-middle']"
534_E,2400.0,"['constructive algorithms', 'greedy', 'hashing', 'implementation']"
534_D,1900.0,"['binary search', 'constructive algorithms', 'data structures', 'greedy']"
534_C,1600.0,['math']
534_B,1400.0,"['dp', 'greedy', 'math']"
534_A,1100.0,"['constructive algorithms', 'implementation', 'math']"
533_F,2400.0,"['hashing', 'string suffix structures', 'strings']"
533_E,1800.0,"['constructive algorithms', 'dp', 'greedy', 'hashing', 'strings', 'two pointers']"
533_D,3000.0,"['data structures', 'dp']"
533_C,1700.0,"['games', 'greedy', 'implementation', 'math']"
533_B,2000.0,"['dfs and similar', 'dp', 'graphs', 'strings', 'trees']"
533_A,3000.0,"['binary search', 'data structures', 'dfs and similar', 'greedy', 'trees']"
530_I,2500.0,['*special']
530_H,2100.0,"['*special', 'geometry']"
530_G,2100.0,['*special']
530_F,2100.0,['*special']
530_E,1700.0,['*special']
530_D,1600.0,['*special']
530_C,1500.0,['*special']
530_B,1600.0,['*special']
530_A,1500.0,['*special']
529_B,1900.0,"['brute force', 'greedy', 'sortings']"
528_E,3100.0,"['geometry', 'sortings']"
528_D,2500.0,"['bitmasks', 'brute force', 'fft']"
527_E,2600.0,"['dfs and similar', 'graphs']"
527_D,1800.0,"['data structures', 'dp', 'greedy', 'implementation', 'sortings']"
527_C,1500.0,"['binary search', 'data structures', 'implementation']"
527_B,1500.0,['greedy']
527_A,1100.0,"['implementation', 'math']"
526_G,3300.0,"['greedy', 'trees']"
526_F,3000.0,"['data structures', 'divide and conquer']"
526_E,2400.0,"['dp', 'implementation']"
526_D,2200.0,"['hashing', 'string suffix structures', 'strings']"
526_C,2000.0,"['brute force', 'greedy', 'math']"
526_B,1400.0,"['dfs and similar', 'greedy', 'implementation']"
526_A,1300.0,"['brute force', 'implementation']"
525_E,2100.0,"['binary search', 'bitmasks', 'brute force', 'dp', 'math', 'meet-in-the-middle']"
525_D,2400.0,"['constructive algorithms', 'data structures', 'graphs', 'greedy', 'shortest paths']"
525_C,1600.0,"['greedy', 'math', 'sortings']"
525_B,1400.0,"['constructive algorithms', 'greedy', 'math', 'strings']"
525_A,1100.0,"['greedy', 'hashing', 'strings']"
524_F,2700.0,"['data structures', 'greedy', 'hashing', 'string suffix structures', 'strings']"
524_E,2400.0,"['data structures', 'sortings']"
524_D,2100.0,"['greedy', 'two pointers']"
524_C,1900.0,"['binary search', 'sortings']"
524_B,1700.0,"['dp', 'greedy']"
524_A,1600.0,['implementation']
523_D,1600.0,"['*special', 'data structures', 'implementation']"
523_C,1400.0,"['*special', 'greedy']"
523_B,1500.0,"['*special', 'implementation']"
523_A,1200.0,"['*special', 'implementation']"
522_D,2000.0,"['*special', 'data structures']"
522_C,2100.0,['greedy']
522_B,1100.0,"['*special', 'data structures', 'dp', 'implementation']"
522_A,1200.0,"['*special', 'dfs and similar', 'dp', 'graphs', 'trees']"
521_E,3100.0,"['dfs and similar', 'graphs']"
521_D,2800.0,['greedy']
520_E,2200.0,"['combinatorics', 'dp', 'math', 'number theory']"
520_D,2100.0,"['games', 'greedy', 'implementation']"
520_C,1500.0,"['math', 'strings']"
520_B,1400.0,"['dfs and similar', 'graphs', 'greedy', 'implementation', 'math', 'shortest paths']"
520_A,800.0,"['implementation', 'strings']"
519_E,2100.0,"['binary search', 'data structures', 'dfs and similar', 'dp', 'trees']"
519_D,1800.0,"['data structures', 'dp', 'two pointers']"
519_C,1300.0,"['greedy', 'implementation', 'math', 'number theory']"
519_B,1100.0,"['data structures', 'implementation', 'sortings']"
519_A,900.0,['implementation']
518_F,2300.0,"['binary search', 'brute force', 'combinatorics', 'dp', 'implementation']"
518_E,2200.0,"['greedy', 'implementation', 'math', 'ternary search']"
518_D,1700.0,"['combinatorics', 'dp', 'math', 'probabilities']"
518_C,1600.0,"['constructive algorithms', 'data structures', 'implementation']"
518_B,1400.0,"['greedy', 'implementation', 'strings']"
518_A,1600.0,"['constructive algorithms', 'strings']"
516_E,3100.0,"['math', 'number theory']"
516_D,2800.0,"['dfs and similar', 'dp', 'dsu', 'trees', 'two pointers']"
515_E,2300.0,['data structures']
515_D,2000.0,"['constructive algorithms', 'greedy']"
515_C,1400.0,"['greedy', 'math', 'sortings']"
515_B,1300.0,"['brute force', 'dsu', 'meet-in-the-middle', 'number theory']"
515_A,1000.0,['math']
514_E,2200.0,"['dp', 'matrices']"
514_D,2000.0,"['binary search', 'data structures', 'two pointers']"
514_C,2000.0,"['binary search', 'data structures', 'hashing', 'string suffix structures', 'strings']"
514_B,1400.0,"['brute force', 'data structures', 'geometry', 'implementation', 'math']"
514_A,1200.0,"['greedy', 'implementation']"
513_G3,3100.0,['dp']
513_G2,2400.0,"['dp', 'probabilities']"
513_G1,1800.0,"['brute force', 'dfs and similar', 'dp', 'meet-in-the-middle']"
513_F2,2800.0,['flows']
513_F1,2700.0,['flows']
513_E2,2700.0,['dp']
513_E1,2600.0,['dp']
513_D2,2600.0,"['constructive algorithms', 'data structures']"
513_D1,2400.0,['dfs and similar']
513_C,2000.0,"['bitmasks', 'probabilities']"
513_B2,1800.0,"['bitmasks', 'divide and conquer', 'math']"
513_B1,1400.0,['brute force']
513_A,800.0,"['constructive algorithms', 'math']"
512_E,2900.0,"['constructive algorithms', 'divide and conquer']"
512_D,2900.0,"['dp', 'trees']"
510_E,2300.0,['flows']
510_D,1900.0,"['bitmasks', 'brute force', 'dp', 'math']"
510_C,1600.0,"['dfs and similar', 'graphs', 'sortings']"
510_B,1500.0,['dfs and similar']
510_A,800.0,['implementation']
509_F,2300.0,"['dp', 'trees']"
509_E,2000.0,"['math', 'strings']"
509_D,2200.0,"['constructive algorithms', 'math']"
509_C,2000.0,"['dp', 'greedy', 'implementation']"
509_B,1300.0,"['constructive algorithms', 'greedy', 'implementation']"
509_A,800.0,"['brute force', 'implementation']"
508_E,2200.0,"['dp', 'greedy']"
508_D,2500.0,"['dfs and similar', 'graphs']"
508_C,1600.0,"['constructive algorithms', 'greedy']"
508_B,1300.0,"['greedy', 'math', 'strings']"
508_A,1100.0,['brute force']
507_E,2100.0,"['dfs and similar', 'dp', 'graphs', 'shortest paths']"
507_D,2200.0,"['dp', 'implementation']"
507_C,1700.0,"['implementation', 'math', 'trees']"
507_B,1400.0,"['geometry', 'math']"
507_A,1000.0,"['greedy', 'implementation', 'sortings']"
506_E,3000.0,"['combinatorics', 'dp', 'matrices', 'strings']"
506_D,2400.0,"['brute force', 'dfs and similar', 'dsu', 'graphs']"
505_E,2900.0,"['binary search', 'greedy']"
505_D,2200.0,['dfs and similar']
505_C,1900.0,"['dfs and similar', 'dp', 'two pointers']"
505_B,1400.0,"['dfs and similar', 'dp', 'dsu', 'graphs']"
505_A,1100.0,"['brute force', 'implementation', 'strings']"
504_E,3000.0,"['binary search', 'dfs and similar', 'hashing', 'string suffix structures', 'trees']"
504_D,2700.0,['bitmasks']
501_E,2500.0,"['binary search', 'combinatorics', 'implementation']"
501_D,2000.0,['data structures']
501_C,1500.0,"['constructive algorithms', 'data structures', 'greedy', 'sortings', 'trees']"
501_B,1100.0,"['data structures', 'dsu', 'strings']"
501_A,900.0,['implementation']
500_G,3200.0,"['number theory', 'trees']"
500_F,2700.0,"['divide and conquer', 'dp']"
500_E,2300.0,"['data structures', 'dp', 'dsu']"
500_D,1900.0,"['combinatorics', 'dfs and similar', 'graphs', 'trees']"
500_C,1600.0,"['constructive algorithms', 'greedy', 'implementation', 'math']"
500_B,1600.0,"['dfs and similar', 'dsu', 'graphs', 'greedy', 'math', 'sortings']"
500_A,1000.0,"['dfs and similar', 'graphs', 'implementation']"
499_B,1000.0,"['implementation', 'strings']"
499_A,1000.0,"['greedy', 'implementation']"
498_E,2700.0,"['dp', 'matrices']"
498_D,2400.0,"['data structures', 'dp', 'number theory']"
498_C,2100.0,"['flows', 'graph matchings', 'number theory']"
498_B,2400.0,"['dp', 'probabilities', 'two pointers']"
498_A,1700.0,['geometry']
497_E,2900.0,"['dp', 'matrices']"
497_D,2900.0,"['brute force', 'geometry', 'math']"
496_E,2100.0,"['greedy', 'sortings']"
496_D,1900.0,['binary search']
496_C,1500.0,"['brute force', 'constructive algorithms', 'implementation']"
496_B,1500.0,"['brute force', 'constructive algorithms', 'implementation']"
496_A,900.0,"['brute force', 'implementation', 'math']"
495_B,1600.0,"['math', 'number theory']"
495_A,1100.0,['implementation']
494_E,3200.0,"['data structures', 'games']"
494_D,2700.0,"['data structures', 'dfs and similar', 'dp', 'trees']"
494_C,2600.0,"['dp', 'probabilities']"
494_B,2000.0,"['dp', 'strings']"
494_A,1500.0,['greedy']
493_E,2800.0,['math']
493_D,1700.0,"['constructive algorithms', 'games', 'math']"
493_C,1600.0,"['binary search', 'brute force', 'data structures', 'implementation', 'sortings', 'two pointers']"
493_B,1400.0,['implementation']
493_A,1300.0,['implementation']
492_E,2000.0,['math']
492_D,1800.0,"['binary search', 'implementation', 'math', 'sortings']"
492_C,1400.0,"['greedy', 'sortings']"
492_B,1200.0,"['binary search', 'implementation', 'math', 'sortings']"
492_A,800.0,['implementation']
491_C,2300.0,"['flows', 'graph matchings']"
491_B,2100.0,"['greedy', 'math']"
491_A,1000.0,"['constructive algorithms', 'implementation']"
490_F,2200.0,"['data structures', 'dfs and similar', 'dp', 'trees']"
490_E,2000.0,"['binary search', 'brute force', 'greedy', 'implementation']"
490_D,1900.0,"['brute force', 'dfs and similar', 'math', 'meet-in-the-middle', 'number theory']"
490_C,1700.0,"['brute force', 'math', 'number theory', 'strings']"
490_B,1500.0,"['dsu', 'implementation']"
490_A,800.0,"['greedy', 'implementation', 'sortings']"
489_F,2100.0,"['combinatorics', 'dp']"
489_E,2300.0,"['binary search', 'dp']"
489_D,1700.0,"['brute force', 'combinatorics', 'dfs and similar', 'graphs']"
489_C,1400.0,"['dp', 'greedy', 'implementation']"
489_B,1200.0,"['dfs and similar', 'dp', 'graph matchings', 'greedy', 'sortings', 'two pointers']"
489_A,1200.0,"['greedy', 'implementation', 'sortings']"
488_B,1900.0,"['brute force', 'constructive algorithms', 'math']"
488_A,1100.0,['brute force']
487_E,3200.0,"['data structures', 'dfs and similar', 'graphs', 'trees']"
487_D,2700.0,['data structures']
487_C,2300.0,"['constructive algorithms', 'math', 'number theory']"
487_B,2000.0,"['binary search', 'data structures', 'dp', 'two pointers']"
487_A,1800.0,"['binary search', 'brute force', 'implementation']"
486_E,2200.0,"['data structures', 'dp', 'greedy', 'hashing', 'math']"
486_D,2100.0,"['dfs and similar', 'dp', 'math', 'trees']"
486_C,1700.0,"['brute force', 'greedy', 'implementation']"
486_B,1300.0,"['greedy', 'hashing', 'implementation']"
486_A,800.0,"['implementation', 'math']"
485_B,1300.0,"['brute force', 'greedy']"
485_A,1400.0,"['implementation', 'math', 'matrices']"
484_E,2500.0,"['binary search', 'constructive algorithms', 'data structures']"
484_D,2400.0,"['data structures', 'dp', 'greedy']"
484_C,2600.0,"['implementation', 'math']"
484_B,2100.0,"['binary search', 'math', 'sortings', 'two pointers']"
484_A,1700.0,"['bitmasks', 'constructive algorithms']"
483_B,1800.0,"['binary search', 'math']"
483_A,1100.0,"['brute force', 'implementation', 'math', 'number theory']"
482_E,3200.0,"['data structures', 'trees']"
482_D,2700.0,"['combinatorics', 'dp', 'trees']"
482_C,2600.0,"['bitmasks', 'dp', 'probabilities']"
482_B,1800.0,"['constructive algorithms', 'data structures', 'trees']"
482_A,1200.0,"['constructive algorithms', 'greedy']"
480_E,2800.0,"['data structures', 'divide and conquer']"
480_D,2600.0,"['dp', 'graphs']"
479_E,1900.0,"['combinatorics', 'dp']"
479_D,1700.0,"['binary search', 'greedy', 'implementation']"
479_C,1400.0,"['greedy', 'sortings']"
479_B,1400.0,"['brute force', 'constructive algorithms', 'greedy', 'implementation', 'sortings']"
479_A,1000.0,"['brute force', 'math']"
478_E,2900.0,"['brute force', 'dfs and similar', 'meet-in-the-middle', 'sortings']"
478_D,2000.0,['dp']
478_C,1800.0,['greedy']
478_B,1300.0,"['combinatorics', 'constructive algorithms', 'greedy', 'math']"
478_A,1100.0,['implementation']
477_E,3100.0,['data structures']
477_D,2700.0,"['dp', 'strings']"
476_E,2200.0,"['dp', 'strings']"
476_D,1900.0,"['constructive algorithms', 'greedy', 'math']"
476_C,1600.0,['math']
476_B,1300.0,"['bitmasks', 'brute force', 'combinatorics', 'dp', 'math', 'probabilities']"
476_A,1000.0,"['implementation', 'math']"
475_F,2900.0,['data structures']
475_E,2700.0,['dfs and similar']
475_D,2000.0,"['brute force', 'data structures', 'math']"
475_C,2100.0,"['brute force', 'constructive algorithms', 'greedy']"
475_B,1400.0,"['brute force', 'dfs and similar', 'graphs', 'implementation']"
475_A,1100.0,['implementation']
474_F,2100.0,"['data structures', 'math', 'number theory']"
474_E,2000.0,"['binary search', 'data structures', 'dp', 'sortings', 'trees']"
474_D,1700.0,['dp']
474_C,2000.0,"['brute force', 'geometry']"
474_B,1200.0,"['binary search', 'implementation']"
474_A,900.0,['implementation']
472_G,2800.0,"['bitmasks', 'data structures', 'fft']"
472_F,2700.0,"['constructive algorithms', 'math', 'matrices']"
472_E,2800.0,"['constructive algorithms', 'implementation']"
472_D,1900.0,"['dfs and similar', 'dsu', 'shortest paths', 'trees']"
472_C,1400.0,['greedy']
472_B,1300.0,[]
472_A,800.0,"['math', 'number theory']"
471_E,2700.0,"['data structures', 'dsu']"
471_D,1800.0,"['string suffix structures', 'strings']"
471_C,1700.0,"['binary search', 'brute force', 'greedy', 'math']"
471_B,1300.0,"['implementation', 'sortings']"
471_A,1100.0,['implementation']
470_H,2300.0,['*special']
470_G,2300.0,['*special']
470_F,2300.0,['*special']
470_E,1900.0,['*special']
470_D,1900.0,['*special']
470_C,1900.0,['*special']
470_B,1800.0,['*special']
470_A,1400.0,"['*special', 'implementation']"
469_B,1300.0,['implementation']
469_A,800.0,"['greedy', 'implementation']"
468_E,3100.0,"['dp', 'graph matchings', 'math', 'meet-in-the-middle']"
468_D,3100.0,['graph matchings']
468_C,2500.0,"['binary search', 'constructive algorithms', 'math']"
468_B,2000.0,"['2-sat', 'dfs and similar', 'dsu', 'graph matchings', 'greedy']"
468_A,1500.0,"['constructive algorithms', 'greedy', 'math']"
467_E,2300.0,"['data structures', 'dp', 'greedy']"
467_D,2400.0,"['dfs and similar', 'dp', 'graphs', 'hashing', 'strings']"
467_C,1700.0,"['dp', 'implementation']"
467_B,1100.0,"['bitmasks', 'brute force', 'constructive algorithms', 'implementation']"
467_A,800.0,['implementation']
466_E,2100.0,"['dfs and similar', 'dsu', 'graphs', 'trees']"
466_D,2100.0,"['combinatorics', 'dp']"
466_C,1700.0,"['binary search', 'brute force', 'data structures', 'dp', 'two pointers']"
466_B,2000.0,"['brute force', 'math']"
466_A,1200.0,['implementation']
465_B,1000.0,['implementation']
465_A,900.0,['implementation']
464_E,3000.0,"['data structures', 'graphs', 'shortest paths']"
464_D,2700.0,"['dp', 'probabilities']"
464_C,2100.0,['dp']
464_B,2000.0,"['brute force', 'geometry']"
464_A,1700.0,"['greedy', 'strings']"
463_E,2100.0,"['brute force', 'dfs and similar', 'math', 'number theory', 'trees']"
463_D,1900.0,"['dfs and similar', 'dp', 'graphs', 'implementation']"
463_C,1900.0,"['greedy', 'hashing', 'implementation']"
463_B,1100.0,"['brute force', 'implementation', 'math']"
463_A,1200.0,"['brute force', 'implementation']"
462_B,1300.0,['greedy']
462_A,1000.0,"['brute force', 'implementation']"
461_E,3000.0,"['binary search', 'shortest paths', 'strings']"
461_D,2800.0,"['dsu', 'math']"
461_C,2200.0,"['data structures', 'implementation']"
461_B,2000.0,"['dfs and similar', 'dp', 'trees']"
461_A,1200.0,"['greedy', 'sortings']"
460_E,2700.0,"['brute force', 'geometry', 'math', 'sortings']"
460_D,2300.0,"['brute force', 'constructive algorithms', 'math']"
460_C,1700.0,"['binary search', 'data structures', 'greedy']"
460_B,1500.0,"['brute force', 'implementation', 'math', 'number theory']"
460_A,900.0,"['brute force', 'implementation', 'math']"
459_E,1900.0,"['dp', 'sortings']"
459_D,1800.0,"['data structures', 'divide and conquer', 'sortings']"
459_C,1900.0,"['combinatorics', 'constructive algorithms', 'math']"
459_B,1300.0,"['combinatorics', 'implementation', 'sortings']"
459_A,1200.0,['implementation']
457_F,3200.0,"['dp', 'games', 'greedy', 'trees']"
457_E,3000.0,"['constructive algorithms', 'flows', 'math']"
457_D,2700.0,"['combinatorics', 'math', 'probabilities']"
457_C,2100.0,['brute force']
457_B,1900.0,['greedy']
457_A,1700.0,"['math', 'meet-in-the-middle']"
456_B,1200.0,"['math', 'number theory']"
456_A,1100.0,['sortings']
455_E,2900.0,['data structures']
455_D,2700.0,['data structures']
455_C,2100.0,"['dfs and similar', 'dp', 'dsu', 'ternary search', 'trees']"
455_B,1900.0,"['dfs and similar', 'dp', 'games', 'implementation', 'strings', 'trees']"
455_A,1500.0,['dp']
454_B,1200.0,['implementation']
454_A,800.0,['implementation']
453_E,3100.0,['data structures']
453_D,3000.0,"['dp', 'matrices']"
453_C,2200.0,"['constructive algorithms', 'dfs and similar', 'graphs']"
453_B,2000.0,"['bitmasks', 'brute force', 'dp']"
453_A,1600.0,['probabilities']
452_F,2700.0,"['data structures', 'divide and conquer', 'hashing']"
452_E,2400.0,"['data structures', 'dsu', 'string suffix structures', 'strings']"
452_D,1900.0,"['greedy', 'implementation']"
452_C,2100.0,"['combinatorics', 'math', 'probabilities']"
452_B,1800.0,"['brute force', 'constructive algorithms', 'geometry', 'trees']"
452_A,1000.0,"['brute force', 'implementation', 'strings']"
451_E,2300.0,"['bitmasks', 'combinatorics', 'number theory']"
451_D,2000.0,['math']
451_C,1700.0,"['brute force', 'implementation', 'math']"
451_B,1300.0,"['implementation', 'sortings']"
451_A,900.0,['implementation']
450_B,1300.0,"['implementation', 'math']"
450_A,1000.0,['implementation']
449_E,2900.0,"['dp', 'math', 'number theory']"
449_D,2400.0,"['bitmasks', 'combinatorics', 'dp']"
449_C,2500.0,"['constructive algorithms', 'number theory']"
449_B,2000.0,"['graphs', 'greedy', 'shortest paths']"
449_A,1700.0,"['greedy', 'math']"
448_E,2200.0,"['brute force', 'dfs and similar', 'implementation', 'number theory']"
448_D,1800.0,"['binary search', 'brute force']"
448_C,1900.0,"['divide and conquer', 'dp', 'greedy']"
448_B,1400.0,"['implementation', 'strings']"
448_A,800.0,['implementation']
447_B,1000.0,"['greedy', 'implementation']"
447_A,800.0,['implementation']
446_E,3100.0,"['math', 'matrices']"
446_D,2800.0,"['math', 'matrices', 'probabilities']"
446_C,2400.0,"['data structures', 'math', 'number theory']"
446_B,2000.0,"['brute force', 'data structures', 'greedy']"
446_A,1600.0,"['dp', 'implementation', 'two pointers']"
445_B,1400.0,"['dfs and similar', 'dsu', 'greedy']"
445_A,1200.0,"['dfs and similar', 'implementation']"
444_E,2700.0,"['binary search', 'dsu', 'trees']"
444_D,2500.0,"['binary search', 'hashing', 'strings', 'two pointers']"
444_C,2400.0,['data structures']
444_B,2300.0,['probabilities']
444_A,1600.0,"['greedy', 'math']"
443_B,1500.0,"['brute force', 'implementation', 'strings']"
443_A,800.0,"['constructive algorithms', 'implementation']"
442_E,3100.0,['geometry']
442_D,2600.0,"['data structures', 'trees']"
442_C,2500.0,"['data structures', 'greedy']"
442_B,1800.0,"['greedy', 'math', 'probabilities']"
442_A,1700.0,"['bitmasks', 'brute force', 'implementation']"
441_E,2400.0,"['bitmasks', 'dp', 'math', 'probabilities']"
441_D,2100.0,"['constructive algorithms', 'dsu', 'graphs', 'implementation', 'math', 'string suffix structures']"
441_C,1500.0,"['constructive algorithms', 'dfs and similar', 'implementation']"
441_B,1400.0,"['greedy', 'implementation']"
441_A,1000.0,['implementation']
440_D,2200.0,"['dp', 'trees']"
440_C,1800.0,"['brute force', 'dfs and similar', 'divide and conquer']"
440_B,1600.0,"['greedy', 'implementation']"
440_A,800.0,['implementation']
439_E,2100.0,"['combinatorics', 'dp', 'math']"
439_D,1700.0,"['binary search', 'sortings', 'ternary search', 'two pointers']"
439_C,1700.0,"['brute force', 'constructive algorithms', 'implementation', 'number theory']"
439_B,1200.0,"['implementation', 'sortings']"
439_A,900.0,"['greedy', 'implementation']"
438_E,3100.0,"['combinatorics', 'divide and conquer', 'fft', 'number theory']"
438_D,2300.0,"['data structures', 'math']"
437_E,2500.0,"['dp', 'geometry']"
437_D,1900.0,"['dsu', 'sortings']"
437_C,1400.0,"['graphs', 'greedy', 'sortings']"
437_B,1500.0,"['bitmasks', 'greedy', 'implementation', 'sortings']"
437_A,1300.0,['implementation']
436_F,3000.0,"['brute force', 'data structures', 'dp']"
436_E,2600.0,"['data structures', 'greedy']"
436_D,2800.0,['dp']
436_C,1800.0,"['dsu', 'graphs', 'greedy', 'trees']"
436_B,1400.0,"['implementation', 'math']"
436_A,1500.0,['greedy']
435_E,2500.0,[]
435_D,2000.0,"['brute force', 'dp', 'greedy']"
435_C,1600.0,['implementation']
435_B,1400.0,['greedy']
435_A,1000.0,['implementation']
434_E,3000.0,"['binary search', 'divide and conquer', 'sortings', 'trees']"
434_D,2900.0,['flows']
433_E,2500.0,['dp']
433_D,2000.0,"['dsu', 'implementation']"
433_C,1800.0,"['implementation', 'math', 'sortings']"
433_B,1200.0,"['dp', 'implementation', 'sortings']"
433_A,1100.0,"['brute force', 'implementation']"
432_E,2300.0,"['constructive algorithms', 'greedy']"
432_D,2000.0,"['dp', 'string suffix structures', 'strings', 'two pointers']"
432_C,1800.0,"['greedy', 'sortings']"
432_B,1200.0,"['brute force', 'greedy', 'implementation']"
432_A,800.0,"['greedy', 'implementation', 'sortings']"
431_E,2200.0,"['binary search', 'data structures', 'ternary search']"
431_D,2100.0,"['binary search', 'bitmasks', 'combinatorics', 'dp', 'math']"
431_C,1600.0,"['dp', 'implementation', 'trees']"
431_B,1200.0,"['brute force', 'implementation']"
431_A,800.0,['implementation']
430_B,1400.0,"['brute force', 'two pointers']"
430_A,1600.0,"['constructive algorithms', 'sortings']"
429_E,3000.0,['graphs']
429_D,2200.0,"['data structures', 'divide and conquer', 'geometry']"
429_C,2300.0,"['bitmasks', 'constructive algorithms', 'dp', 'greedy', 'trees']"
429_B,1600.0,['dp']
429_A,1300.0,"['dfs and similar', 'trees']"
427_E,2000.0,"['greedy', 'implementation', 'math', 'ternary search']"
427_D,2200.0,"['dp', 'string suffix structures', 'strings']"
427_C,1700.0,"['dfs and similar', 'graphs', 'two pointers']"
427_B,1100.0,"['data structures', 'implementation']"
427_A,800.0,['implementation']
426_B,1300.0,['implementation']
426_A,800.0,['implementation']
425_E,2500.0,['dp']
425_D,2300.0,"['binary search', 'data structures', 'hashing']"
425_C,2300.0,"['data structures', 'dp']"
425_B,2200.0,"['bitmasks', 'greedy']"
425_A,1500.0,"['brute force', 'sortings']"
424_E,2500.0,"['dfs and similar', 'dp', 'probabilities']"
424_D,2300.0,"['binary search', 'brute force', 'constructive algorithms', 'data structures', 'dp']"
424_C,1600.0,['math']
424_B,1200.0,"['binary search', 'greedy', 'implementation', 'sortings']"
424_A,900.0,['implementation']
421_D,1900.0,"['binary search', 'data structures', 'sortings']"
421_A,800.0,"['constructive algorithms', 'implementation']"
420_E,2600.0,['geometry']
420_D,2200.0,['data structures']
420_C,1900.0,"['data structures', 'graphs', 'implementation', 'two pointers']"
420_B,1800.0,['implementation']
420_A,1000.0,['implementation']
418_E,3100.0,['data structures']
418_D,2800.0,"['data structures', 'graphs', 'trees']"
417_E,2400.0,"['constructive algorithms', 'math', 'probabilities']"
417_D,1900.0,"['bitmasks', 'dp', 'greedy', 'sortings']"
417_C,1400.0,"['constructive algorithms', 'graphs', 'implementation']"
417_B,1400.0,['implementation']
417_A,1500.0,"['dp', 'implementation', 'math']"
416_E,2500.0,"['dp', 'graphs', 'shortest paths']"
416_D,2400.0,"['greedy', 'implementation', 'math']"
416_C,1600.0,"['binary search', 'dp', 'greedy', 'implementation']"
416_B,1300.0,"['brute force', 'dp', 'implementation']"
416_A,1400.0,"['greedy', 'implementation', 'two pointers']"
415_B,1500.0,"['binary search', 'greedy', 'implementation', 'math']"
415_A,900.0,['implementation']
414_E,3200.0,['data structures']
414_D,2300.0,"['binary search', 'data structures', 'greedy', 'trees', 'two pointers']"
414_C,2100.0,"['combinatorics', 'divide and conquer']"
414_B,1400.0,"['combinatorics', 'dp', 'number theory']"
414_A,1500.0,"['constructive algorithms', 'number theory']"
413_E,2200.0,"['data structures', 'divide and conquer']"
413_D,2000.0,"['bitmasks', 'dp']"
413_C,1400.0,"['greedy', 'math']"
413_B,1300.0,['implementation']
413_A,1200.0,['implementation']
412_E,1900.0,['implementation']
412_D,2000.0,['dfs and similar']
412_C,1200.0,"['implementation', 'strings']"
412_B,900.0,"['greedy', 'sortings']"
412_A,900.0,"['greedy', 'implementation']"
411_C,1700.0,"['*special', 'implementation']"
411_B,1600.0,['implementation']
411_A,800.0,"['*special', 'implementation']"
409_I,2400.0,['*special']
409_H,1500.0,"['*special', 'brute force', 'constructive algorithms', 'dsu', 'implementation']"
409_G,2200.0,"['*special', 'geometry']"
409_F,1900.0,['*special']
409_E,1800.0,['*special']
409_D,1700.0,['*special']
409_C,1700.0,['*special']
409_B,1700.0,['*special']
409_A,1700.0,['*special']
408_B,1200.0,['implementation']
408_A,900.0,['implementation']
407_E,3100.0,['data structures']
407_D,2700.0,"['dp', 'hashing']"
407_C,2500.0,"['brute force', 'combinatorics', 'implementation', 'math']"
407_B,1600.0,"['dp', 'implementation']"
407_A,1600.0,"['brute force', 'geometry', 'implementation', 'math']"
406_E,2800.0,"['implementation', 'math', 'two pointers']"
406_D,2200.0,"['dfs and similar', 'geometry', 'trees']"
405_E,2300.0,"['dfs and similar', 'graphs']"
405_D,1700.0,"['greedy', 'implementation', 'math']"
405_C,1600.0,"['implementation', 'math']"
405_B,1100.0,[]
405_A,900.0,"['greedy', 'implementation', 'sortings']"
404_E,2200.0,"['binary search', 'greedy', 'implementation']"
404_D,1900.0,"['dp', 'implementation']"
404_C,1800.0,"['dfs and similar', 'graphs', 'sortings']"
404_B,1500.0,"['implementation', 'math']"
404_A,1000.0,['implementation']
403_E,2900.0,"['data structures', 'implementation', 'trees']"
403_D,2300.0,"['combinatorics', 'dp']"
402_E,2200.0,"['graphs', 'math']"
402_D,1800.0,"['dp', 'greedy', 'math', 'number theory']"
402_C,1500.0,"['brute force', 'constructive algorithms', 'graphs']"
402_B,1400.0,"['brute force', 'implementation']"
402_A,1100.0,"['greedy', 'math']"
401_E,2500.0,['math']
401_D,2000.0,"['bitmasks', 'brute force', 'combinatorics', 'dp', 'number theory']"
401_C,1400.0,"['constructive algorithms', 'greedy', 'implementation']"
401_B,1200.0,"['greedy', 'implementation', 'math']"
401_A,800.0,"['implementation', 'math']"
400_E,2100.0,"['binary search', 'bitmasks', 'data structures']"
400_D,2000.0,"['dsu', 'graphs', 'shortest paths']"
400_C,1500.0,"['implementation', 'math']"
400_B,1200.0,"['brute force', 'implementation', 'schedules']"
400_A,1000.0,['implementation']
389_B,1100.0,"['greedy', 'implementation']"
389_A,1000.0,"['greedy', 'math']"
388_E,3100.0,['geometry']
388_D,2700.0,['math']
388_C,2000.0,"['games', 'greedy', 'sortings']"
388_B,1900.0,"['bitmasks', 'constructive algorithms', 'graphs', 'implementation', 'math']"
388_A,1400.0,"['greedy', 'sortings']"
387_E,2200.0,"['binary search', 'data structures']"
387_D,2200.0,['graph matchings']
387_C,1700.0,"['greedy', 'implementation']"
387_B,1200.0,"['brute force', 'greedy', 'two pointers']"
387_A,900.0,['implementation']
386_D,2100.0,"['dp', 'graphs', 'implementation', 'shortest paths']"
386_C,2000.0,"['dp', 'strings', 'two pointers']"
386_B,1400.0,"['binary search', 'brute force', 'implementation']"
386_A,800.0,['implementation']
385_E,2300.0,"['math', 'matrices']"
385_D,2200.0,"['bitmasks', 'dp', 'geometry']"
385_C,1700.0,"['binary search', 'brute force', 'data structures', 'dp', 'implementation', 'math', 'number theory']"
385_B,1200.0,"['brute force', 'greedy', 'implementation', 'math', 'strings']"
385_A,1000.0,"['brute force', 'greedy', 'implementation']"
384_B,1500.0,"['greedy', 'implementation', 'sortings', 'two pointers']"
384_A,800.0,['implementation']
383_E,2700.0,"['combinatorics', 'divide and conquer', 'dp']"
383_D,2300.0,['dp']
383_C,2000.0,"['data structures', 'dfs and similar', 'trees']"
383_B,2500.0,"['binary search', 'implementation', 'sortings', 'two pointers']"
383_A,1600.0,"['data structures', 'greedy']"
382_E,2600.0,"['combinatorics', 'dp']"
382_D,2200.0,"['dfs and similar', 'graphs', 'implementation', 'trees']"
382_C,1700.0,"['implementation', 'sortings']"
382_B,2000.0,"['binary search', 'math']"
382_A,1100.0,"['greedy', 'implementation']"
381_B,1100.0,"['greedy', 'implementation', 'sortings']"
381_A,800.0,"['greedy', 'implementation', 'two pointers']"
380_E,2600.0,['data structures']
380_D,2500.0,"['combinatorics', 'math']"
380_C,2000.0,"['data structures', 'schedules']"
380_B,2400.0,"['graphs', 'implementation']"
380_A,1600.0,"['binary search', 'brute force']"
379_G,3100.0,['dp']
379_F,2400.0,"['data structures', 'divide and conquer', 'trees']"
379_E,2500.0,"['geometry', 'schedules', 'sortings']"
379_D,2000.0,"['bitmasks', 'brute force', 'dp']"
379_C,1400.0,"['greedy', 'sortings']"
379_B,1200.0,"['constructive algorithms', 'implementation']"
379_A,1000.0,['implementation']
378_B,1300.0,"['implementation', 'sortings']"
378_A,800.0,['brute force']
377_E,2800.0,"['dp', 'geometry']"
377_D,2400.0,['data structures']
377_C,2200.0,"['bitmasks', 'dp', 'games']"
377_B,1900.0,"['binary search', 'data structures', 'greedy', 'sortings']"
377_A,1600.0,['dfs and similar']
376_B,1300.0,['implementation']
376_A,900.0,"['implementation', 'math']"
375_E,3000.0,"['dp', 'implementation', 'math']"
375_D,2400.0,"['data structures', 'dfs and similar', 'trees']"
375_C,2600.0,"['bitmasks', 'shortest paths']"
375_B,1600.0,"['data structures', 'dp', 'implementation', 'sortings']"
375_A,1600.0,"['math', 'number theory']"
374_E,2600.0,"['binary search', 'data structures', 'dsu', 'geometry', 'implementation']"
374_D,2000.0,"['binary search', 'data structures', 'dp', 'trees']"
374_C,1900.0,"['dfs and similar', 'dp', 'graphs', 'implementation']"
374_B,1500.0,"['combinatorics', 'greedy']"
374_A,2000.0,"['greedy', 'implementation']"
373_B,1600.0,"['binary search', 'implementation', 'math']"
373_A,900.0,['implementation']
372_E,3000.0,"['combinatorics', 'geometry']"
372_D,2600.0,"['binary search', 'data structures', 'dfs and similar', 'trees', 'two pointers']"
372_C,2100.0,"['data structures', 'dp', 'math']"
372_B,1900.0,"['brute force', 'divide and conquer', 'dp']"
372_A,1600.0,"['binary search', 'greedy', 'sortings', 'two pointers']"
371_E,2000.0,"['greedy', 'math', 'two pointers']"
371_D,1800.0,"['data structures', 'dsu', 'implementation', 'trees']"
371_C,1600.0,"['binary search', 'brute force']"
371_B,1300.0,"['math', 'number theory']"
371_A,1000.0,"['greedy', 'implementation', 'math']"
370_E,2500.0,"['dp', 'greedy']"
370_D,2100.0,"['brute force', 'constructive algorithms', 'greedy', 'implementation']"
370_C,1800.0,"['constructive algorithms', 'greedy', 'sortings']"
370_B,1300.0,['implementation']
370_A,1100.0,"['graphs', 'math', 'shortest paths']"
369_E,2200.0,"['binary search', 'data structures']"
369_D,2200.0,"['dfs and similar', 'dp', 'graphs', 'shortest paths']"
369_C,1600.0,"['dfs and similar', 'graphs', 'trees']"
369_B,1400.0,"['constructive algorithms', 'implementation', 'math']"
369_A,900.0,"['greedy', 'implementation']"
368_B,1100.0,"['data structures', 'dp']"
368_A,1000.0,['implementation']
367_E,2700.0,"['combinatorics', 'dp']"
367_D,2400.0,"['bitmasks', 'dfs and similar']"
367_C,2000.0,"['graphs', 'greedy', 'sortings']"
367_B,1900.0,"['binary search', 'data structures']"
367_A,1500.0,"['data structures', 'implementation']"
366_E,2200.0,"['brute force', 'implementation', 'math']"
366_D,2000.0,"['binary search', 'data structures', 'dfs and similar', 'dsu', 'shortest paths', 'two pointers']"
366_C,1900.0,['dp']
366_B,1200.0,"['brute force', 'implementation']"
366_A,1100.0,['implementation']
365_B,1100.0,['implementation']
365_A,1100.0,['implementation']
364_E,3000.0,"['divide and conquer', 'two pointers']"
364_D,2900.0,"['brute force', 'math', 'probabilities']"
364_C,2300.0,"['brute force', 'number theory']"
364_B,2200.0,"['dp', 'greedy']"
364_A,1600.0,"['combinatorics', 'data structures', 'implementation']"
363_E,2500.0,"['brute force', 'data structures', 'implementation']"
363_D,1800.0,"['binary search', 'greedy']"
363_C,1400.0,"['greedy', 'implementation']"
363_B,1100.0,"['brute force', 'dp']"
363_A,800.0,['implementation']
362_E,2300.0,"['flows', 'graphs', 'shortest paths']"
362_D,2100.0,"['data structures', 'dfs and similar', 'dsu', 'graphs', 'greedy']"
362_C,1900.0,"['data structures', 'dp', 'implementation', 'math']"
362_B,1100.0,"['implementation', 'sortings']"
362_A,1500.0,"['greedy', 'math']"
361_B,1200.0,"['constructive algorithms', 'math', 'number theory']"
361_A,800.0,"['constructive algorithms', 'implementation']"
360_E,2800.0,"['graphs', 'greedy', 'shortest paths']"
360_D,2600.0,['number theory']
360_C,2500.0,"['combinatorics', 'dp']"
360_B,2000.0,"['binary search', 'dp']"
360_A,1700.0,"['greedy', 'implementation']"
359_E,2400.0,"['constructive algorithms', 'dfs and similar']"
359_D,2000.0,"['binary search', 'brute force', 'data structures', 'math', 'two pointers']"
359_C,1900.0,"['math', 'number theory']"
359_B,1400.0,"['constructive algorithms', 'dp', 'math']"
359_A,1000.0,"['constructive algorithms', 'greedy', 'implementation']"
358_E,2300.0,"['brute force', 'dsu', 'graphs', 'implementation']"
358_D,1800.0,"['dp', 'greedy']"
358_C,2000.0,"['constructive algorithms', 'greedy', 'implementation']"
358_B,1500.0,"['brute force', 'strings']"
358_A,1400.0,"['brute force', 'implementation']"
357_B,1400.0,"['constructive algorithms', 'implementation']"
357_A,1000.0,"['brute force', 'greedy', 'implementation']"
356_E,3000.0,"['dp', 'hashing', 'implementation', 'string suffix structures', 'strings']"
356_D,2700.0,"['bitmasks', 'constructive algorithms', 'dp', 'greedy']"
356_C,2100.0,"['combinatorics', 'constructive algorithms', 'greedy', 'implementation']"
356_B,1900.0,"['implementation', 'math']"
356_A,1500.0,"['data structures', 'dsu']"
355_B,1100.0,"['greedy', 'implementation']"
355_A,1100.0,"['constructive algorithms', 'implementation']"
354_E,2200.0,"['constructive algorithms', 'dfs and similar', 'dp']"
354_D,2900.0,['dp']
354_C,2100.0,"['brute force', 'dp', 'number theory']"
354_B,2400.0,"['bitmasks', 'dp', 'games']"
354_A,1500.0,"['brute force', 'greedy', 'math']"
353_E,2200.0,"['dp', 'graph matchings', 'greedy']"
353_D,2000.0,"['constructive algorithms', 'dp']"
353_C,1600.0,"['implementation', 'math', 'number theory']"
353_B,1900.0,"['combinatorics', 'constructive algorithms', 'greedy', 'implementation', 'math', 'sortings']"
353_A,1200.0,"['implementation', 'math']"
352_B,1300.0,"['implementation', 'sortings']"
352_A,1000.0,"['brute force', 'implementation', 'math']"
351_E,2200.0,['greedy']
351_D,2700.0,['data structures']
351_C,2500.0,"['dp', 'matrices']"
351_B,1900.0,"['combinatorics', 'dp', 'probabilities']"
351_A,1800.0,"['dp', 'greedy', 'implementation', 'math']"
350_E,2200.0,"['brute force', 'constructive algorithms', 'dfs and similar', 'graphs']"
350_D,2400.0,"['binary search', 'data structures', 'geometry', 'hashing', 'sortings']"
350_C,1600.0,"['greedy', 'implementation', 'sortings']"
350_B,1500.0,['graphs']
350_A,1200.0,"['brute force', 'greedy', 'implementation']"
349_B,1700.0,"['data structures', 'dp', 'greedy', 'implementation']"
349_A,1100.0,"['greedy', 'implementation']"
348_E,2800.0,"['dfs and similar', 'dp', 'trees']"
348_D,2500.0,"['dp', 'matrices']"
348_C,2500.0,"['brute force', 'data structures']"
348_B,2100.0,"['dfs and similar', 'number theory', 'trees']"
348_A,1600.0,"['binary search', 'math', 'sortings']"
347_B,1100.0,"['brute force', 'implementation', 'math']"
347_A,1300.0,"['constructive algorithms', 'implementation', 'sortings']"
346_E,3000.0,"['math', 'number theory']"
346_D,2600.0,"['dp', 'graphs', 'shortest paths']"
346_C,2200.0,"['greedy', 'math']"
346_B,2000.0,"['dp', 'strings']"
346_A,1600.0,"['games', 'math', 'number theory']"
345_G,2200.0,"['*special', 'strings']"
345_F,2700.0,['*special']
345_E,2700.0,['*special']
345_D,2200.0,"['*special', 'dfs and similar', 'graphs']"
345_C,2000.0,['*special']
345_B,2100.0,['*special']
345_A,1500.0,"['*special', 'probabilities']"
344_B,1200.0,"['brute force', 'graphs', 'math']"
344_A,800.0,['implementation']
343_E,2900.0,"['brute force', 'dfs and similar', 'divide and conquer', 'flows', 'graphs', 'greedy', 'trees']"
343_D,2100.0,"['data structures', 'dfs and similar', 'graphs', 'trees']"
343_C,1900.0,"['binary search', 'greedy', 'two pointers']"
343_B,1600.0,"['data structures', 'greedy', 'implementation']"
343_A,1600.0,"['math', 'number theory']"
342_E,2400.0,"['data structures', 'divide and conquer', 'trees']"
342_D,2100.0,"['bitmasks', 'dfs and similar', 'dp']"
342_C,1900.0,['geometry']
342_B,1500.0,"['brute force', 'greedy', 'implementation']"
342_A,1200.0,"['greedy', 'implementation']"
341_E,3000.0,"['constructive algorithms', 'greedy']"
341_D,2500.0,['data structures']
340_E,2000.0,"['combinatorics', 'math']"
340_D,1500.0,"['binary search', 'data structures', 'dp']"
340_C,1600.0,"['combinatorics', 'implementation', 'math']"
340_B,2100.0,"['brute force', 'geometry']"
340_A,1200.0,['math']
339_E,2700.0,"['constructive algorithms', 'dfs and similar', 'greedy']"
339_D,1700.0,"['data structures', 'trees']"
339_C,1700.0,"['constructive algorithms', 'dfs and similar', 'dp', 'graphs', 'greedy', 'shortest paths']"
339_B,1000.0,['implementation']
339_A,800.0,"['greedy', 'implementation', 'sortings', 'strings']"
338_E,2600.0,['data structures']
338_D,2900.0,"['chinese remainder theorem', 'math', 'number theory']"
337_E,2200.0,"['brute force', 'number theory', 'trees']"
337_D,2000.0,"['dfs and similar', 'divide and conquer', 'dp', 'trees']"
337_C,1600.0,"['binary search', 'greedy', 'math', 'matrices', 'number theory']"
337_B,1400.0,"['greedy', 'math', 'number theory']"
337_A,900.0,['greedy']
336_E,2700.0,"['bitmasks', 'combinatorics', 'dp', 'implementation']"
336_D,2100.0,"['combinatorics', 'math', 'number theory']"
336_C,1800.0,"['brute force', 'greedy', 'implementation', 'number theory']"
336_B,1900.0,['math']
336_A,1000.0,"['implementation', 'math']"
335_F,3000.0,"['dp', 'greedy']"
335_E,2800.0,"['dp', 'math', 'probabilities']"
335_D,2400.0,"['brute force', 'dp']"
335_C,2100.0,['games']
335_B,1900.0,"['constructive algorithms', 'dp']"
335_A,1400.0,"['binary search', 'constructive algorithms', 'greedy']"
334_B,1400.0,['sortings']
334_A,1000.0,['implementation']
333_E,2500.0,"['binary search', 'bitmasks', 'brute force', 'geometry', 'sortings']"
333_D,2100.0,"['binary search', 'bitmasks', 'brute force', 'implementation', 'sortings']"
333_C,2700.0,"['brute force', 'constructive algorithms']"
333_B,1800.0,['greedy']
333_A,1600.0,['greedy']
332_E,2400.0,"['dp', 'greedy', 'implementation']"
332_D,2400.0,"['graphs', 'math']"
332_C,2200.0,"['data structures', 'greedy', 'sortings']"
332_B,1500.0,"['data structures', 'dp', 'implementation']"
332_A,1300.0,['implementation']
331_E2,3100.0,"['constructive algorithms', 'dp']"
331_E1,2900.0,"['constructive algorithms', 'graphs', 'implementation']"
331_D3,3000.0,"['data structures', 'implementation', 'trees']"
331_D2,2600.0,['graphs']
331_D1,2400.0,"['dfs and similar', 'implementation']"
331_C3,2500.0,['dp']
331_C2,2400.0,['dp']
331_C1,1100.0,['dp']
331_B2,1900.0,['data structures']
331_B1,1700.0,['implementation']
331_A2,1500.0,"['data structures', 'sortings']"
331_A1,1400.0,"['brute force', 'implementation']"
330_B,1300.0,"['constructive algorithms', 'graphs']"
330_A,800.0,"['brute force', 'implementation']"
329_E,3100.0,['math']
329_D,2500.0,['constructive algorithms']
329_C,2400.0,['constructive algorithms']
329_B,1500.0,"['dfs and similar', 'shortest paths']"
329_A,1500.0,"['constructive algorithms', 'greedy']"
328_B,1500.0,['greedy']
328_A,1800.0,['implementation']
327_E,2300.0,"['bitmasks', 'combinatorics', 'constructive algorithms', 'dp', 'meet-in-the-middle']"
327_D,1900.0,"['constructive algorithms', 'dfs and similar', 'graphs']"
327_C,1700.0,"['combinatorics', 'math']"
327_B,1200.0,['math']
327_A,1200.0,"['brute force', 'dp', 'implementation']"
325_E,2800.0,"['combinatorics', 'dfs and similar', 'dsu', 'graphs', 'greedy']"
325_D,2900.0,['dsu']
325_C,2600.0,"['dfs and similar', 'graphs', 'shortest paths']"
325_B,1800.0,"['binary search', 'math']"
325_A,1500.0,['implementation']
323_C,2400.0,['data structures']
323_B,2200.0,"['constructive algorithms', 'graphs']"
323_A,1600.0,"['combinatorics', 'constructive algorithms']"
322_B,1600.0,"['combinatorics', 'math']"
322_A,1000.0,['greedy']
321_E,2600.0,"['data structures', 'divide and conquer', 'dp']"
321_D,2900.0,"['dp', 'greedy', 'math']"
321_C,2100.0,"['constructive algorithms', 'dfs and similar', 'divide and conquer', 'greedy', 'trees']"
321_B,1900.0,"['dp', 'flows', 'greedy']"
321_A,1700.0,"['binary search', 'implementation', 'math']"
320_B,1500.0,"['dfs and similar', 'graphs']"
320_A,900.0,"['brute force', 'greedy']"
319_E,3000.0,['data structures']
319_D,2800.0,"['greedy', 'hashing', 'string suffix structures', 'strings']"
319_C,2100.0,"['dp', 'geometry']"
319_B,1900.0,"['data structures', 'implementation']"
319_A,1600.0,"['combinatorics', 'math']"
318_B,1300.0,"['implementation', 'strings', 'two pointers']"
318_A,900.0,['math']
317_E,3100.0,"['constructive algorithms', 'shortest paths']"
317_D,2300.0,"['dp', 'games']"
317_C,2500.0,"['constructive algorithms', 'dfs and similar', 'graphs', 'trees']"
317_B,2000.0,"['brute force', 'implementation']"
317_A,1600.0,['brute force']
316_G3,2400.0,['string suffix structures']
316_G2,2200.0,['string suffix structures']
316_G1,1700.0,"['hashing', 'strings']"
316_F3,2200.0,"['constructive algorithms', 'dfs and similar', 'implementation']"
316_F2,2300.0,[]
316_F1,2200.0,"['dfs and similar', 'implementation']"
316_E3,2300.0,"['data structures', 'math']"
316_E2,2300.0,"['data structures', 'math']"
316_E1,1500.0,"['brute force', 'data structures']"
316_D3,2400.0,"['dp', 'math']"
316_D2,2300.0,['dp']
316_D1,2300.0,"['brute force', 'dp']"
316_C2,2300.0,"['flows', 'graph matchings']"
316_C1,2200.0,['flows']
316_B2,1600.0,"['dfs and similar', 'dp']"
316_B1,1500.0,"['brute force', 'dfs and similar']"
316_A2,1400.0,['math']
316_A1,1100.0,['greedy']
315_B,1200.0,['implementation']
315_A,1400.0,['brute force']
314_E,2900.0,['dp']
314_D,2500.0,"['binary search', 'data structures', 'geometry', 'sortings', 'two pointers']"
314_C,2000.0,"['data structures', 'dp']"
314_B,2000.0,"['binary search', 'dfs and similar', 'strings']"
314_A,1600.0,['implementation']
313_E,2300.0,"['constructive algorithms', 'data structures', 'dsu', 'greedy']"
313_D,2100.0,['dp']
313_C,1400.0,"['constructive algorithms', 'greedy', 'implementation', 'sortings']"
313_B,1100.0,"['dp', 'implementation']"
313_A,900.0,"['implementation', 'number theory']"
312_B,1300.0,"['math', 'probabilities']"
312_A,1100.0,"['implementation', 'strings']"
311_E,2300.0,['flows']
311_D,2600.0,"['data structures', 'math']"
311_C,2500.0,"['brute force', 'data structures', 'graphs', 'shortest paths']"
311_B,2400.0,"['data structures', 'dp']"
311_A,1300.0,"['constructive algorithms', 'implementation']"
309_E,2900.0,"['binary search', 'greedy']"
309_D,2700.0,"['brute force', 'geometry']"
309_C,1900.0,"['binary search', 'bitmasks', 'greedy']"
309_B,2100.0,"['dp', 'two pointers']"
309_A,2000.0,"['binary search', 'math', 'two pointers']"
306_D,2300.0,"['constructive algorithms', 'geometry']"
306_C,2100.0,"['combinatorics', 'number theory']"
306_B,2100.0,"['data structures', 'greedy', 'sortings']"
306_A,800.0,['implementation']
305_E,2300.0,['games']
305_D,2200.0,"['combinatorics', 'math']"
305_C,1600.0,"['greedy', 'implementation']"
305_B,1700.0,"['brute force', 'implementation', 'math']"
305_A,1600.0,"['brute force', 'constructive algorithms', 'implementation']"
304_B,1300.0,"['brute force', 'implementation']"
304_A,1200.0,"['brute force', 'math']"
303_E,3000.0,"['dp', 'math', 'probabilities']"
303_D,2600.0,"['math', 'number theory']"
303_C,2400.0,"['brute force', 'graphs', 'math', 'number theory']"
303_B,1700.0,"['implementation', 'math']"
303_A,1300.0,"['constructive algorithms', 'implementation', 'math']"
302_B,1200.0,"['binary search', 'implementation', 'two pointers']"
302_A,800.0,['implementation']
301_E,2800.0,['dp']
301_D,2200.0,['data structures']
301_C,2500.0,['constructive algorithms']
301_B,2100.0,"['binary search', 'graphs', 'shortest paths']"
301_A,1800.0,['constructive algorithms']
300_E,2300.0,"['binary search', 'math', 'number theory']"
300_D,2300.0,"['dp', 'fft']"
300_C,1800.0,"['brute force', 'combinatorics']"
300_B,1500.0,"['brute force', 'dfs and similar', 'graphs']"
300_A,1100.0,"['brute force', 'constructive algorithms', 'implementation']"
299_B,900.0,"['brute force', 'implementation']"
299_A,1000.0,"['brute force', 'number theory', 'sortings']"
298_B,1200.0,"['brute force', 'greedy', 'implementation']"
298_A,1300.0,"['greedy', 'implementation']"
297_E,3000.0,['data structures']
297_D,2500.0,['constructive algorithms']
297_C,2400.0,['constructive algorithms']
297_B,1600.0,"['constructive algorithms', 'greedy']"
297_A,1700.0,['constructive algorithms']
296_B,2000.0,"['combinatorics', 'dp']"
296_A,1100.0,"['greedy', 'math']"
295_E,2500.0,['data structures']
295_D,2400.0,"['combinatorics', 'dp']"
295_C,2100.0,"['combinatorics', 'dp', 'graphs', 'shortest paths']"
295_B,1700.0,"['dp', 'graphs', 'shortest paths']"
295_A,1400.0,"['data structures', 'implementation']"
294_E,2300.0,"['dp', 'trees']"
294_D,2500.0,"['brute force', 'implementation', 'number theory']"
294_C,1900.0,"['combinatorics', 'number theory']"
294_B,1700.0,"['dp', 'greedy']"
294_A,800.0,"['implementation', 'math']"
293_E,2700.0,"['data structures', 'divide and conquer', 'trees']"
293_D,2700.0,"['geometry', 'math', 'probabilities', 'two pointers']"
293_C,2400.0,"['brute force', 'math', 'number theory']"
293_B,2700.0,"['brute force', 'combinatorics']"
293_A,1500.0,"['games', 'greedy']"
292_E,1900.0,['data structures']
292_D,1900.0,"['data structures', 'dfs and similar', 'dp', 'dsu']"
292_C,2000.0,['brute force']
292_B,1200.0,"['graphs', 'implementation']"
292_A,1100.0,['implementation']
291_E,2000.0,"['*special', 'dfs and similar', 'hashing', 'strings']"
291_D,1600.0,"['*special', 'greedy']"
291_C,1600.0,"['*special', 'bitmasks', 'brute force', 'implementation']"
291_B,1300.0,"['*special', 'implementation', 'strings']"
291_A,800.0,"['*special', 'implementation', 'sortings']"
290_F,2800.0,"['*special', 'dfs and similar', 'graphs', 'greedy']"
290_E,2500.0,"['*special', 'constructive algorithms']"
290_D,1400.0,"['*special', 'implementation']"
290_C,1700.0,"['*special', 'graph matchings', 'implementation', 'trees']"
290_B,1500.0,"['*special', 'implementation']"
290_A,1400.0,"['*special', 'implementation']"
289_B,1400.0,"['brute force', 'dp', 'implementation', 'sortings', 'ternary search']"
289_A,1100.0,"['brute force', 'implementation']"
288_E,2800.0,"['dp', 'implementation', 'math']"
288_D,2400.0,"['combinatorics', 'dfs and similar', 'trees']"
288_C,1700.0,"['implementation', 'math']"
288_B,1500.0,['combinatorics']
288_A,1300.0,['greedy']
287_B,1700.0,"['binary search', 'math']"
287_A,1100.0,"['brute force', 'implementation']"
286_E,2800.0,"['constructive algorithms', 'fft', 'math']"
286_D,2600.0,"['data structures', 'sortings']"
286_C,2100.0,"['greedy', 'implementation']"
286_B,2200.0,['implementation']
286_A,1400.0,"['constructive algorithms', 'math']"
285_E,2600.0,"['combinatorics', 'dp', 'math']"
285_D,1900.0,"['bitmasks', 'combinatorics', 'dp', 'implementation', 'meet-in-the-middle']"
285_C,1200.0,"['greedy', 'implementation', 'sortings']"
285_B,1200.0,['implementation']
285_A,1100.0,"['greedy', 'implementation']"
284_B,1000.0,"['brute force', 'implementation']"
284_A,1400.0,"['implementation', 'math', 'number theory']"
283_E,2800.0,"['combinatorics', 'data structures', 'math']"
283_D,2400.0,"['dp', 'math', 'number theory']"
283_C,2100.0,['dp']
283_B,1700.0,"['dfs and similar', 'dp', 'graphs']"
283_A,1600.0,"['constructive algorithms', 'data structures', 'implementation']"
282_E,2200.0,"['bitmasks', 'data structures', 'trees']"
282_D,2100.0,"['dp', 'games']"
282_C,1500.0,"['constructive algorithms', 'implementation', 'math']"
282_B,1500.0,"['greedy', 'math']"
282_A,800.0,['implementation']
281_B,1700.0,"['brute force', 'implementation', 'two pointers']"
281_A,800.0,"['implementation', 'strings']"
280_E,3000.0,"['brute force', 'data structures', 'dp', 'implementation', 'math']"
280_D,2800.0,"['data structures', 'flows', 'graphs', 'implementation']"
280_C,2200.0,"['implementation', 'math', 'probabilities', 'trees']"
280_B,1800.0,"['data structures', 'implementation', 'two pointers']"
280_A,2000.0,['geometry']
279_E,1900.0,"['dp', 'games', 'greedy', 'number theory']"
279_D,2200.0,"['bitmasks', 'dp']"
279_C,1700.0,"['dp', 'implementation', 'two pointers']"
279_B,1400.0,"['binary search', 'brute force', 'implementation', 'two pointers']"
279_A,1400.0,"['brute force', 'geometry', 'implementation']"
278_B,1500.0,"['brute force', 'strings']"
278_A,800.0,['implementation']
277_E,2400.0,"['flows', 'trees']"
277_D,2800.0,"['dp', 'probabilities']"
277_C,2400.0,"['games', 'implementation']"
277_B,2300.0,"['constructive algorithms', 'geometry']"
277_A,1400.0,"['dfs and similar', 'dsu']"
276_E,2100.0,"['data structures', 'graphs', 'trees']"
276_D,1700.0,"['bitmasks', 'dp', 'greedy', 'implementation', 'math']"
276_C,1500.0,"['data structures', 'greedy', 'implementation', 'sortings']"
276_B,1300.0,"['games', 'greedy']"
276_A,900.0,['implementation']
275_B,1700.0,"['constructive algorithms', 'implementation']"
275_A,900.0,['implementation']
274_E,3000.0,"['data structures', 'implementation']"
274_D,2200.0,"['dfs and similar', 'graphs', 'greedy', 'sortings']"
274_C,2600.0,"['brute force', 'geometry']"
274_B,1800.0,"['dfs and similar', 'dp', 'greedy', 'trees']"
274_A,1500.0,"['binary search', 'greedy', 'sortings']"
273_E,2600.0,"['dp', 'games']"
273_D,2400.0,['dp']
272_E,2200.0,"['combinatorics', 'constructive algorithms', 'graphs']"
272_D,1600.0,"['combinatorics', 'math', 'sortings']"
272_C,1500.0,"['data structures', 'implementation']"
272_B,1400.0,"['implementation', 'math']"
272_A,1000.0,"['implementation', 'math']"
271_E,2200.0,"['constructive algorithms', 'math', 'number theory']"
271_D,1800.0,"['data structures', 'strings']"
271_C,1500.0,"['constructive algorithms', 'implementation']"
271_B,1300.0,"['binary search', 'brute force', 'math', 'number theory']"
271_A,800.0,['brute force']
270_B,1400.0,"['data structures', 'greedy', 'implementation']"
270_A,1100.0,"['geometry', 'implementation', 'math']"
269_E,3100.0,"['geometry', 'math', 'strings']"
269_D,2600.0,"['data structures', 'dp', 'graphs', 'sortings']"
269_C,2100.0,"['constructive algorithms', 'flows', 'graphs', 'greedy']"
269_B,1700.0,['dp']
269_A,1600.0,"['greedy', 'math']"
268_E,2100.0,"['math', 'probabilities', 'sortings']"
268_D,2300.0,['dp']
268_C,1500.0,"['constructive algorithms', 'implementation']"
268_B,1000.0,"['implementation', 'math']"
268_A,800.0,['brute force']
267_C,2700.0,"['math', 'matrices']"
267_B,2000.0,"['dfs and similar', 'graphs']"
267_A,900.0,"['math', 'number theory']"
266_E,2500.0,"['data structures', 'math']"
266_D,2400.0,"['graphs', 'math', 'shortest paths']"
266_C,2100.0,"['constructive algorithms', 'greedy', 'math']"
266_B,800.0,"['constructive algorithms', 'graph matchings', 'implementation', 'shortest paths']"
266_A,800.0,['implementation']
265_B,1000.0,"['greedy', 'implementation']"
265_A,800.0,['implementation']
264_E,3000.0,"['data structures', 'dp']"
264_D,2500.0,"['dp', 'two pointers']"
264_C,2000.0,['dp']
264_B,1500.0,"['dp', 'number theory']"
264_A,1200.0,"['constructive algorithms', 'data structures', 'implementation', 'two pointers']"
263_E,2500.0,"['brute force', 'data structures', 'dp']"
263_D,1800.0,"['dfs and similar', 'graphs']"
263_C,2000.0,"['brute force', 'dfs and similar', 'implementation']"
263_B,900.0,"['greedy', 'implementation', 'sortings']"
263_A,800.0,['implementation']
262_B,1200.0,['greedy']
262_A,800.0,['implementation']
261_E,2800.0,"['brute force', 'dp', 'two pointers']"
261_D,2600.0,['dp']
261_C,2000.0,"['constructive algorithms', 'dp', 'math']"
261_B,1900.0,"['dp', 'math', 'probabilities']"
261_A,1400.0,"['greedy', 'sortings']"
260_E,2500.0,"['binary search', 'brute force', 'data structures']"
260_D,2100.0,"['constructive algorithms', 'dsu', 'graphs', 'greedy', 'trees']"
260_C,1700.0,"['constructive algorithms', 'greedy', 'implementation']"
260_B,1600.0,"['brute force', 'implementation', 'strings']"
260_A,1400.0,"['implementation', 'math']"
259_B,1100.0,"['brute force', 'implementation']"
259_A,1000.0,"['brute force', 'strings']"
258_E,2400.0,"['data structures', 'dfs and similar', 'trees']"
258_D,2600.0,"['dp', 'math', 'probabilities']"
258_C,2000.0,"['binary search', 'combinatorics', 'dp', 'math']"
258_B,1900.0,"['brute force', 'combinatorics', 'dp']"
258_A,1100.0,"['greedy', 'math']"
257_E,2200.0,"['data structures', 'implementation']"
257_D,1900.0,"['greedy', 'math']"
257_C,1800.0,"['brute force', 'geometry', 'math']"
257_B,1300.0,"['games', 'greedy', 'implementation']"
257_A,1100.0,"['greedy', 'implementation', 'sortings']"
256_E,2400.0,['data structures']
256_D,2700.0,['dp']
255_E,2200.0,"['games', 'implementation', 'math']"
255_D,1800.0,"['binary search', 'implementation', 'math']"
255_C,1500.0,"['brute force', 'dp']"
255_B,1200.0,['implementation']
255_A,800.0,['implementation']
254_E,2100.0,"['dp', 'implementation']"
254_D,2300.0,"['brute force', 'dfs and similar', 'graphs', 'implementation', 'shortest paths']"
254_C,1800.0,"['greedy', 'strings']"
254_B,1500.0,"['brute force', 'implementation']"
254_A,1200.0,"['constructive algorithms', 'sortings']"
253_E,2200.0,"['binary search', 'data structures', 'implementation', 'sortings']"
253_D,2000.0,"['brute force', 'two pointers']"
253_C,1600.0,"['data structures', 'dfs and similar', 'graphs', 'greedy', 'shortest paths']"
253_B,1400.0,"['binary search', 'dp', 'sortings', 'two pointers']"
253_A,1100.0,['greedy']
252_B,1800.0,"['brute force', 'sortings']"
252_A,1100.0,"['brute force', 'implementation']"
251_E,3000.0,"['dfs and similar', 'dp', 'implementation', 'trees']"
251_D,2700.0,"['bitmasks', 'math']"
251_C,2000.0,"['dp', 'greedy', 'number theory']"
251_B,1800.0,"['implementation', 'math']"
251_A,1300.0,"['binary search', 'combinatorics', 'two pointers']"
250_E,2000.0,['brute force']
250_D,1900.0,"['geometry', 'ternary search', 'two pointers']"
250_C,1600.0,['greedy']
250_B,1500.0,"['implementation', 'strings']"
250_A,1000.0,['greedy']
249_E,2600.0,['math']
249_D,2700.0,"['data structures', 'dp', 'geometry', 'math', 'sortings']"
248_E,2600.0,"['dp', 'math', 'probabilities']"
248_D,2300.0,"['binary search', 'greedy', 'implementation']"
248_C,2000.0,"['binary search', 'geometry']"
248_B,1400.0,"['math', 'number theory']"
248_A,800.0,['implementation']
246_E,2400.0,"['binary search', 'data structures', 'dfs and similar', 'dp', 'sortings']"
246_D,1600.0,"['brute force', 'dfs and similar', 'graphs']"
246_C,1600.0,"['brute force', 'constructive algorithms', 'greedy']"
246_B,1300.0,"['greedy', 'math']"
246_A,900.0,"['constructive algorithms', 'greedy', 'sortings']"
245_H,1800.0,"['dp', 'hashing', 'strings']"
245_G,2200.0,"['brute force', 'graphs']"
245_F,2000.0,"['binary search', 'brute force', 'implementation', 'strings']"
245_E,1400.0,"['greedy', 'implementation']"
245_D,1500.0,"['constructive algorithms', 'greedy']"
245_C,1700.0,['greedy']
245_B,1100.0,"['implementation', 'strings']"
245_A,800.0,['implementation']
244_B,1600.0,"['bitmasks', 'brute force', 'dfs and similar']"
244_A,900.0,['implementation']
243_E,3000.0,['data structures']
243_D,2700.0,"['data structures', 'dp', 'geometry', 'two pointers']"
243_C,2200.0,"['dfs and similar', 'implementation']"
243_B,2000.0,"['graphs', 'sortings']"
243_A,1600.0,['bitmasks']
242_E,2000.0,"['bitmasks', 'data structures']"
242_D,2100.0,"['dfs and similar', 'graphs', 'greedy']"
242_C,1800.0,"['dfs and similar', 'graphs', 'hashing', 'shortest paths']"
242_B,1100.0,"['implementation', 'sortings']"
242_A,1100.0,"['brute force', 'implementation']"
241_G,1900.0,['constructive algorithms']
241_F,2300.0,"['brute force', 'implementation']"
241_E,2600.0,"['graphs', 'shortest paths']"
241_D,2900.0,[]
241_C,2000.0,"['geometry', 'implementation']"
241_B,2700.0,"['binary search', 'bitmasks', 'data structures', 'math']"
241_A,1300.0,['greedy']
240_F,2600.0,['data structures']
240_E,2800.0,"['dfs and similar', 'graphs', 'greedy']"
239_B,1500.0,"['brute force', 'implementation']"
239_A,1200.0,"['greedy', 'implementation', 'math']"
238_E,2600.0,"['dp', 'graphs', 'shortest paths']"
238_D,2900.0,"['data structures', 'implementation']"
238_C,2100.0,"['dfs and similar', 'dp', 'greedy', 'trees']"
238_B,1800.0,['constructive algorithms']
238_A,1300.0,"['constructive algorithms', 'math']"
237_E,2000.0,"['flows', 'graphs']"
237_D,2000.0,"['dfs and similar', 'graphs', 'greedy', 'trees']"
237_C,1600.0,"['binary search', 'number theory', 'two pointers']"
237_B,1500.0,"['implementation', 'sortings']"
237_A,1000.0,['implementation']
236_B,1300.0,"['implementation', 'number theory']"
236_A,800.0,"['brute force', 'implementation', 'strings']"
235_E,2600.0,"['combinatorics', 'dp', 'implementation', 'math', 'number theory']"
235_D,3000.0,['graphs']
235_C,2700.0,"['data structures', 'string suffix structures', 'strings']"
235_B,2000.0,"['dp', 'math', 'probabilities']"
235_A,1600.0,['number theory']
234_H,2000.0,"['constructive algorithms', 'greedy']"
234_G,1600.0,"['constructive algorithms', 'divide and conquer', 'implementation']"
234_F,1800.0,['dp']
234_E,1600.0,['implementation']
234_D,1600.0,['implementation']
234_C,1300.0,"['dp', 'implementation']"
234_B,1000.0,['sortings']
234_A,1200.0,['implementation']
233_B,1400.0,"['binary search', 'brute force', 'math']"
233_A,800.0,"['implementation', 'math']"
232_E,3000.0,"['bitmasks', 'divide and conquer', 'dp']"
232_D,2900.0,"['binary search', 'data structures', 'string suffix structures']"
232_C,2600.0,"['constructive algorithms', 'divide and conquer', 'dp', 'graphs', 'shortest paths']"
232_B,1900.0,"['bitmasks', 'combinatorics', 'dp', 'math']"
232_A,1600.0,"['binary search', 'constructive algorithms', 'graphs', 'greedy']"
231_E,2100.0,"['data structures', 'dfs and similar', 'dp', 'graphs', 'trees']"
231_D,1600.0,"['brute force', 'geometry']"
231_C,1600.0,"['binary search', 'sortings', 'two pointers']"
231_B,1500.0,"['constructive algorithms', 'greedy']"
231_A,800.0,"['brute force', 'greedy']"
230_B,1300.0,"['binary search', 'implementation', 'math', 'number theory']"
230_A,1000.0,"['greedy', 'sortings']"
229_E,2600.0,"['combinatorics', 'dp', 'math', 'probabilities']"
229_D,2100.0,"['dp', 'greedy', 'two pointers']"
229_C,1900.0,"['combinatorics', 'graphs', 'math']"
229_B,1700.0,"['binary search', 'data structures', 'graphs', 'shortest paths']"
229_A,1500.0,"['brute force', 'two pointers']"
228_E,1900.0,"['2-sat', 'dfs and similar', 'dsu', 'graphs']"
228_D,2100.0,['data structures']
228_C,2000.0,"['dp', 'hashing']"
228_B,1400.0,"['brute force', 'implementation']"
228_A,800.0,['implementation']
227_B,1100.0,['implementation']
227_A,1300.0,['geometry']
226_E,2900.0,"['data structures', 'trees']"
226_D,2100.0,"['constructive algorithms', 'greedy']"
226_C,2400.0,"['data structures', 'implementation', 'math', 'matrices', 'number theory']"
226_B,1900.0,['greedy']
226_A,1400.0,['math']
225_E,2100.0,"['math', 'number theory']"
225_D,2200.0,"['bitmasks', 'dfs and similar', 'graphs', 'implementation']"
225_C,1700.0,"['dp', 'matrices']"
225_B,1600.0,"['binary search', 'greedy', 'number theory']"
225_A,1100.0,"['constructive algorithms', 'greedy']"
224_B,1500.0,"['bitmasks', 'implementation', 'two pointers']"
224_A,1100.0,"['brute force', 'geometry', 'math']"
223_E,3000.0,"['flows', 'geometry', 'graphs']"
223_D,3000.0,"['geometry', 'graphs']"
223_C,1900.0,"['combinatorics', 'math', 'number theory']"
223_B,1900.0,"['data structures', 'dp', 'strings']"
223_A,1700.0,"['data structures', 'expression parsing', 'implementation']"
222_E,1900.0,"['dp', 'matrices']"
222_D,1900.0,"['binary search', 'greedy', 'sortings', 'two pointers']"
222_C,1800.0,"['implementation', 'math', 'number theory', 'sortings']"
222_B,1300.0,"['data structures', 'implementation']"
222_A,1200.0,"['brute force', 'implementation']"
221_B,1300.0,['implementation']
221_A,1000.0,"['implementation', 'math']"
220_E,2400.0,"['data structures', 'two pointers']"
220_D,2500.0,"['geometry', 'math']"
220_C,2100.0,['data structures']
220_B,1800.0,"['constructive algorithms', 'data structures']"
220_A,1300.0,"['implementation', 'sortings']"
219_E,2200.0,['data structures']
219_D,1700.0,"['dfs and similar', 'dp', 'graphs', 'trees']"
219_C,1600.0,"['brute force', 'dp', 'greedy']"
219_B,1400.0,['implementation']
219_A,1000.0,"['implementation', 'strings']"
218_B,1100.0,['implementation']
218_A,1100.0,"['brute force', 'constructive algorithms', 'implementation']"
217_E,2800.0,"['data structures', 'dsu', 'trees']"
217_D,2900.0,"['bitmasks', 'brute force', 'combinatorics', 'dfs and similar', 'math']"
217_C,2600.0,"['divide and conquer', 'dp', 'expression parsing']"
217_B,2100.0,"['brute force', 'math']"
217_A,1200.0,"['brute force', 'dfs and similar', 'dsu', 'graphs']"
216_E,2000.0,"['math', 'number theory']"
216_D,1700.0,"['binary search', 'sortings', 'two pointers']"
216_C,1800.0,['greedy']
216_B,1700.0,"['dfs and similar', 'implementation']"
216_A,1200.0,"['implementation', 'math']"
215_E,2100.0,"['combinatorics', 'dp', 'number theory']"
215_D,1900.0,['greedy']
215_C,2100.0,"['brute force', 'implementation']"
215_B,1300.0,"['greedy', 'math']"
215_A,900.0,"['brute force', 'implementation']"
214_B,1600.0,"['brute force', 'constructive algorithms', 'greedy', 'math']"
214_A,800.0,['brute force']
213_E,2700.0,"['data structures', 'hashing', 'strings']"
213_D,2300.0,"['constructive algorithms', 'geometry']"
213_C,2000.0,['dp']
213_B,1900.0,"['combinatorics', 'dp']"
213_A,1700.0,"['dfs and similar', 'greedy']"
212_E,1500.0,"['dfs and similar', 'dp', 'trees']"
212_D,2500.0,"['binary search', 'data structures', 'dsu']"
212_C,2100.0,"['combinatorics', 'dp', 'math']"
212_B,2300.0,"['bitmasks', 'hashing', 'implementation']"
212_A,3000.0,"['flows', 'graphs']"
209_C,2400.0,"['constructive algorithms', 'dsu', 'graphs', 'greedy']"
209_B,2100.0,"['constructive algorithms', 'math']"
209_A,1600.0,"['dp', 'math']"
208_E,2100.0,"['binary search', 'data structures', 'dfs and similar', 'trees']"
208_D,1200.0,['implementation']
208_C,1900.0,"['dp', 'graphs', 'shortest paths']"
208_B,1900.0,"['dfs and similar', 'dp']"
208_A,900.0,['strings']
207_D9,1800.0,[]
207_D8,2300.0,[]
207_D7,1600.0,[]
207_D6,2100.0,[]
207_D5,1600.0,[]
207_D4,2100.0,[]
207_D3,2000.0,[]
207_D2,2000.0,[]
207_D10,2100.0,[]
207_D1,1800.0,[]
207_C3,2700.0,['data structures']
207_C2,2200.0,[]
207_C1,2100.0,[]
207_B3,1700.0,[]
207_B2,1900.0,[]
207_B1,1600.0,[]
207_A3,2000.0,['greedy']
207_A2,1800.0,['greedy']
207_A1,1600.0,['greedy']
205_B,1400.0,"['brute force', 'greedy']"
205_A,900.0,"['brute force', 'implementation']"
204_E,2800.0,"['data structures', 'implementation', 'string suffix structures', 'two pointers']"
204_D,2400.0,['dp']
204_C,2000.0,"['math', 'probabilities']"
204_B,1500.0,"['binary search', 'data structures']"
204_A,1500.0,"['binary search', 'combinatorics', 'dp']"
203_E,2300.0,"['greedy', 'sortings', 'two pointers']"
203_D,1700.0,"['geometry', 'implementation', 'math']"
203_C,1400.0,"['greedy', 'sortings']"
203_B,1300.0,"['brute force', 'implementation']"
203_A,1200.0,"['brute force', 'implementation']"
202_B,1700.0,['brute force']
202_A,800.0,"['binary search', 'bitmasks', 'brute force', 'greedy', 'implementation', 'strings']"
201_E,2600.0,"['binary search', 'combinatorics']"
201_D,2600.0,"['bitmasks', 'brute force', 'dp']"
201_C,2000.0,['dp']
201_B,1800.0,"['math', 'ternary search']"
201_A,1700.0,"['constructive algorithms', 'dp', 'math']"
200_E,2400.0,"['implementation', 'math', 'number theory', 'ternary search']"
200_D,1800.0,"['binary search', 'brute force', 'expression parsing', 'implementation']"
200_C,1800.0,"['brute force', 'implementation']"
200_B,800.0,"['implementation', 'math']"
200_A,2400.0,"['brute force', 'data structures']"
199_B,1900.0,['geometry']
199_A,900.0,"['brute force', 'constructive algorithms', 'implementation', 'number theory']"
198_E,2400.0,"['binary search', 'data structures', 'sortings']"
198_D,2700.0,['constructive algorithms']
198_C,2400.0,"['binary search', 'geometry']"
198_B,1400.0,['shortest paths']
198_A,1700.0,"['implementation', 'math']"
197_B,1400.0,['math']
197_A,1600.0,"['constructive algorithms', 'games', 'math']"
196_E,2600.0,"['dsu', 'graphs', 'shortest paths']"
196_D,2800.0,"['data structures', 'greedy', 'hashing', 'strings']"
196_C,2200.0,"['constructive algorithms', 'divide and conquer', 'geometry', 'sortings', 'trees']"
196_B,2000.0,"['dfs and similar', 'graphs']"
196_A,1100.0,"['greedy', 'strings']"
195_E,2000.0,"['data structures', 'dsu', 'graphs']"
195_D,1900.0,"['geometry', 'math', 'sortings']"
195_C,1800.0,"['expression parsing', 'implementation']"
195_B,1300.0,"['data structures', 'implementation', 'math']"
195_A,1000.0,"['binary search', 'brute force', 'math']"
194_B,1200.0,['math']
194_A,900.0,"['implementation', 'math']"
193_E,2900.0,"['brute force', 'math', 'matrices']"
193_D,2900.0,['data structures']
193_C,2400.0,"['constructive algorithms', 'greedy', 'math', 'matrices']"
193_B,2000.0,['brute force']
193_A,1700.0,"['constructive algorithms', 'graphs', 'trees']"
192_B,1100.0,"['brute force', 'implementation']"
192_A,1300.0,"['binary search', 'brute force', 'implementation']"
191_E,2200.0,"['binary search', 'data structures', 'trees']"
191_D,2700.0,"['graphs', 'greedy']"
191_C,1900.0,"['data structures', 'dfs and similar', 'trees']"
191_B,1700.0,['greedy']
191_A,1500.0,['dp']
190_E,2100.0,"['data structures', 'dsu', 'graphs', 'hashing', 'sortings']"
190_D,1900.0,['two pointers']
190_C,1500.0,['dfs and similar']
190_B,1800.0,['geometry']
190_A,1100.0,"['greedy', 'math']"
189_B,1300.0,"['brute force', 'math']"
189_A,1300.0,"['brute force', 'dp']"
188_H,1800.0,"['*special', 'expression parsing', 'implementation']"
188_G,1600.0,"['*special', 'implementation']"
188_F,1400.0,"['*special', 'implementation']"
188_E,1400.0,"['*special', 'implementation']"
188_D,1100.0,"['*special', 'implementation']"
188_C,1400.0,"['*special', 'implementation', 'math']"
188_B,1300.0,"['*special', 'implementation']"
188_A,1100.0,['*special']
187_E,2900.0,"['data structures', 'greedy']"
187_D,2800.0,['data structures']
187_C,2000.0,"['dfs and similar', 'dsu']"
187_B,1800.0,"['dp', 'shortest paths']"
187_A,1500.0,['greedy']
186_B,1200.0,"['greedy', 'sortings']"
186_A,1100.0,"['implementation', 'strings']"
185_E,3000.0,"['binary search', 'data structures']"
185_D,2600.0,"['math', 'number theory']"
185_C,2500.0,['dp']
185_B,1800.0,"['math', 'ternary search']"
185_A,1300.0,['math']
183_E,2900.0,['greedy']
183_D,2700.0,"['dp', 'greedy', 'probabilities']"
183_C,2200.0,['dfs and similar']
183_B,1700.0,"['brute force', 'geometry']"
183_A,1700.0,"['constructive algorithms', 'math']"
182_E,1800.0,['dp']
182_D,1400.0,"['brute force', 'hashing', 'implementation', 'math', 'strings']"
182_C,2000.0,"['data structures', 'greedy']"
182_B,1000.0,['implementation']
182_A,2200.0,"['geometry', 'graphs', 'implementation', 'shortest paths']"
181_B,1300.0,"['binary search', 'brute force']"
181_A,800.0,"['brute force', 'geometry', 'implementation']"
180_F,1200.0,"['constructive algorithms', 'implementation', 'math']"
180_E,1800.0,"['binary search', 'dp', 'two pointers']"
180_D,1900.0,"['greedy', 'strings']"
180_C,1400.0,['dp']
180_B,2300.0,"['math', 'number theory']"
180_A,1800.0,['implementation']
178_F3,2500.0,[]
178_F2,2200.0,"['dp', 'sortings', 'strings']"
178_F1,1800.0,[]
178_E3,2300.0,[]
178_E2,2000.0,[]
178_E1,1900.0,[]
178_D3,2100.0,[]
178_D2,1900.0,[]
178_D1,1500.0,[]
178_C3,2000.0,[]
178_C2,1900.0,[]
178_C1,1600.0,[]
178_B3,1800.0,[]
178_B2,1600.0,[]
178_B1,1600.0,[]
178_A3,1100.0,['greedy']
178_A2,1000.0,['greedy']
178_A1,1000.0,[]
177_G2,2600.0,"['matrices', 'strings']"
177_G1,2400.0,['strings']
177_F2,2300.0,[]
177_F1,1800.0,[]
177_E2,1900.0,['binary search']
177_E1,1700.0,['binary search']
177_D2,1500.0,['data structures']
177_D1,1200.0,['brute force']
177_C2,1500.0,"['brute force', 'dfs and similar', 'dsu', 'graphs']"
177_C1,1500.0,"['dfs and similar', 'dsu', 'graphs']"
177_B2,1200.0,['number theory']
177_B1,1000.0,['number theory']
177_A2,800.0,['implementation']
177_A1,800.0,['implementation']
176_E,3100.0,"['data structures', 'dfs and similar', 'trees']"
176_D,2500.0,['dp']
176_C,2000.0,"['combinatorics', 'constructive algorithms']"
176_B,1700.0,['dp']
176_A,1200.0,"['greedy', 'sortings']"
175_F,3000.0,"['data structures', 'graphs', 'implementation', 'shortest paths']"
175_E,2600.0,"['brute force', 'dp', 'geometry', 'greedy']"
175_D,2400.0,"['brute force', 'dp', 'math', 'probabilities']"
175_C,1600.0,"['greedy', 'implementation', 'sortings', 'two pointers']"
175_B,1400.0,['implementation']
175_A,1400.0,"['brute force', 'implementation']"
174_C,1800.0,"['data structures', 'greedy']"
174_B,1400.0,"['dp', 'greedy', 'implementation']"
174_A,1100.0,['math']
173_E,2600.0,"['data structures', 'sortings']"
173_D,2500.0,"['constructive algorithms', 'graphs', 'greedy', 'implementation']"
173_C,1900.0,"['brute force', 'dp']"
173_B,1800.0,"['dfs and similar', 'shortest paths']"
173_A,1300.0,"['implementation', 'math']"
172_E,2200.0,"['*special', 'dfs and similar', 'expression parsing']"
172_D,1500.0,"['*special', 'number theory']"
172_C,1500.0,"['*special', 'implementation', 'sortings']"
172_B,1200.0,"['*special', 'implementation', 'number theory']"
172_A,800.0,"['*special', 'brute force', 'implementation']"
171_H,1700.0,"['*special', 'implementation']"
171_G,1600.0,['*special']
171_F,1600.0,"['*special', 'brute force', 'implementation', 'number theory']"
171_E,2000.0,['*special']
171_D,1300.0,"['*special', 'brute force']"
171_C,2000.0,"['*special', 'implementation']"
171_B,1300.0,"['*special', 'combinatorics']"
171_A,1200.0,"['*special', 'constructive algorithms']"
169_B,1100.0,['greedy']
169_A,800.0,['sortings']
168_B,1700.0,"['implementation', 'strings']"
168_A,900.0,"['implementation', 'math']"
167_E,2900.0,"['dfs and similar', 'graphs', 'math', 'matrices']"
167_D,3000.0,"['data structures', 'divide and conquer', 'graph matchings', 'graphs', 'greedy']"
167_C,2300.0,"['games', 'math']"
167_B,1800.0,"['dp', 'math', 'probabilities']"
167_A,1600.0,"['implementation', 'math']"
166_E,1500.0,"['dp', 'math', 'matrices']"
166_D,2500.0,"['dp', 'graph matchings', 'greedy', 'sortings', 'two pointers']"
166_C,1500.0,"['greedy', 'math', 'sortings']"
166_B,2100.0,"['geometry', 'sortings']"
166_A,1100.0,"['binary search', 'implementation', 'sortings']"
165_E,2200.0,"['bitmasks', 'brute force', 'dfs and similar', 'dp']"
165_D,2100.0,"['data structures', 'dsu', 'trees']"
165_C,1600.0,"['binary search', 'brute force', 'dp', 'math', 'strings', 'two pointers']"
165_B,1500.0,"['binary search', 'implementation']"
165_A,1000.0,['implementation']
164_E,3100.0,[]
164_D,3100.0,"['binary search', 'brute force']"
164_C,2400.0,"['flows', 'graphs']"
164_B,2000.0,['two pointers']
164_A,1700.0,"['dfs and similar', 'graphs']"
163_E,2800.0,"['data structures', 'dfs and similar', 'dp', 'strings', 'trees']"
163_D,2900.0,['brute force']
163_C,2100.0,"['sortings', 'two pointers']"
163_B,2000.0,['binary search']
163_A,1700.0,['dp']
162_J,1800.0,['*special']
162_I,2000.0,['*special']
162_H,1800.0,['*special']
162_G,2000.0,['*special']
162_F,1800.0,['*special']
162_E,1800.0,['*special']
162_D,1900.0,['*special']
162_C,1800.0,['*special']
162_B,1800.0,['*special']
162_A,1100.0,"['*special', 'implementation']"
161_E,2500.0,"['brute force', 'dp']"
161_D,1800.0,"['dfs and similar', 'dp', 'trees']"
161_C,2400.0,['divide and conquer']
161_B,1700.0,"['constructive algorithms', 'greedy', 'sortings']"
161_A,1300.0,"['binary search', 'brute force', 'greedy', 'two pointers']"
160_E,2400.0,"['binary search', 'data structures', 'sortings']"
160_D,2300.0,"['dfs and similar', 'dsu', 'graphs', 'sortings']"
160_C,1700.0,"['implementation', 'math', 'sortings']"
160_B,1100.0,"['greedy', 'sortings']"
160_A,900.0,"['greedy', 'sortings']"
159_E,1700.0,"['*special', 'data structures', 'greedy', 'sortings']"
159_D,1500.0,"['*special', 'brute force', 'dp', 'strings']"
159_C,1400.0,"['*special', 'binary search', 'brute force', 'data structures', 'strings']"
159_B,1100.0,"['*special', 'greedy', 'sortings']"
159_A,1400.0,"['*special', 'greedy', 'implementation']"
158_E,1900.0,"['*special', 'dp', 'sortings']"
158_D,1300.0,"['*special', 'brute force', 'number theory']"
158_C,1400.0,"['*special', 'data structures', 'implementation']"
158_B,1100.0,"['*special', 'greedy', 'implementation']"
158_A,800.0,"['*special', 'implementation']"
157_B,1000.0,"['geometry', 'sortings']"
157_A,800.0,['brute force']
156_E,3000.0,"['brute force', 'dp']"
156_D,2500.0,"['combinatorics', 'graphs']"
156_C,2000.0,"['combinatorics', 'dp']"
156_B,1600.0,"['constructive algorithms', 'data structures', 'implementation']"
156_A,1700.0,['brute force']
155_B,1100.0,"['greedy', 'sortings']"
155_A,800.0,['brute force']
154_E,3000.0,['geometry']
154_D,2400.0,"['games', 'math']"
154_C,2300.0,"['graphs', 'hashing', 'sortings']"
154_B,1600.0,"['math', 'number theory']"
154_A,1600.0,['greedy']
153_E,2100.0,['*special']
153_D,2000.0,['*special']
153_C,2200.0,['*special']
153_B,1800.0,['*special']
153_A,1600.0,['*special']
152_E,2500.0,"['bitmasks', 'dp', 'graphs', 'trees']"
152_D,2600.0,['brute force']
152_C,1400.0,['combinatorics']
152_B,1300.0,"['binary search', 'implementation']"
152_A,900.0,['implementation']
151_B,1200.0,"['implementation', 'strings']"
151_A,800.0,"['implementation', 'math']"
150_E,3000.0,"['binary search', 'data structures', 'divide and conquer', 'trees']"
150_D,2600.0,"['dp', 'strings']"
150_C,2200.0,"['data structures', 'math', 'probabilities']"
150_B,1600.0,"['combinatorics', 'dfs and similar', 'graphs', 'math']"
150_A,1400.0,"['games', 'math', 'number theory']"
149_E,2300.0,"['string suffix structures', 'strings']"
149_D,1900.0,['dp']
149_C,1500.0,"['greedy', 'math', 'sortings']"
149_B,1600.0,['implementation']
149_A,900.0,"['greedy', 'implementation', 'sortings']"
148_E,1900.0,['dp']
148_D,1800.0,"['dp', 'games', 'math', 'probabilities']"
148_C,1700.0,"['constructive algorithms', 'greedy']"
148_B,1500.0,"['implementation', 'math']"
148_A,800.0,"['constructive algorithms', 'implementation', 'math']"
147_B,2500.0,"['binary search', 'graphs', 'matrices']"
147_A,1300.0,"['implementation', 'strings']"
146_B,1300.0,"['brute force', 'implementation']"
146_A,800.0,['implementation']
145_E,2400.0,['data structures']
145_D,2900.0,"['combinatorics', 'data structures', 'implementation']"
145_C,2100.0,"['combinatorics', 'dp', 'math']"
145_B,1800.0,['constructive algorithms']
145_A,1200.0,"['greedy', 'implementation']"
144_E,2200.0,"['data structures', 'greedy']"
144_D,1900.0,"['data structures', 'dfs and similar', 'graphs', 'shortest paths']"
144_C,1500.0,"['implementation', 'strings']"
144_B,1300.0,['implementation']
144_A,800.0,['implementation']
143_B,1200.0,"['implementation', 'strings']"
143_A,1000.0,"['brute force', 'math']"
142_E,3000.0,['geometry']
142_D,2600.0,['games']
142_C,2300.0,"['brute force', 'dp']"
142_B,1800.0,"['constructive algorithms', 'greedy', 'implementation']"
142_A,1600.0,"['brute force', 'math']"
141_E,2300.0,"['constructive algorithms', 'dp', 'dsu', 'graphs']"
141_D,2300.0,"['graphs', 'shortest paths']"
141_C,1800.0,"['constructive algorithms', 'greedy', 'sortings']"
141_B,1400.0,"['geometry', 'math']"
141_A,800.0,"['implementation', 'sortings', 'strings']"
140_F,2600.0,"['geometry', 'sortings']"
140_E,2600.0,"['combinatorics', 'dp']"
140_D,1800.0,"['greedy', 'sortings']"
140_C,1800.0,"['binary search', 'data structures', 'greedy']"
140_B,1800.0,"['brute force', 'greedy', 'implementation']"
140_A,1700.0,"['geometry', 'math']"
139_B,1600.0,"['implementation', 'math']"
139_A,1000.0,['implementation']
138_E,2900.0,"['brute force', 'dp', 'two pointers']"
138_D,2500.0,"['dp', 'games']"
138_C,2200.0,"['binary search', 'data structures', 'probabilities', 'sortings']"
138_B,1900.0,['greedy']
138_A,1600.0,['implementation']
137_E,2000.0,"['data structures', 'implementation', 'strings']"
137_D,1900.0,"['dp', 'strings']"
137_C,1500.0,['sortings']
137_B,1000.0,['greedy']
137_A,900.0,['implementation']
136_B,1100.0,"['implementation', 'math']"
136_A,800.0,['implementation']
135_E,3000.0,['combinatorics']
135_D,2500.0,"['brute force', 'dfs and similar', 'implementation']"
135_C,1900.0,"['constructive algorithms', 'games', 'greedy']"
135_B,1600.0,"['brute force', 'geometry', 'math']"
135_A,1300.0,"['greedy', 'implementation', 'sortings']"
134_C,2200.0,"['constructive algorithms', 'graphs', 'greedy']"
134_B,1900.0,"['brute force', 'dfs and similar', 'math', 'number theory']"
134_A,1200.0,"['brute force', 'implementation']"
133_B,1200.0,['implementation']
133_A,900.0,['implementation']
132_E,2700.0,"['flows', 'graphs']"
132_D,2100.0,"['constructive algorithms', 'dp', 'greedy']"
132_C,1800.0,['dp']
132_B,2100.0,['implementation']
132_A,1300.0,['implementation']
131_F,2000.0,"['binary search', 'two pointers']"
131_E,1700.0,['sortings']
131_D,1600.0,"['dfs and similar', 'graphs']"
131_C,1400.0,"['combinatorics', 'math']"
131_B,1200.0,"['implementation', 'math']"
131_A,1000.0,"['implementation', 'strings']"
130_J,1800.0,['*special']
130_I,2300.0,"['*special', 'sortings']"
130_H,1600.0,['*special']
130_G,1700.0,['*special']
130_F,1600.0,['*special']
130_E,1600.0,['*special']
130_D,1500.0,['*special']
130_C,1500.0,['*special']
130_B,1400.0,"['*special', 'implementation', 'strings']"
130_A,900.0,"['*special', 'implementation']"
129_B,1200.0,"['brute force', 'dfs and similar', 'graphs', 'implementation']"
129_A,900.0,['implementation']
128_E,2900.0,"['geometry', 'math']"
128_D,2000.0,"['constructive algorithms', 'implementation']"
128_C,2000.0,"['combinatorics', 'dp']"
128_B,2100.0,"['brute force', 'constructive algorithms', 'hashing', 'implementation', 'string suffix structures', 'strings']"
128_A,1500.0,['dfs and similar']
127_B,1000.0,['implementation']
127_A,900.0,['geometry']
126_E,2900.0,"['brute force', 'flows']"
126_D,2300.0,"['dp', 'math']"
126_C,2000.0,"['constructive algorithms', 'greedy']"
126_B,1700.0,"['binary search', 'dp', 'hashing', 'string suffix structures', 'strings']"
126_A,1900.0,"['binary search', 'brute force', 'math']"
125_E,2400.0,"['binary search', 'graphs']"
125_D,2200.0,"['constructive algorithms', 'greedy']"
125_C,1600.0,"['constructive algorithms', 'greedy']"
125_B,1000.0,['implementation']
125_A,1400.0,['math']
124_B,1400.0,"['brute force', 'combinatorics', 'implementation']"
124_A,1000.0,['math']
123_E,2500.0,"['dfs and similar', 'dp', 'probabilities', 'trees']"
123_D,2300.0,['string suffix structures']
123_C,2300.0,"['combinatorics', 'dp', 'greedy']"
123_B,1800.0,['math']
123_A,1300.0,"['implementation', 'number theory', 'strings']"
122_B,1000.0,"['brute force', 'implementation']"
122_A,1000.0,"['brute force', 'number theory']"
121_E,2400.0,['data structures']
121_D,2500.0,"['binary search', 'implementation', 'two pointers']"
121_C,1900.0,"['brute force', 'combinatorics', 'number theory']"
121_B,1500.0,['strings']
121_A,1100.0,['implementation']
120_J,1900.0,"['divide and conquer', 'geometry', 'sortings']"
120_I,2200.0,['greedy']
120_H,1800.0,['graph matchings']
120_G,1800.0,['implementation']
120_F,1400.0,"['dp', 'greedy', 'trees']"
120_E,1400.0,"['games', 'math']"
120_D,1400.0,['brute force']
120_C,1100.0,"['implementation', 'math']"
120_B,1100.0,['implementation']
120_A,1000.0,"['brute force', 'implementation', 'math']"
119_E,2400.0,['geometry']
119_D,2500.0,"['hashing', 'strings']"
119_C,2000.0,['dp']
119_B,1900.0,"['constructive algorithms', 'implementation', 'sortings']"
119_A,800.0,['implementation']
118_E,2000.0,"['dfs and similar', 'graphs']"
118_D,1700.0,['dp']
118_C,1900.0,"['brute force', 'greedy', 'sortings', 'strings']"
118_B,1000.0,"['constructive algorithms', 'implementation']"
118_A,1000.0,"['implementation', 'strings']"
117_E,2900.0,"['data structures', 'divide and conquer', 'graphs', 'implementation', 'trees']"
117_D,2500.0,"['divide and conquer', 'math']"
117_C,2000.0,"['dfs and similar', 'graphs']"
117_B,1800.0,"['brute force', 'number theory']"
117_A,1300.0,"['implementation', 'math']"
116_B,1100.0,"['greedy', 'implementation']"
116_A,800.0,['implementation']
115_E,2400.0,"['data structures', 'dp']"
115_D,2600.0,"['dp', 'expression parsing']"
115_C,2200.0,['math']
115_B,1500.0,"['greedy', 'sortings']"
115_A,900.0,"['dfs and similar', 'graphs', 'trees']"
114_B,1500.0,"['bitmasks', 'brute force', 'graphs']"
114_A,1000.0,['math']
113_E,2700.0,"['combinatorics', 'implementation', 'math']"
113_D,2700.0,"['math', 'matrices', 'probabilities']"
113_C,2200.0,"['brute force', 'math', 'number theory']"
113_B,2000.0,"['brute force', 'data structures', 'hashing', 'strings']"
113_A,1600.0,"['implementation', 'strings']"
112_B,1200.0,"['implementation', 'math']"
112_A,800.0,"['implementation', 'strings']"
111_E,2900.0,[]
111_D,2300.0,"['combinatorics', 'dp']"
111_C,2100.0,"['bitmasks', 'dp', 'dsu']"
111_B,1900.0,"['binary search', 'data structures', 'number theory']"
111_A,1400.0,['greedy']
110_B,1100.0,"['constructive algorithms', 'strings']"
110_A,800.0,['implementation']
109_E,2700.0,"['brute force', 'math']"
109_D,2000.0,"['constructive algorithms', 'sortings']"
109_C,1900.0,"['dp', 'dsu', 'trees']"
109_B,1900.0,"['brute force', 'probabilities']"
109_A,1000.0,"['brute force', 'implementation']"
108_B,1400.0,"['math', 'sortings']"
108_A,1000.0,"['implementation', 'strings']"
107_E,2700.0,"['geometry', 'probabilities']"
107_D,2400.0,"['dp', 'graphs', 'matrices']"
107_C,2400.0,"['bitmasks', 'dp']"
107_B,1600.0,"['combinatorics', 'dp', 'math', 'probabilities']"
107_A,1400.0,"['dfs and similar', 'graphs']"
106_E,2100.0,"['geometry', 'ternary search']"
106_D,1700.0,"['brute force', 'implementation']"
106_C,1700.0,['dp']
106_B,1000.0,"['brute force', 'implementation']"
106_A,1000.0,['implementation']
105_E,2500.0,['brute force']
105_D,2700.0,"['brute force', 'dsu', 'implementation']"
105_C,2200.0,"['brute force', 'implementation', 'sortings']"
105_B,1800.0,"['brute force', 'probabilities']"
105_A,1700.0,['implementation']
104_A,800.0,['implementation']
103_E,2900.0,"['flows', 'graph matchings']"
103_D,2100.0,"['brute force', 'data structures', 'sortings']"
103_C,1900.0,"['constructive algorithms', 'greedy']"
103_B,1500.0,"['dfs and similar', 'dsu', 'graphs']"
103_A,1100.0,"['greedy', 'implementation', 'math']"
102_B,1000.0,['implementation']
102_A,1200.0,['brute force']
101_E,2500.0,"['divide and conquer', 'dp']"
101_D,2300.0,"['dp', 'greedy', 'probabilities', 'sortings', 'trees']"
101_C,2000.0,"['implementation', 'math']"
101_B,1700.0,"['binary search', 'data structures', 'dp']"
101_A,1200.0,['greedy']
100_J,2400.0,"['*special', 'greedy', 'math']"
100_I,1500.0,"['*special', 'geometry', 'math']"
100_H,2100.0,"['*special', 'dfs and similar', 'implementation']"
100_G,1800.0,"['*special', 'data structures', 'implementation']"
100_F,1800.0,"['*special', 'implementation']"
100_E,1600.0,"['*special', 'math']"
100_D,1500.0,"['*special', 'strings']"
100_C,1400.0,"['*special', 'implementation']"
100_B,1500.0,"['*special', 'implementation']"
100_A,1100.0,"['*special', 'implementation']"
99_B,1300.0,"['implementation', 'sortings']"
99_A,800.0,['strings']
98_E,2700.0,"['dp', 'games', 'math', 'probabilities']"
98_D,2500.0,['constructive algorithms']
98_C,2500.0,"['geometry', 'ternary search']"
98_B,2200.0,"['implementation', 'probabilities', 'trees']"
98_A,1700.0,"['brute force', 'implementation']"
97_E,2200.0,"['dfs and similar', 'dsu', 'graphs', 'trees']"
97_D,2700.0,"['bitmasks', 'brute force', 'implementation']"
97_C,2400.0,"['binary search', 'graphs', 'math', 'shortest paths']"
97_B,2300.0,"['constructive algorithms', 'divide and conquer']"
97_A,2400.0,"['brute force', 'implementation']"
96_B,1300.0,"['binary search', 'bitmasks', 'brute force']"
96_A,900.0,"['implementation', 'strings']"
95_E,2500.0,"['dp', 'dsu', 'graphs']"
95_D,2500.0,"['dp', 'math']"
95_C,1900.0,['shortest paths']
95_B,1800.0,"['dp', 'greedy']"
95_A,1600.0,"['implementation', 'strings']"
94_B,1300.0,"['graphs', 'implementation', 'math']"
94_A,900.0,"['implementation', 'strings']"
93_E,2600.0,"['dp', 'math', 'number theory']"
93_D,2500.0,"['dp', 'math', 'matrices']"
93_C,2500.0,"['brute force', 'implementation']"
93_B,1900.0,['greedy']
93_A,1700.0,['implementation']
92_B,1300.0,['greedy']
92_A,800.0,"['implementation', 'math']"
91_E,2500.0,"['data structures', 'geometry']"
91_D,2600.0,"['constructive algorithms', 'graphs', 'greedy']"
91_C,2300.0,"['combinatorics', 'dsu', 'graphs']"
91_B,1500.0,"['binary search', 'data structures']"
91_A,1500.0,"['greedy', 'strings']"
90_B,1100.0,"['implementation', 'strings']"
90_A,1000.0,"['greedy', 'math']"
89_E,2900.0,['greedy']
89_D,2500.0,['geometry']
89_C,2300.0,"['brute force', 'data structures', 'implementation']"
89_B,2300.0,"['dp', 'expression parsing', 'graphs', 'implementation']"
89_A,1800.0,['greedy']
88_B,1500.0,['implementation']
88_A,1200.0,"['brute force', 'implementation']"
87_E,2600.0,['geometry']
87_D,2300.0,"['dfs and similar', 'dp', 'dsu', 'graphs', 'implementation', 'sortings', 'trees']"
87_C,2000.0,"['dp', 'games', 'math']"
87_B,1800.0,"['implementation', 'strings']"
87_A,1500.0,"['implementation', 'math']"
86_E,2700.0,"['brute force', 'math', 'matrices']"
86_D,2200.0,"['data structures', 'implementation', 'math', 'two pointers']"
86_C,2500.0,"['dp', 'string suffix structures', 'trees']"
86_B,2200.0,"['constructive algorithms', 'graph matchings', 'greedy', 'math']"
86_A,1600.0,['math']
85_E,2600.0,"['binary search', 'dsu', 'geometry', 'graphs', 'sortings']"
85_D,2300.0,"['binary search', 'brute force', 'data structures', 'implementation']"
85_C,2200.0,"['binary search', 'dfs and similar', 'probabilities', 'sortings', 'trees']"
85_B,1800.0,"['data structures', 'greedy']"
85_A,1300.0,"['constructive algorithms', 'implementation']"
84_C,1700.0,"['binary search', 'implementation']"
84_A,900.0,"['math', 'number theory']"
83_E,2800.0,"['bitmasks', 'dp']"
83_D,2400.0,"['dp', 'math', 'number theory']"
83_C,2400.0,"['graphs', 'greedy', 'shortest paths']"
83_B,1800.0,"['binary search', 'math', 'sortings']"
83_A,1300.0,['math']
82_E,2600.0,['geometry']
82_D,2000.0,['dp']
82_C,2000.0,"['data structures', 'dfs and similar', 'sortings']"
82_B,1700.0,"['constructive algorithms', 'hashing', 'implementation']"
82_A,1100.0,"['implementation', 'math']"
81_E,2700.0,"['dfs and similar', 'dp', 'dsu', 'graphs', 'implementation', 'trees']"
81_D,2100.0,"['constructive algorithms', 'greedy']"
81_C,1700.0,"['greedy', 'math', 'sortings']"
81_B,1700.0,"['implementation', 'strings']"
81_A,1400.0,['implementation']
80_B,1200.0,"['geometry', 'math']"
80_A,800.0,['brute force']
79_E,2900.0,['math']
79_D,2800.0,"['bitmasks', 'dp', 'shortest paths']"
79_C,1800.0,"['data structures', 'dp', 'greedy', 'hashing', 'strings', 'two pointers']"
79_B,1400.0,"['implementation', 'sortings']"
79_A,1200.0,['greedy']
78_E,2300.0,"['flows', 'graphs', 'shortest paths']"
78_D,2300.0,"['binary search', 'geometry', 'math', 'two pointers']"
78_C,2000.0,"['dp', 'games', 'number theory']"
78_B,1200.0,"['constructive algorithms', 'implementation']"
78_A,800.0,"['implementation', 'strings']"
77_E,2800.0,['geometry']
77_D,2300.0,"['dp', 'implementation']"
77_C,2100.0,"['dfs and similar', 'dp', 'dsu', 'greedy', 'trees']"
77_B,1800.0,"['math', 'probabilities']"
77_A,1400.0,"['brute force', 'implementation']"
76_F,2300.0,"['binary search', 'data structures', 'dp']"
76_E,1700.0,"['implementation', 'math']"
76_D,1700.0,"['dp', 'greedy', 'math']"
76_C,2700.0,"['bitmasks', 'dp', 'math']"
76_B,2100.0,"['greedy', 'two pointers']"
76_A,2200.0,"['dsu', 'graphs', 'sortings', 'trees']"
75_E,2400.0,"['geometry', 'shortest paths']"
75_D,2000.0,"['data structures', 'dp', 'greedy', 'implementation', 'math', 'trees']"
75_C,1600.0,"['binary search', 'number theory']"
75_B,1500.0,"['expression parsing', 'implementation', 'strings']"
75_A,1000.0,['implementation']
74_E,2800.0,['constructive algorithms']
74_D,2400.0,['data structures']
74_C,2100.0,"['dfs and similar', 'dsu', 'graphs', 'number theory']"
74_B,1500.0,"['dp', 'games', 'greedy']"
74_A,1000.0,['implementation']
73_F,2900.0,"['brute force', 'geometry']"
73_E,2400.0,"['math', 'number theory']"
73_D,2200.0,"['dfs and similar', 'graphs', 'greedy']"
73_C,1800.0,['dp']
73_B,2000.0,"['binary search', 'greedy', 'sortings']"
73_A,1600.0,"['greedy', 'math']"
72_I,1500.0,"['*special', 'implementation']"
72_H,1600.0,"['*special', 'implementation']"
72_G,1000.0,"['*special', 'dp']"
72_F,1900.0,"['*special', 'greedy', 'math']"
72_E,1800.0,"['*special', 'brute force', 'strings']"
72_D,2300.0,"['*special', 'expression parsing']"
72_C,1200.0,"['*special', 'math']"
72_B,2200.0,"['*special', 'implementation']"
72_A,1800.0,"['*special', 'greedy', 'math']"
71_E,2200.0,"['bitmasks', 'dp']"
71_D,2200.0,"['brute force', 'implementation']"
71_C,1600.0,"['dp', 'math', 'number theory']"
71_B,1300.0,"['implementation', 'math']"
71_A,800.0,['strings']
70_E,2700.0,"['dp', 'implementation', 'trees']"
70_D,2700.0,"['data structures', 'geometry']"
70_C,2200.0,"['binary search', 'data structures', 'sortings', 'two pointers']"
70_B,1600.0,"['expression parsing', 'greedy', 'strings']"
70_A,1300.0,['math']
69_E,1800.0,"['data structures', 'implementation']"
69_D,1900.0,"['dp', 'games']"
69_C,2000.0,['implementation']
69_B,1200.0,"['greedy', 'implementation']"
69_A,1000.0,"['implementation', 'math']"
68_E,2900.0,['geometry']
68_D,2500.0,"['data structures', 'divide and conquer', 'dp', 'math', 'probabilities']"
68_C,2200.0,['brute force']
68_B,1600.0,['binary search']
68_A,1100.0,"['implementation', 'number theory']"
67_E,2500.0,['geometry']
67_D,1900.0,"['binary search', 'data structures', 'dp']"
67_C,2600.0,['dp']
67_B,1800.0,['greedy']
67_A,1800.0,"['dp', 'graphs', 'greedy', 'implementation']"
66_E,2000.0,"['data structures', 'dp']"
66_D,1700.0,"['constructive algorithms', 'math', 'number theory']"
66_C,1800.0,"['data structures', 'implementation']"
66_B,1100.0,"['brute force', 'implementation']"
66_A,1300.0,"['implementation', 'strings']"
65_E,2900.0,"['dfs and similar', 'implementation']"
65_D,2200.0,"['brute force', 'dfs and similar', 'hashing']"
65_C,2100.0,"['binary search', 'geometry']"
65_B,1700.0,"['brute force', 'greedy', 'implementation']"
65_A,1800.0,"['implementation', 'math']"
64_I,2400.0,"['*special', 'sortings']"
64_H,2300.0,"['*special', 'sortings']"
64_G,2200.0,['*special']
64_F,2000.0,"['*special', 'expression parsing']"
64_E,1800.0,"['*special', 'brute force', 'math', 'number theory']"
64_D,1800.0,"['*special', 'greedy']"
64_C,1600.0,"['*special', 'greedy', 'implementation', 'math']"
64_B,1500.0,"['*special', 'expression parsing']"
64_A,1300.0,"['*special', 'implementation']"
63_E,2000.0,"['bitmasks', 'dfs and similar', 'dp', 'games', 'implementation']"
63_D,1900.0,['constructive algorithms']
63_C,1700.0,"['brute force', 'implementation']"
63_B,1200.0,['implementation']
63_A,900.0,"['implementation', 'sortings', 'strings']"
62_E,2700.0,"['dp', 'flows']"
62_D,2300.0,"['dfs and similar', 'graphs']"
62_C,2300.0,"['geometry', 'implementation', 'sortings']"
62_B,1800.0,"['binary search', 'implementation']"
62_A,1300.0,"['greedy', 'math']"
61_E,1900.0,"['data structures', 'trees']"
61_D,1800.0,"['dfs and similar', 'graphs', 'greedy', 'shortest paths', 'trees']"
61_C,2000.0,['math']
61_B,1300.0,['strings']
61_A,800.0,['implementation']
60_E,2600.0,"['math', 'matrices']"
60_D,2500.0,"['brute force', 'dsu', 'math']"
60_C,2100.0,"['brute force', 'dfs and similar']"
60_B,1400.0,"['dfs and similar', 'dsu']"
60_A,1300.0,"['implementation', 'two pointers']"
59_E,2000.0,"['graphs', 'shortest paths']"
59_D,2000.0,"['constructive algorithms', 'greedy', 'implementation']"
59_C,1600.0,['expression parsing']
59_B,1200.0,"['implementation', 'number theory']"
59_A,800.0,"['implementation', 'strings']"
58_E,2400.0,['dp']
58_D,2000.0,"['greedy', 'strings']"
58_C,1800.0,['brute force']
58_B,1300.0,['greedy']
58_A,1000.0,"['greedy', 'strings']"
57_E,3000.0,"['math', 'shortest paths']"
57_D,2500.0,"['dp', 'math']"
57_C,1900.0,"['combinatorics', 'math']"
57_B,1600.0,['implementation']
57_A,1300.0,"['dfs and similar', 'greedy', 'implementation']"
56_E,2200.0,"['binary search', 'data structures', 'sortings']"
56_D,2100.0,['dp']
56_C,1700.0,"['data structures', 'expression parsing', 'implementation']"
56_B,1300.0,['implementation']
56_A,1000.0,['implementation']
55_E,2500.0,"['geometry', 'two pointers']"
55_D,2500.0,"['dp', 'number theory']"
55_C,1900.0,['games']
55_B,1600.0,['brute force']
55_A,1200.0,"['implementation', 'math']"
54_E,2700.0,['geometry']
54_D,2100.0,"['brute force', 'dp', 'strings']"
54_C,2000.0,"['dp', 'math', 'probabilities']"
54_B,1800.0,"['hashing', 'implementation']"
54_A,1300.0,['implementation']
53_E,2500.0,"['bitmasks', 'dp']"
53_D,1500.0,['sortings']
53_C,1200.0,['constructive algorithms']
53_B,1700.0,"['binary search', 'implementation']"
53_A,1100.0,['implementation']
52_C,2200.0,['data structures']
52_B,1600.0,['combinatorics']
52_A,900.0,['implementation']
51_F,2800.0,"['dfs and similar', 'dp', 'graphs', 'trees']"
51_E,2400.0,"['combinatorics', 'graphs', 'matrices']"
51_D,2200.0,['implementation']
51_C,1800.0,"['binary search', 'greedy']"
51_B,1700.0,['expression parsing']
51_A,1300.0,['implementation']
50_E,2300.0,['math']
50_D,2100.0,"['binary search', 'dp', 'probabilities']"
50_C,2000.0,['geometry']
50_B,1500.0,['strings']
50_A,800.0,"['greedy', 'math']"
49_E,2300.0,['dp']
49_D,1800.0,"['brute force', 'dp', 'implementation']"
49_C,1700.0,"['constructive algorithms', 'math']"
49_B,1500.0,['math']
49_A,800.0,['implementation']
48_H,2800.0,['constructive algorithms']
48_G,2700.0,"['dp', 'trees', 'two pointers']"
48_F,2800.0,"['greedy', 'sortings']"
48_E,2100.0,"['dp', 'games', 'graphs']"
48_D,1500.0,['greedy']
48_C,1800.0,['math']
48_B,1200.0,"['brute force', 'implementation']"
48_A,900.0,"['implementation', 'schedules']"
47_E,2200.0,"['data structures', 'geometry', 'sortings']"
47_D,2200.0,['brute force']
47_C,2000.0,['implementation']
47_B,1200.0,['implementation']
47_A,800.0,"['brute force', 'math']"
46_G,2500.0,['geometry']
46_F,2300.0,"['dsu', 'graphs']"
46_E,1900.0,"['data structures', 'dp']"
46_D,1800.0,"['data structures', 'implementation']"
46_C,1600.0,['two pointers']
46_B,1100.0,['implementation']
46_A,800.0,"['brute force', 'implementation']"
45_J,1800.0,['constructive algorithms']
45_I,1400.0,['greedy']
45_H,2100.0,['graphs']
45_G,2200.0,['number theory']
45_F,2500.0,['greedy']
45_E,2000.0,"['constructive algorithms', 'greedy']"
45_D,1900.0,"['greedy', 'meet-in-the-middle', 'sortings']"
45_C,1900.0,['data structures']
45_B,2200.0,"['dp', 'dsu']"
45_A,900.0,['implementation']
44_J,2000.0,"['constructive algorithms', 'greedy']"
44_I,2300.0,"['brute force', 'combinatorics']"
44_H,1700.0,['dp']
44_G,2500.0,"['data structures', 'implementation']"
44_F,2700.0,"['geometry', 'graphs']"
44_E,1400.0,['dp']
44_D,1800.0,['math']
44_C,1300.0,['implementation']
44_B,1500.0,['implementation']
44_A,900.0,['implementation']
43_E,2300.0,"['brute force', 'implementation', 'two pointers']"
43_D,2000.0,"['brute force', 'constructive algorithms', 'implementation']"
43_C,1300.0,['greedy']
43_B,1100.0,"['implementation', 'strings']"
43_A,1000.0,['strings']
42_E,2700.0,"['dfs and similar', 'graphs', 'trees']"
42_D,2300.0,"['constructive algorithms', 'math']"
42_C,2200.0,"['brute force', 'constructive algorithms']"
42_B,1700.0,['implementation']
42_A,1400.0,"['greedy', 'implementation']"
41_E,1900.0,"['constructive algorithms', 'graphs', 'greedy']"
41_D,1900.0,['dp']
41_C,1300.0,"['expression parsing', 'implementation']"
41_B,1400.0,['brute force']
41_A,800.0,"['implementation', 'strings']"
40_E,2500.0,['combinatorics']
40_D,2600.0,['math']
40_C,2300.0,"['implementation', 'math']"
40_B,1600.0,['math']
40_A,1300.0,"['constructive algorithms', 'geometry', 'implementation', 'math']"
39_K,2600.0,[]
39_J,1500.0,"['hashing', 'implementation', 'strings']"
39_I,2500.0,[]
39_H,1300.0,['implementation']
39_G,2400.0,['implementation']
39_F,1300.0,['implementation']
39_E,2000.0,"['dp', 'games']"
39_D,1100.0,['math']
39_C,2100.0,"['dp', 'sortings']"
39_B,1300.0,['greedy']
39_A,2000.0,"['expression parsing', 'greedy']"
38_H,2400.0,['dp']
38_G,2300.0,['data structures']
38_F,2100.0,"['dp', 'games', 'strings']"
38_E,1800.0,"['dp', 'sortings']"
38_D,1900.0,['implementation']
38_C,1400.0,['brute force']
38_B,1200.0,"['brute force', 'implementation', 'math']"
38_A,800.0,['implementation']
37_E,2600.0,"['graphs', 'greedy', 'shortest paths']"
37_D,2300.0,"['combinatorics', 'dp', 'math']"
37_C,1900.0,"['data structures', 'greedy', 'trees']"
37_B,1800.0,"['greedy', 'implementation']"
37_A,1000.0,['sortings']
36_E,2600.0,"['constructive algorithms', 'dsu', 'graphs', 'implementation']"
36_D,2300.0,['games']
36_C,2200.0,"['geometry', 'implementation']"
36_B,1600.0,['implementation']
36_A,1300.0,['implementation']
35_E,2100.0,"['data structures', 'sortings']"
35_D,1700.0,"['dp', 'greedy']"
35_C,1500.0,"['brute force', 'dfs and similar', 'shortest paths']"
35_B,1700.0,['implementation']
35_A,1000.0,['implementation']
34_E,2000.0,"['brute force', 'implementation', 'math']"
34_D,1600.0,"['dfs and similar', 'graphs']"
34_C,1300.0,"['expression parsing', 'implementation', 'sortings', 'strings']"
34_B,900.0,"['greedy', 'sortings']"
34_A,800.0,['implementation']
33_E,2600.0,[]
33_D,2000.0,"['geometry', 'graphs', 'shortest paths', 'sortings']"
33_C,1800.0,['greedy']
33_B,1800.0,['shortest paths']
33_A,1200.0,"['greedy', 'implementation']"
32_E,2400.0,"['geometry', 'implementation']"
32_D,1600.0,['implementation']
32_C,1700.0,['math']
32_B,800.0,"['expression parsing', 'implementation']"
32_A,800.0,['brute force']
31_E,2400.0,['dp']
31_D,2000.0,"['dfs and similar', 'implementation']"
31_C,1700.0,['implementation']
31_B,1500.0,"['greedy', 'implementation', 'strings']"
31_A,1200.0,['implementation']
30_E,2800.0,"['binary search', 'constructive algorithms', 'data structures', 'greedy', 'hashing', 'strings']"
30_D,2600.0,"['geometry', 'greedy']"
30_C,1800.0,"['dp', 'probabilities']"
30_B,1700.0,['implementation']
30_A,1400.0,"['brute force', 'math']"
29_E,2400.0,"['graphs', 'shortest paths']"
29_D,2000.0,"['constructive algorithms', 'dfs and similar', 'trees']"
29_C,1700.0,"['data structures', 'dfs and similar', 'graphs', 'implementation']"
29_B,1500.0,['implementation']
29_A,1000.0,['brute force']
28_E,2800.0,"['geometry', 'math']"
28_D,2400.0,"['binary search', 'data structures', 'dp', 'hashing']"
28_C,2200.0,"['combinatorics', 'dp', 'probabilities']"
28_B,1600.0,"['dfs and similar', 'dsu', 'graphs']"
28_A,1600.0,['implementation']
27_E,2000.0,"['brute force', 'dp', 'number theory']"
27_D,2200.0,"['2-sat', 'dfs and similar', 'dsu', 'graphs']"
27_C,1900.0,"['constructive algorithms', 'greedy']"
27_B,1300.0,"['bitmasks', 'brute force', 'dfs and similar', 'greedy']"
27_A,1200.0,"['implementation', 'sortings']"
26_E,2400.0,['constructive algorithms']
26_D,2400.0,"['combinatorics', 'math', 'probabilities']"
26_C,2000.0,"['combinatorics', 'constructive algorithms', 'greedy', 'implementation']"
26_B,1400.0,['greedy']
26_A,900.0,['number theory']
25_E,2200.0,"['hashing', 'strings']"
25_D,1900.0,"['dsu', 'graphs', 'trees']"
25_C,1900.0,"['graphs', 'shortest paths']"
25_B,1100.0,['implementation']
25_A,1300.0,['brute force']
24_E,2300.0,['binary search']
24_D,2400.0,"['dp', 'math', 'probabilities']"
24_C,1800.0,"['geometry', 'implementation', 'math']"
24_B,1500.0,['implementation']
24_A,1400.0,['graphs']
23_E,2500.0,['dp']
23_D,2600.0,"['geometry', 'math']"
23_C,2500.0,"['constructive algorithms', 'sortings']"
23_B,1600.0,"['constructive algorithms', 'graphs', 'math']"
23_A,1200.0,"['brute force', 'greedy']"
22_E,2300.0,"['dfs and similar', 'graphs', 'trees']"
22_D,1900.0,"['greedy', 'sortings']"
22_C,1700.0,['graphs']
22_B,1500.0,"['brute force', 'dp']"
22_A,800.0,['brute force']
21_D,2400.0,"['bitmasks', 'graph matchings', 'graphs']"
21_C,2000.0,"['binary search', 'dp', 'sortings']"
21_B,2000.0,"['implementation', 'math']"
21_A,1900.0,"['implementation', 'strings']"
20_C,1900.0,"['graphs', 'shortest paths']"
20_B,2000.0,['math']
20_A,1700.0,['implementation']
19_E,2900.0,"['dfs and similar', 'divide and conquer', 'dsu']"
19_D,2800.0,['data structures']
19_C,2200.0,"['greedy', 'hashing', 'string suffix structures']"
19_B,1900.0,['dp']
19_A,1400.0,['implementation']
18_E,2000.0,['dp']
18_D,2000.0,"['brute force', 'dp', 'greedy']"
18_C,1200.0,"['data structures', 'implementation']"
18_B,1700.0,"['brute force', 'math']"
18_A,1500.0,"['brute force', 'geometry']"
17_E,2900.0,['strings']
17_D,2400.0,['number theory']
17_C,2500.0,['dp']
17_B,1500.0,"['dfs and similar', 'dsu', 'greedy', 'shortest paths']"
17_A,1000.0,"['brute force', 'math', 'number theory']"
16_E,1900.0,"['bitmasks', 'dp', 'probabilities']"
16_D,1900.0,"['implementation', 'strings']"
16_C,1800.0,"['binary search', 'number theory']"
16_B,900.0,"['greedy', 'implementation', 'sortings']"
16_A,800.0,['implementation']
15_E,2600.0,"['combinatorics', 'dp']"
15_D,2500.0,"['data structures', 'implementation', 'sortings']"
15_C,2000.0,['games']
15_B,1800.0,['math']
15_A,1200.0,"['implementation', 'sortings']"
14_E,1900.0,['dp']
14_D,1900.0,"['dfs and similar', 'dp', 'graphs', 'shortest paths', 'trees', 'two pointers']"
14_C,1700.0,"['brute force', 'constructive algorithms', 'geometry', 'implementation', 'math']"
14_B,1000.0,['implementation']
14_A,800.0,['implementation']
13_E,2700.0,"['data structures', 'dsu']"
13_D,2600.0,"['dp', 'geometry']"
13_C,2200.0,"['dp', 'sortings']"
13_B,2000.0,"['geometry', 'implementation']"
13_A,1000.0,"['implementation', 'math']"
12_E,2100.0,['constructive algorithms']
12_D,2400.0,"['data structures', 'sortings']"
12_C,1100.0,"['greedy', 'implementation', 'sortings']"
12_B,1100.0,"['implementation', 'sortings']"
12_A,800.0,['implementation']
11_E,2800.0,"['binary search', 'dp', 'greedy']"
11_D,2200.0,"['bitmasks', 'dp', 'graphs']"
11_C,2200.0,['implementation']
11_B,1600.0,['math']
11_A,900.0,"['constructive algorithms', 'implementation', 'math']"
10_E,2600.0,['constructive algorithms']
10_D,2800.0,['dp']
10_C,2000.0,['number theory']
10_B,1500.0,"['dp', 'implementation']"
10_A,900.0,['implementation']
9_E,2300.0,"['dfs and similar', 'dsu', 'graphs']"
9_D,1900.0,"['combinatorics', 'divide and conquer', 'dp']"
9_C,1200.0,"['brute force', 'implementation', 'math']"
9_B,1200.0,"['brute force', 'geometry', 'implementation']"
9_A,800.0,"['math', 'probabilities']"
8_E,2600.0,"['dp', 'graphs']"
8_D,2600.0,"['binary search', 'geometry']"
8_C,2000.0,"['bitmasks', 'dp']"
8_B,1400.0,"['constructive algorithms', 'graphs', 'implementation']"
8_A,1200.0,['strings']
7_E,2600.0,"['dp', 'expression parsing', 'implementation']"
7_D,2200.0,"['hashing', 'strings']"
7_C,1800.0,"['math', 'number theory']"
7_B,1600.0,['implementation']
7_A,1100.0,"['brute force', 'constructive algorithms']"
6_E,1900.0,"['binary search', 'data structures', 'dsu', 'trees', 'two pointers']"
6_D,2600.0,"['brute force', 'dp']"
6_C,1200.0,"['greedy', 'two pointers']"
6_B,1100.0,['implementation']
6_A,900.0,"['brute force', 'geometry']"
5_E,2400.0,['data structures']
5_D,2100.0,"['implementation', 'math']"
5_C,1900.0,"['constructive algorithms', 'data structures', 'dp', 'greedy', 'sortings', 'strings']"
5_B,1200.0,"['implementation', 'strings']"
5_A,1000.0,['implementation']
4_D,1700.0,"['dp', 'sortings']"
4_C,1300.0,"['data structures', 'hashing', 'implementation']"
4_B,1200.0,"['constructive algorithms', 'greedy']"
4_A,800.0,"['brute force', 'math']"
3_D,2600.0,['greedy']
3_C,1800.0,"['brute force', 'games', 'implementation']"
3_B,1900.0,"['greedy', 'sortings']"
3_A,1000.0,"['greedy', 'shortest paths']"
2_C,2600.0,['geometry']
2_B,2000.0,"['dp', 'math']"
2_A,1500.0,"['hashing', 'implementation']"
1_C,2100.0,"['geometry', 'math']"
1_B,1600.0,"['implementation', 'math']"
1_A,1000.0,['math']
